2010-03-01,-404
2010-03-02,-744
2010-03-06,248
2010-03-08,-660
2010-03-11,-893
2010-03-16,-39
2010-03-17,380
2010-03-18,787
2010-03-21,-415
2010-03-25,-18
2010-03-26,622
2010-03-27,-79
2010-03-29,-719
2010-04-01,-593
2010-04-03,-6
2010-04-04,1017
2010-04-05,-244
2010-04-06,826
2010-04-10,439
2010-04-11,978
2010-04-13,-436
2010-04-14,654
2010-04-15,-345
2010-04-18,-101
2010-04-22,649
2010-04-23,-442
2010-04-24,874
2010-04-27,1004
2010-05-03,-261
2010-05-04,-890
2010-05-05,990
2010-05-06,-992
2010-05-08,-157
2010-05-11,-511
2010-05-14,-417
2010-05-17,-270
2010-05-19,-652
2010-05-20,-473
2010-05-24,-193
2010-05-27,-460
2010-05-28,460
2010-05-29,988
2010-05-30,-602
2010-06-01,-493
2010-06-03,-573
2010-06-05,559
2010-06-09,431
2010-06-11,600
2010-06-13,1046
2010-06-14,738
2010-06-16,-131
2010-06-20,-105
2010-06-22,1051
2010-06-29,378
2010-06-30,388
2010-07-02,544
2010-07-03,-12
2010-07-04,459
2010-07-05,580
2010-07-07,-683
2010-07-08,-569
2010-07-13,-380
2010-07-14,938
2010-07-15,181
2010-07-16,655
2010-07-19,-202
2010-07-20,-973
2010-07-21,-596
2010-07-22,994
2010-07-25,1075
2010-07-26,997
2010-07-31,-682
2010-08-01,982
2010-08-03,-793
2010-08-04,875
2010-08-06,-966
2010-08-08,-399
2010-08-10,714
2010-08-12,742
2010-08-13,39
2010-08-23,1057
2010-08-30,123
2010-09-01,-146
2010-09-02,-92
2010-09-06,-288
2010-09-11,910
2010-09-12,752
2010-09-16,-785
2010-09-18,763
2010-09-19,1026
2010-09-21,378
2010-09-22,559
2010-09-24,1036
2010-09-25,-852
2010-09-26,-522
2010-09-29,-826
2010-09-30,-237
2010-10-01,-97
2010-10-03,534
2010-10-08,920
2010-10-12,191
2010-10-14,-786
2010-10-15,-530
2010-10-18,881
2010-10-23,-453
2010-10-25,250
2010-10-29,-22
2010-11-05,943
2010-11-07,740
2010-11-08,433
2010-11-09,-731
2010-11-13,-125
2010-11-14,353
2010-11-16,482
2010-11-17,-442
2010-11-18,955
2010-11-21,-881
2010-11-22,-203
2010-11-25,-468
2010-12-04,27
2010-12-06,-683
2010-12-07,820
2010-12-08,1016
2010-12-09,-487
2010-12-15,584
2010-12-19,-898
2010-12-20,974
2010-12-30,-140
2010-12-31,-859
2011-01-01,-837
2011-01-06,-444
2011-01-08,-769
2011-01-09,-221
2011-01-11,305
2011-01-13,-722
2011-01-15,976
2011-01-16,-455
2011-01-17,102
2011-01-18,-872
2011-01-21,-967
2011-01-22,-221
2011-01-23,745
2011-01-24,-921
2011-01-26,130
2011-02-03,3
2011-02-04,-2
2011-02-07,-390
2011-02-10,-607
2011-02-13,978
2011-02-18,728
2011-02-19,134
2011-02-23,-837
2011-02-28,631
2011-03-02,325
2011-03-04,869
2011-03-06,-967
2011-03-09,-361
2011-03-14,850
2011-03-15,-438
2011-03-16,1034
2011-03-17,-821
2011-03-21,244
2011-03-24,254
2011-03-25,-279
2011-03-30,-571
2011-03-31,-927
2011-04-02,-365
2011-04-03,-174
2011-04-04,-698
2011-04-05,543
2011-04-08,150
2011-04-10,-84
2011-04-11,-7
2011-04-14,-463
2011-04-15,-531
2011-04-16,-208
2011-04-17,-865
2011-04-18,603
2011-04-19,159
2011-04-20,-931
2011-04-21,-930
2011-04-22,-571
2011-04-30,845
2011-05-02,517
2011-05-05,99
2011-05-08,559
2011-05-11,1012
2011-05-12,66
2011-05-13,-770
2011-05-15,-858
2011-05-16,297
2011-05-18,157
2011-05-22,732
2011-05-23,-401
2011-05-24,885
2011-05-25,-88
2011-05-27,815
2011-05-28,518
2011-05-31,630
2011-06-02,432
2011-06-03,79
2011-06-04,-545
2011-06-10,-103
2011-06-12,871
2011-06-14,77
2011-06-15,306
2011-06-16,210
2011-06-17,146
2011-06-19,205
2011-06-20,-978
2011-06-21,-706
2011-06-23,204
2011-06-28,1048
2011-06-29,512
2011-07-09,816
2011-07-10,633
2011-07-12,-757
2011-07-13,990
2011-07-20,370
2011-07-21,-603
2011-07-23,-86
2011-07-24,756
2011-07-25,-495
2011-07-26,-158
2011-07-29,-245
2011-07-30,717
2011-08-01,-749
2011-08-03,-238
2011-08-10,183
2011-08-13,-435
2011-08-15,1094
2011-08-17,-116
2011-08-18,905
2011-08-22,-189
2011-08-25,1051
2011-08-28,19
2011-08-29,646
2011-08-30,13
2011-08-31,338
2011-09-01,-756
2011-09-02,-818
2011-09-04,66
2011-09-07,-15
2011-09-12,-526
2011-09-16,-241
2011-09-28,-161
2011-09-29,-525
2011-09-30,330
2011-10-04,-600
2011-10-05,981
2011-10-14,970
2011-10-16,-821
2011-10-17,-474
2011-10-18,819
2011-10-19,-482
2011-10-20,-966
2011-11-03,628
2011-11-07,-997
2011-11-09,-465
2011-11-11,1072
2011-11-13,829
2011-11-14,546
2011-11-21,-258
2011-11-23,35
2011-11-25,578
2011-11-27,310
2011-11-28,697
2011-12-02,-449
2011-12-05,-269
2011-12-09,491
2011-12-11,243
2011-12-19,757
2011-12-20,-286
2011-12-23,191
2011-12-24,392
2011-12-25,634
2011-12-29,302
2012-01-02,-396
2012-01-03,749
2012-01-05,-423
2012-01-08,-167
2012-01-10,16
2012-01-11,-64
2012-01-16,562
2012-01-22,-457
2012-01-23,625
2012-01-24,-589
2012-01-31,822
2012-02-04,-722
2012-02-05,151
2012-02-07,-895
2012-02-19,351
2012-02-21,-120
2012-02-23,-380
2012-02-26,89
2012-02-28,-759
2012-03-02,-46
2012-03-05,110
2012-03-06,10
2012-03-07,138
2012-03-08,-871
2012-03-10,653
2012-03-11,911
2012-03-12,149
2012-03-17,-808
2012-03-21,306
2012-03-22,674
2012-03-25,1095
2012-03-26,201
2012-03-27,600
2012-03-29,650
2012-04-01,-453
2012-04-04,1080
2012-04-09,428
2012-04-10,281
2012-04-11,-331
2012-04-13,-466
2012-04-14,137
2012-04-19,274
2012-04-21,869
2012-04-23,525
2012-04-26,571
2012-04-27,55
2012-04-29,29
2012-05-03,1068
2012-05-10,-839
2012-05-11,156
2012-05-13,146
2012-05-15,-366
2012-05-19,24
2012-05-21,-82
2012-05-22,109
2012-05-23,-958
2012-05-25,1057
2012-05-26,-943
2012-05-27,370
2012-05-29,312
2012-05-30,1013
2012-06-06,192
2012-06-10,-500
2012-06-12,-156
2012-06-16,-660
2012-06-20,181
2012-06-21,-705
2012-06-23,208
2012-06-30,-856
2012-07-02,1030
2012-07-05,-824
2012-07-07,-518
2012-07-08,502
2012-07-09,883
2012-07-10,424
2012-07-11,23
2012-07-13,83
2012-07-18,-221
2012-07-19,-271
2012-07-21,49
2012-07-22,-620
2012-07-23,1046
2012-07-25,433
2012-07-26,-177
2012-07-29,655
2012-07-31,-851
2012-08-01,168
2012-08-03,-41
2012-08-04,-460
2012-08-05,186
2012-08-06,340
2012-08-07,3
2012-08-13,1067
2012-08-14,-739
2012-08-15,-289
2012-08-16,-396
2012-08-21,-42
2012-08-22,-1000
2012-08-23,-73
2012-08-24,-709
2012-08-27,-16
2012-08-30,550
2012-08-31,415
2012-09-01,-380
2012-09-02,-484
2012-09-05,-74
2012-09-08,566
2012-09-14,231
2012-09-15,5
2012-09-17,862
2012-09-18,475
2012-09-23,1065
2012-09-24,-838
2012-09-26,115
2012-09-28,938
2012-10-05,766
2012-10-06,-117
2012-10-08,-246
2012-10-10,812
2012-10-11,-108
2012-10-19,-188
2012-10-21,1040
2012-10-23,563
2012-10-25,-950
2012-10-27,-155
2012-10-28,131
2012-11-01,893
2012-11-04,108
2012-11-06,95
2012-11-07,295
2012-11-09,-851
2012-11-10,-973
2012-11-14,959
2012-11-15,764
2012-11-16,139
2012-11-17,-492
2012-11-18,422
2012-11-21,305
2012-11-22,-705
2012-11-23,160
2012-11-25,-319
2012-11-28,-70
2012-11-30,633
2012-12-06,-891
2012-12-09,-949
2012-12-11,311
2012-12-12,833
2012-12-13,591
2012-12-14,201
2012-12-15,-580
2012-12-16,-889
2012-12-22,499
2012-12-24,710
2012-12-27,752
2012-12-30,999
2013-01-05,830
2013-01-07,-861
2013-01-08,243
2013-01-09,-736
2013-01-10,714
2013-01-11,173
2013-01-12,390
2013-01-14,-606
2013-01-16,511
2013-01-17,-106
2013-01-18,700
2013-01-20,688
2013-01-23,899
2013-01-25,198
2013-01-26,-81
2013-01-31,956
2013-02-02,-970
2013-02-03,-107
2013-02-05,-948
2013-02-11,-362
2013-02-12,575
2013-02-14,-499
2013-02-18,113
2013-02-20,671
2013-02-22,421
2013-02-24,-823
2013-02-27,8
2013-03-03,-650
2013-03-04,745
2013-03-05,478
2013-03-07,-390
2013-03-08,626
2013-03-10,-673
2013-03-11,-683
2013-03-13,-585
2013-03-15,989
2013-03-16,-33
2013-03-18,106
2013-03-19,749
2013-03-20,-474
2013-03-23,47
2013-03-25,846
2013-03-27,-888
2013-03-30,-631
2013-04-01,-759
2013-04-02,1008
2013-04-04,658
2013-04-06,213
2013-04-07,-239
2013-04-10,126
2013-04-11,1035
2013-04-14,-989
2013-04-15,281
2013-04-18,344
2013-04-19,470
2013-04-20,-577
2013-04-22,-627
2013-04-24,967
2013-04-25,56
2013-04-26,631
2013-04-27,-847
2013-04-28,-131
2013-04-29,-962
2013-05-01,392
2013-05-05,922
2013-05-06,-94
2013-05-07,-255
2013-05-09,-906
2013-05-11,372
2013-05-15,13
2013-05-16,-825
2013-05-17,241
2013-05-24,-977
2013-05-27,-964
2013-05-30,-278
2013-06-02,286
2013-06-03,-172
2013-06-04,301
2013-06-06,1071
2013-06-08,-69
2013-06-13,145
2013-06-18,925
2013-06-21,-381
2013-06-24,-234
2013-06-25,-175
2013-06-27,1001
2013-06-28,-750
2013-07-01,708
2013-07-03,-682
2013-07-04,-919
2013-07-05,-575
2013-07-06,160
2013-07-07,-55
2013-07-08,1072
2013-07-10,-986
2013-07-19,754
2013-07-22,775
2013-07-24,580
2013-07-25,-284
2013-07-27,282
2013-07-30,-288
2013-07-31,-485
2013-08-01,19
2013-08-07,1047
2013-08-08,-472
2013-08-13,197
2013-08-16,991
2013-08-17,563
2013-08-18,377
2013-08-19,381
2013-08-20,-651
2013-08-21,-461
2013-08-22,393
2013-08-25,484
2013-08-31,-693
2013-09-01,854
2013-09-02,-161
2013-09-08,1081
2013-09-09,266
2013-09-10,88
2013-09-12,-219
2013-09-13,-409
2013-09-15,-853
2013-09-16,-536
2013-09-18,-88
2013-09-19,-440
2013-09-23,809
2013-09-26,620
2013-09-27,308
2013-09-28,343
2013-09-29,383
2013-09-30,-843
2013-10-05,543
2013-10-09,1054
2013-10-11,640
2013-10-12,-367
2013-10-13,-889
2013-10-21,-75
2013-10-22,416
2013-10-24,-313
2013-10-27,28
2013-10-28,564
2013-11-04,1061
2013-11-06,-776
2013-11-07,717
2013-11-08,516
2013-11-09,-90
2013-11-10,-697
2013-11-11,-293
2013-11-14,-586
2013-11-16,219
2013-11-18,-45
2013-11-19,-320
2013-11-20,365
2013-11-21,-1000
2013-11-22,-196
2013-11-24,344
2013-11-26,825
2013-11-28,-782
2013-11-29,-88
2013-12-03,154
2013-12-07,964
2013-12-08,-649
2013-12-13,238
2013-12-16,1086
2013-12-17,-217
2013-12-19,712
2013-12-21,-291
2013-12-22,-552
2013-12-26,54
2013-12-29,-212
2014-01-01,874
2014-01-05,-121
2014-01-07,-96
2014-01-10,292
2014-01-16,-859
2014-01-18,476
2014-01-19,662
2014-01-20,197
2014-01-21,-645
2014-01-24,143
2014-01-29,-824
2014-01-30,844
2014-02-03,-898
2014-02-06,837
2014-02-08,-439
2014-02-10,276
2014-02-13,-886
2014-02-17,-921
2014-02-19,613
2014-02-23,-184
2014-02-24,757
2014-02-26,1021
2014-02-27,36
2014-02-28,127
2014-03-01,1038
2014-03-07,-149
2014-03-09,-37
2014-03-10,-36
2014-03-14,653
2014-03-15,-989
2014-03-18,304
2014-03-21,1098
2014-03-23,-492
2014-03-25,116
2014-03-28,-840
2014-03-29,272
2014-03-30,253
2014-04-01,-76
2014-04-03,-412
2014-04-16,-86
2014-04-17,-140
2014-04-24,-142
2014-04-26,-631
2014-04-28,-541
2014-05-01,-779
2014-05-03,-348
2014-05-05,-328
2014-05-06,719
2014-05-07,181
2014-05-09,954
2014-05-11,835
2014-05-13,585
2014-05-15,-925
2014-05-18,-507
2014-05-19,-585
2014-05-20,-579
2014-05-22,849
2014-05-24,810
2014-05-25,-332
2014-05-26,55
2014-05-29,-704
2014-05-30,746
2014-06-04,-691
2014-06-06,-401
2014-06-14,46
2014-06-15,1018
2014-06-16,489
2014-06-22,883
2014-06-30,198
2014-07-08,597
2014-07-09,509
2014-07-11,-347
2014-07-12,-508
2014-07-13,-672
2014-07-17,826
2014-07-19,21
2014-07-20,1095
2014-07-21,223
2014-07-25,475
2014-07-26,341
2014-08-02,-475
2014-08-10,144
2014-08-14,-511
2014-08-15,828
2014-08-19,639
2014-08-20,-728
2014-08-21,-102
2014-08-23,-495
2014-08-26,1067
2014-08-29,-144
2014-08-31,18
2014-09-03,587
2014-09-05,-967
2014-09-09,-992
2014-09-13,871
2014-09-14,-350
2014-09-19,547
2014-09-20,462
2014-09-22,-602
2014-09-24,657
2014-09-26,762
2014-09-27,988
2014-10-02,835
2014-10-03,158
2014-10-06,1013
2014-10-08,-12
2014-10-09,1008
2014-10-11,-99
2014-10-12,1041
2014-10-13,-516
2014-10-14,-623
2014-10-17,110
2014-10-21,437
2014-10-22,298
2014-10-25,848
2014-10-28,442
2014-10-30,879
2014-11-01,380
2014-11-05,-335
2014-11-06,1073
2014-11-07,506
2014-11-08,-569
2014-11-09,785
2014-11-11,131
2014-11-18,-618
2014-11-19,126
2014-11-21,-312
2014-11-30,-63
2014-12-02,862
2014-12-04,24
2014-12-05,-58
2014-12-07,509
2014-12-11,8
2014-12-13,92
2014-12-15,768
2014-12-20,-342
2014-12-22,763
2014-12-23,-765
2014-12-25,248
2014-12-30,-695
2014-12-31,-542
2015-01-04,724
2015-01-05,271
2015-01-10,-416
2015-01-11,768
2015-01-12,-673
2015-01-16,470
2015-01-18,-33
2015-01-24,-256
2015-01-27,737
2015-01-28,-770
2015-01-29,295
2015-01-31,213
2015-02-02,-126
2015-02-04,1006
2015-02-06,491
2015-02-08,614
2015-02-13,425
2015-02-14,152
2015-02-19,861
2015-03-02,-90
2015-03-03,-14
2015-03-09,120
2015-03-11,574
2015-03-13,666
2015-03-14,-534
2015-03-17,-918
2015-03-20,170
2015-03-21,-687
2015-03-22,407
2015-03-27,-162
2015-03-29,281
2015-03-30,-241
2015-03-31,892
2015-04-01,888
2015-04-06,377
2015-04-09,-37
2015-04-14,288
2015-04-17,646
2015-04-18,-42
2015-04-22,957
2015-04-23,119
2015-04-24,-197
2015-04-26,-249
2015-04-27,-240
2015-04-28,566
2015-04-30,-991
2015-05-03,113
2015-05-04,850
2015-05-05,-691
2015-05-06,-906
2015-05-14,-895
2015-05-17,-677
2015-05-18,1069
2015-05-20,-854
2015-05-21,907
2015-05-24,-161
2015-05-27,292
2015-05-30,512
2015-06-02,-250
2015-06-07,443
2015-06-10,953
2015-06-15,197
2015-06-16,957
2015-06-20,650
2015-06-22,873
2015-06-24,302
2015-06-25,-987
2015-06-27,658
2015-06-28,-446
2015-06-30,914
2015-07-02,-980
2015-07-03,609
2015-07-06,-498
2015-07-07,-397
2015-07-10,4
2015-07-11,114
2015-07-13,1077
2015-07-14,1082
2015-07-15,749
2015-07-24,444
2015-07-26,762
2015-07-27,-627
2015-07-31,337
2015-08-01,-225
2015-08-02,107
2015-08-09,-965
2015-08-12,315
2015-08-15,-260
2015-08-22,-328
2015-08-25,941
2015-08-26,-158
2015-08-27,162
2015-08-28,318
2015-09-02,-971
2015-09-03,128
2015-09-04,122
2015-09-08,-883
2015-09-10,722
2015-09-11,801
2015-09-13,-233
2015-09-15,-525
2015-09-16,24
2015-09-18,-300
2015-09-23,-169
2015-10-04,122
2015-10-06,1045
2015-10-07,58
2015-10-08,170
2015-10-09,-433
2015-10-12,-521
2015-10-18,1038
2015-10-19,615
2015-10-21,-119
2015-10-22,-904
2015-10-23,577
2015-10-24,-490
2015-10-26,1073
2015-10-27,1025
2015-11-03,-255
2015-11-07,625
2015-11-08,-644
2015-11-09,-461
2015-11-12,-340
2015-11-13,-81
2015-11-14,891
2015-11-15,852
2015-11-21,981
2015-11-22,-302
2015-11-24,-180
2015-11-25,953
2015-11-30,1088
2015-12-04,506
2015-12-12,-874
2015-12-13,-957
2015-12-14,911
2015-12-17,-832
2015-12-18,804
2015-12-19,415
2015-12-21,-523
2015-12-24,-203
2015-12-25,680
2015-12-27,561
2015-12-28,74
2016-01-05,201
2016-01-06,600
2016-01-07,939
2016-01-08,-420
2016-01-09,896
2016-01-10,-818
2016-01-11,905
2016-01-12,228
2016-01-14,-140
2016-01-17,648
2016-01-19,543
2016-01-21,868
2016-01-24,481
2016-01-25,-578
2016-01-29,-159
2016-01-31,251
2016-02-04,-592
2016-02-08,-783
2016-02-09,-743
2016-02-12,618
2016-02-13,-297
2016-02-18,1013
2016-02-19,-491
2016-02-20,384
2016-02-25,-110
2016-02-28,1066
2016-02-29,932
2016-03-01,-708
2016-03-03,1099
2016-03-04,291
2016-03-10,460
2016-03-11,-737
2016-03-12,-245
2016-03-14,-185
2016-03-15,-373
2016-03-16,93
2016-03-18,457
2016-03-19,-185
2016-03-20,-7
2016-03-21,-876
2016-03-22,-92
2016-03-24,-166
2016-03-25,-128
2016-03-28,154
2016-03-29,-737
2016-03-30,-1000
2016-04-03,-510
2016-04-05,-514
2016-04-07,-434
2016-04-08,-974
2016-04-12,-981
2016-04-15,1078
2016-04-16,468
2016-04-18,-122
2016-04-19,-195
2016-04-21,-684
2016-04-25,-968
2016-05-05,-425
2016-05-06,1012
2016-05-07,1002
2016-05-08,990
2016-05-09,-614
2016-05-10,855
2016-05-11,193
2016-05-16,-291
2016-05-17,-925
2016-05-19,-105
2016-05-21,972
2016-05-22,-321
2016-05-23,336
2016-05-26,-500
2016-05-28,868
2016-05-30,-502
2016-05-31,-366
2016-06-01,-341
2016-06-02,-563
2016-06-05,-749
2016-06-07,742
2016-06-11,-193
2016-06-14,-646
2016-06-16,-337
2016-06-18,526
2016-06-19,-700
2016-06-22,111
2016-06-25,43
2016-06-29,1056
2016-07-03,-587
2016-07-09,-632
2016-07-10,38
2016-07-12,-897
2016-07-13,-763
2016-07-14,-494
2016-07-15,-888
2016-07-16,-931
2016-07-20,-366
2016-07-21,1081
2016-07-22,-855
2016-07-23,19
2016-07-26,730
2016-07-28,942
2016-07-30,-676
2016-07-31,195
2016-08-05,-881
2016-08-06,-354
2016-08-08,338
2016-08-10,335
2016-08-11,403
2016-08-15,-879
2016-08-17,-31
2016-08-18,1046
2016-08-20,116
2016-08-24,-609
2016-08-26,-599
2016-08-28,447
2016-09-02,-665
2016-09-05,137
2016-09-06,34
2016-09-12,-894
2016-09-13,451
2016-09-16,-385
2016-09-17,-95
2016-09-20,748
2016-09-22,-780
2016-09-25,-988
2016-09-27,-256
2016-09-29,-993
2016-09-30,-7
2016-10-02,-783
2016-10-03,-306
2016-10-04,299
2016-10-10,928
2016-10-11,-439
2016-10-12,749
2016-10-13,-137
2016-10-14,1096
2016-10-19,624
2016-10-20,-659
2016-10-24,934
2016-10-26,-942
2016-10-27,546
2016-10-28,571
2016-11-02,-245
2016-11-03,-438
2016-11-06,-878
2016-11-08,-220
2016-11-16,987
2016-11-26,350
2016-11-28,-458
2016-11-29,805
2016-12-01,306
2016-12-04,1065
2016-12-13,-805
2016-12-24,-129
2016-12-31,-629
2017-01-01,463
2017-01-03,-595
2017-01-04,107
2017-01-06,-849
2017-01-08,-818
2017-01-19,-679
2017-01-24,-701
2017-01-25,546
2017-01-26,855
2017-01-27,467
2017-01-29,-91
2017-01-30,1062
2017-01-31,337
2017-02-02,-753
2017-02-04,-233
2017-02-05,536
2017-02-07,-296
2017-02-08,558
2017-02-09,-213
2017-02-11,778
2017-02-13,-75
2017-02-16,66
2017-02-19,-725
2017-02-22,-630
2017-02-24,701
2017-02-25,60
2017-02-26,576
2017-02-27,-856
2017-03-02,200
2017-03-10,305
2017-03-11,553
2017-03-18,373
2017-03-24,-86
2017-03-25,-465
2017-03-26,-515
2017-03-30,683
2017-04-04,-142
2017-04-07,186
2017-04-08,108
2017-04-10,135
2017-04-12,-758
2017-04-14,-318
2017-04-18,459
2017-04-20,-462
2017-04-21,-287
2017-04-22,-186
2017-04-23,706
2017-04-30,867
2017-05-01,-589
2017-05-02,935
2017-05-05,-756
2017-05-07,153
2017-05-09,-57
2017-05-14,-634
2017-05-17,641
2017-05-19,182
2017-05-26,-463
2017-05-30,-783
2017-05-31,-454
2017-06-01,-870
2017-06-02,756
2017-06-03,-169
2017-06-07,-561
2017-06-12,-571
2017-06-13,790
2017-06-14,370
2017-06-15,664
2017-06-16,-124
2017-06-20,607
2017-06-21,269
2017-06-22,-579
2017-06-23,-862
2017-06-26,172
2017-06-27,-332
2017-06-29,151
2017-07-03,130
2017-07-04,-306
2017-07-08,342
2017-07-09,764
2017-07-10,785
2017-07-12,-473
2017-07-13,-782
2017-07-15,453
2017-07-16,-536
2017-07-20,519
2017-07-21,-350
2017-07-22,-192
2017-07-23,-382
2017-07-24,-46
2017-07-25,602
2017-07-26,171
2017-07-28,925
2017-08-05,739
2017-08-07,133
2017-08-09,136
2017-08-10,266
2017-08-11,-211
2017-08-17,-76
2017-08-18,-587
2017-08-21,-287
2017-08-22,311
2017-08-26,101
2017-08-27,-51
2017-08-28,775
2017-08-31,859
2017-09-02,-298
2017-09-05,-735
2017-09-07,-541
2017-09-09,76
2017-09-10,739
2017-09-17,937
2017-09-19,-4
2017-09-21,-919
2017-09-22,-725
2017-09-23,-646
2017-09-25,-705
2017-09-29,-44
2017-09-30,364
2017-10-02,-778
2017-10-06,179
2017-10-10,-785
2017-10-11,458
2017-10-13,1083
2017-10-23,-67
2017-10-24,911
2017-10-27,-893
2017-11-02,-990
2017-11-05,-452
2017-11-07,642
2017-11-08,760
2017-11-11,649
2017-11-15,696
2017-11-16,-19
2017-11-17,54
2017-11-18,-671
2017-11-21,641
2017-11-22,242
2017-11-23,-235
2017-11-24,394
2017-11-25,285
2017-11-26,-135
2017-12-01,-535
2017-12-07,41
2017-12-10,1010
2017-12-11,-991
2017-12-16,223
2017-12-20,-765
2017-12-25,-664
2017-12-27,148
2017-12-29,-732
2018-01-01,-79
2018-01-05,663
2018-01-06,-579
2018-01-11,161
2018-01-13,999
2018-01-16,-112
2018-01-17,-936
2018-01-27,-889
2018-02-01,400
2018-02-03,-638
2018-02-04,310
2018-02-05,637
2018-02-06,1025
2018-02-08,713
2018-02-09,-834
2018-02-10,1060
2018-02-15,462
2018-02-18,-897
2018-02-23,46
2018-02-26,974
2018-03-04,-372
2018-03-08,-392
2018-03-09,-589
2018-03-11,333
2018-03-12,721
2018-03-14,-473
2018-03-15,-451
2018-03-16,765
2018-03-17,-880
2018-03-18,-996
2018-03-20,687
2018-03-22,-8
2018-03-23,696
2018-03-25,-149
2018-04-02,-460
2018-04-04,-43
2018-04-09,902
2018-04-10,352
2018-04-17,437
2018-04-18,-574
2018-04-23,121
2018-04-26,240
2018-04-30,-63
2018-05-01,253
2018-05-02,-685
2018-05-03,741
2018-05-05,211
2018-05-07,-168
2018-05-09,624
2018-05-10,-929
2018-05-15,-297
2018-05-22,988
2018-05-23,1077
2018-05-26,-89
2018-05-28,285
2018-05-30,-118
2018-05-31,559
2018-06-01,-165
2018-06-02,-769
2018-06-09,-184
2018-06-10,146
2018-06-11,-811
2018-06-12,800
2018-06-17,148
2018-06-19,-910
2018-06-20,-60
2018-06-22,435
2018-06-27,-412
2018-06-30,312
2018-07-03,-524
2018-07-07,455
2018-07-09,70
2018-07-16,447
2018-07-18,726
2018-07-19,1084
2018-07-21,286
2018-07-23,-328
2018-07-24,712
2018-07-25,-885
2018-07-28,712
2018-08-03,-694
2018-08-05,-759
2018-08-07,-554
2018-08-09,193
2018-08-10,823
2018-08-11,149
2018-08-13,762
2018-08-14,545
2018-08-18,-627
2018-08-23,983
2018-08-25,433
2018-08-31,-204
2018-09-04,-381
2018-09-07,833
2018-09-08,767
2018-09-10,222
2018-09-11,639
2018-09-13,-259
2018-09-14,-864
2018-09-15,625
2018-09-16,577
2018-09-18,-933
2018-09-20,-208
2018-09-22,1074
2018-09-23,64
2018-09-30,671
2018-10-01,-612
2018-10-06,544
2018-10-09,-465
2018-10-11,-560
2018-10-15,896
2018-10-16,-788
2018-10-18,-437
2018-10-23,632
2018-10-25,668
2018-10-26,-990
2018-10-30,-226
2018-10-31,291
2018-11-02,1050
2018-11-03,-120
2018-11-05,853
2018-11-06,834
2018-11-07,-394
2018-11-08,687
2018-11-09,-729
2018-11-10,1035
2018-11-15,42
2018-11-17,-262
2018-11-18,33
2018-11-19,1023
2018-11-23,-983
2018-11-25,5
2018-11-26,-531
2018-11-27,-68
2018-11-28,-764
2018-11-29,887
2018-12-03,93
2018-12-04,-157
2018-12-05,-299
2018-12-06,798
2018-12-07,991
2018-12-08,860
2018-12-09,498
2018-12-12,201
2018-12-13,-666
2018-12-14,-43
2018-12-16,-152
2018-12-23,231
2018-12-27,196
2018-12-28,-14
2018-12-29,-299
2019-01-02,-809
2019-01-03,-398
2019-01-04,722
2019-01-07,761
2019-01-16,798
2019-01-17,-20
2019-01-25,-480
2019-01-30,-807
2019-01-31,742
2019-02-01,-958
2019-02-13,-602
2019-02-14,125
2019-02-19,-404
2019-02-22,307
2019-02-23,-57
2019-02-25,4
2019-02-27,980
2019-02-28,969
2019-03-01,468
2019-03-02,-417
2019-03-04,951
2019-03-06,-547
2019-03-08,463
2019-03-13,-799
2019-03-15,-800
2019-03-16,790
2019-03-17,635
2019-03-21,752
2019-03-26,1056
2019-03-27,32
2019-03-31,-374
2019-04-02,-278
2019-04-03,261
2019-04-04,-472
2019-04-05,-420
2019-04-07,515
2019-04-11,846
2019-04-13,-587
2019-04-14,-513
2019-04-15,198
2019-04-19,-81
2019-04-21,1089
2019-05-02,359
2019-05-04,916
2019-05-08,200
2019-05-11,585
2019-05-13,248
2019-05-14,-831
2019-05-15,-356
2019-05-17,-263
2019-05-18,-344
2019-05-20,-886
2019-05-22,53
2019-05-24,819
2019-05-26,-129
2019-05-30,-421
2019-06-01,677
2019-06-05,859
2019-06-06,-636
2019-06-07,677
2019-06-13,-733
2019-06-14,-693
2019-06-15,81
2019-06-19,-259
2019-06-21,740
2019-06-22,180
2019-06-25,-849
2019-06-27,-520
2019-06-28,-285
2019-07-01,150
2019-07-03,-445
2019-07-05,-448
2019-07-07,-532
2019-07-08,278
2019-07-09,990
2019-07-12,-784
2019-07-13,929
2019-07-14,221
2019-07-15,59
2019-07-23,-152
2019-07-25,-992
2019-08-02,77
2019-08-05,273
2019-08-06,1029
2019-08-08,-989
2019-08-13,85
2019-08-17,-527
2019-08-18,690
2019-08-20,187
2019-08-22,970
2019-08-23,669
2019-08-24,-799
2019-08-26,-451
2019-08-27,595
2019-08-28,749
2019-08-29,573
2019-08-31,80
2019-09-01,-797
2019-09-02,1062
2019-09-03,968
2019-09-05,772
2019-09-07,-743
2019-09-08,-518
2019-09-11,1018
2019-09-12,285
2019-09-16,551
2019-09-17,-861
2019-09-22,291
2019-09-23,35
2019-09-27,916
2019-09-28,-849
2019-09-29,-151
2019-09-30,178
2019-10-01,387
2019-10-04,-548
2019-10-05,484
2019-10-07,471
2019-10-09,-373
2019-10-13,562
2019-10-14,-299
2019-10-15,783
2019-10-16,-598
2019-10-17,-720
2019-10-18,532
2019-10-19,987
2019-10-22,323
2019-10-27,-976
2019-10-29,-917
2019-10-31,197
2019-11-01,-339
2019-11-03,-102
2019-11-04,-310
2019-11-08,-466
2019-11-09,156
2019-11-20,-428
2019-11-21,-497
2019-11-23,330
2019-11-24,-871
2019-11-28,-894
2019-11-29,-470
2019-12-02,728
2019-12-07,167
2019-12-14,494
2019-12-17,-470
2019-12-18,-793
2019-12-24,-136
2019-12-25,676
2019-12-26,715
2019-12-28,324
2020-01-01,1046
2020-01-05,402
2020-01-06,418
2020-01-07,-81
2020-01-12,-105
2020-01-22,-724
2020-01-24,694
2020-01-25,-518
2020-01-26,498
2020-02-01,-399
2020-02-03,301
2020-02-04,564
2020-02-06,-905
2020-02-09,-594
2020-02-11,-764
2020-02-13,573
2020-02-17,541
2020-02-20,-308
2020-02-24,-822
2020-02-25,960
2020-02-26,657
2020-02-27,569
2020-02-28,615
2020-03-01,856
2020-03-02,437
2020-03-03,16
2020-03-08,120
2020-03-09,77
2020-03-10,-182
2020-03-12,334
2020-03-13,-647
2020-03-23,558
2020-03-24,-550
2020-03-25,1018
2020-03-27,-558
2020-03-30,272
2020-04-05,-911
2020-04-07,-909
2020-04-16,456
2020-04-18,89
2020-04-19,685
2020-04-20,-733
2020-04-21,298
2020-04-24,-815
2020-04-26,663
2020-04-28,744
2020-05-02,-155
2020-05-08,779
2020-05-09,853
2020-05-13,47
2020-05-15,972
2020-05-16,-737
2020-05-17,-420
2020-05-18,81
2020-05-19,322
2020-05-25,721
2020-05-26,-234
2020-05-27,936
2020-05-28,-726
2020-06-02,579
2020-06-03,-461
2020-06-06,792
2020-06-07,226
2020-06-08,-558
2020-06-09,684
2020-06-11,807
2020-06-12,-676
2020-06-18,-600
2020-06-19,-37
2020-06-22,-599
2020-06-24,80
2020-06-30,-490
2020-07-05,1059
2020-07-08,-921
2020-07-11,605
2020-07-12,637
2020-07-16,811
2020-07-17,-8
2020-07-25,175
2020-07-27,1092
2020-07-30,-349
2020-07-31,655
2020-08-02,-550
2020-08-05,281
2020-08-07,461
2020-08-12,1071
2020-08-15,-622
2020-08-18,-83
2020-08-24,272
2020-08-25,-796
2020-08-27,419
2020-08-28,882
2020-08-29,-490
2020-09-02,777
2020-09-03,-527
2020-09-11,817
2020-09-21,-610
2020-09-22,-179
2020-09-23,111
2020-09-28,-965
2020-10-01,360
2020-10-03,613
2020-10-05,871
2020-10-06,621
2020-10-10,-934
2020-10-12,-676
2020-10-13,-82
2020-10-14,415
2020-10-15,-328
2020-10-17,585
2020-10-18,824
2020-10-21,1076
2020-10-23,1066
2020-10-24,580
2020-10-25,280
2020-10-27,887
2020-10-28,-954
2020-10-29,69
2020-10-31,106
2020-11-03,-172
2020-11-06,716
2020-11-10,-946
2020-11-12,1077
2020-11-13,19
2020-11-16,-237
2020-11-17,568
2020-11-18,444
2020-11-19,-253
2020-11-24,-923
2020-11-27,-787
2020-11-29,753
2020-12-05,-343
2020-12-06,105
2020-12-09,-631
2020-12-10,1029
2020-12-12,91
2020-12-15,347
2020-12-16,189
2020-12-17,-6
2020-12-18,-231
2020-12-19,-290
2020-12-22,413
2020-12-24,-196
2020-12-26,-297
2020-12-27,974
2020-12-28,-916
2020-12-31,717
2021-01-03,975
2021-01-05,476
2021-01-06,320
2021-01-07,1021
2021-01-08,681
2021-01-12,272
2021-01-13,1060
2021-01-17,-512
2021-01-18,-920
2021-01-20,-824
2021-01-21,-308
2021-01-27,-590
2021-01-28,117
2021-01-29,-411
2021-01-30,317
2021-02-01,-944
2021-02-02,564
2021-02-04,-863
2021-02-05,914
2021-02-11,0
2021-02-13,-120
2021-02-14,-8
2021-02-17,166
2021-02-18,1025
2021-02-21,-260
2021-02-23,-615
2021-02-26,775
2021-03-03,-429
2021-03-04,9
2021-03-07,-869
2021-03-08,780
2021-03-10,-799
2021-03-12,334
2021-03-13,1060
2021-03-14,689
2021-03-16,-820
2021-03-22,955
2021-03-23,1095
2021-03-26,-54
2021-03-28,-633
2021-03-29,388
2021-03-31,-672
2021-04-04,-408
2021-04-06,-897
2021-04-07,-275
2021-04-09,797
2021-04-12,51
2021-04-17,-763
2021-04-19,231
2021-04-20,-658
2021-04-27,458
2021-05-01,-682
2021-05-02,948
2021-05-03,69
2021-05-04,1072
2021-05-05,-957
2021-05-07,-450
2021-05-14,-255
2021-05-16,419
2021-05-19,483
2021-05-22,-119
2021-05-26,-82
2021-05-30,-781
2021-06-01,-283
2021-06-07,-553
2021-06-08,-336
2021-06-09,1091
2021-06-11,905
2021-06-12,-533
2021-06-15,-272
2021-06-19,404
2021-06-21,851
2021-06-22,253
2021-06-23,697
2021-06-25,-374
2021-06-26,26
2021-06-27,-329
2021-06-29,-789
2021-06-30,309
2021-07-03,755
2021-07-06,-897
2021-07-08,-888
2021-07-10,145
2021-07-11,-648
2021-07-12,739
2021-07-13,-127
2021-07-18,922
2021-07-20,426
2021-07-21,-335
2021-07-22,445
2021-07-23,-171
2021-07-25,-424
2021-07-27,94
2021-07-28,-886
2021-07-29,386
2021-07-30,1016
2021-08-03,-430
2021-08-04,-764
2021-08-05,-382
2021-08-07,-875
2021-08-08,-569
2021-08-13,-571
2021-08-15,76
2021-08-16,-113
2021-08-18,-115
2021-08-20,-544
2021-08-24,-353
2021-08-25,-326
2021-08-26,290
2021-08-27,-807
2021-08-30,45
2021-08-31,440
2021-09-01,530
2021-09-05,-675
2021-09-06,1007
2021-09-07,-228
2021-09-10,1037
2021-09-13,-247
2021-09-17,-148
2021-09-20,-184
2021-09-22,162
2021-09-23,503
2021-09-25,723
2021-09-27,-799
2021-09-28,-599
2021-09-30,-992
2021-10-01,1015
2021-10-09,596
2021-10-11,631
2021-10-12,-46
2021-10-16,-548
2021-10-17,-703
2021-10-18,-850
2021-10-23,723
2021-10-25,-13
2021-10-26,-791
2021-10-29,-882
2021-10-30,822
2021-11-02,762
2021-11-05,-562
2021-11-10,-243
2021-11-11,-711
2021-11-12,453
2021-11-15,845
2021-11-16,185
2021-11-18,-17
2021-11-21,697
2021-11-23,-163
2021-11-24,-162
2021-11-25,-85
2021-11-29,-309
2021-12-02,706
2021-12-09,325
2021-12-14,916
2021-12-15,109
2021-12-16,906
2021-12-21,736
2021-12-25,113
2021-12-31,258
2022-01-01,-85
2022-01-03,285
2022-01-05,-536
2022-01-10,445
2022-01-11,-822
2022-01-13,395
2022-01-17,-834
2022-01-21,614
2022-01-24,-987
2022-01-25,-160
2022-01-26,-64
2022-01-27,628
2022-01-31,-400
2022-02-03,595
2022-02-05,-89
2022-02-07,-735
2022-02-09,503
2022-02-10,-672
2022-02-13,-745
2022-02-14,-603
2022-02-17,833
2022-02-20,127
2022-02-22,748
2022-02-28,563
2022-03-02,-123
2022-03-06,34
2022-03-07,693
2022-03-08,650
2022-03-10,-734
2022-03-11,-431
2022-03-12,246
2022-03-13,-430
2022-03-14,929
2022-03-17,-969
2022-03-22,-903
2022-03-23,573
2022-03-24,-795
2022-03-26,-665
2022-03-27,763
2022-03-29,-584
2022-03-30,-285
2022-04-02,-39
2022-04-08,595
2022-04-11,-295
2022-04-12,528
2022-04-13,-137
2022-04-14,-787
2022-04-15,-796
2022-04-16,245
2022-04-17,326
2022-04-18,-205
2022-04-24,1050
2022-04-26,-134
2022-04-29,498
2022-04-30,338
2022-05-07,-987
2022-05-08,-274
2022-05-09,864
2022-05-16,-689
2022-05-21,-466
2022-05-22,-852
2022-05-26,1032
2022-05-27,942
2022-05-30,-745
2022-06-01,856
2022-06-02,751
2022-06-03,-326
2022-06-05,-984
2022-06-07,-522
2022-06-08,961
2022-06-09,4
2022-06-11,-987
2022-06-12,206
2022-06-14,-100
2022-06-15,1075
2022-06-17,-308
2022-06-19,-332
2022-06-29,-865
2022-07-01,-606
2022-07-10,-702
2022-07-11,437
2022-07-14,-867
2022-07-15,-593
2022-07-16,1094
2022-07-18,1084
2022-07-19,411
2022-07-20,-674
2022-07-21,415
2022-07-22,-209
2022-07-28,264
2022-07-30,-791
2022-07-31,-148
2022-08-07,307
2022-08-09,754
2022-08-12,626
2022-08-13,-730
2022-08-14,220
2022-08-15,-598
2022-08-16,585
2022-08-17,-794
2022-08-19,-351
2022-08-21,-680
2022-08-22,-843
2022-08-24,933
2022-08-28,-413
2022-08-29,192
2022-08-31,-775
2022-09-01,710
2022-09-04,-186
2022-09-05,788
2022-09-09,-416
2022-09-11,52
2022-09-12,453
2022-09-13,1001
2022-09-14,49
2022-09-15,-459
2022-09-20,656
2022-09-27,-737
2022-09-29,840
2022-09-30,296
2022-10-02,-101
2022-10-06,-706
2022-10-08,956
2022-10-16,265
2022-10-18,-181
2022-10-19,18
2022-10-24,323
2022-10-25,399
2022-10-28,588
2022-11-01,736
2022-11-03,908
2022-11-06,553
2022-11-07,-693
2022-11-10,89
2022-11-14,294
2022-11-15,221
2022-11-16,-725
2022-11-18,-46
2022-11-19,-489
2022-11-22,-643
2022-11-24,-885
2022-11-26,-502
2022-11-27,-464
2022-11-29,-616
2022-12-04,108
2022-12-09,61
2022-12-14,411
2022-12-16,-51
2022-12-17,955
2022-12-20,846
2022-12-21,-658
2022-12-24,5
2022-12-25,689
2022-12-28,-449
2023-01-03,-659
2023-01-05,990
2023-01-07,540
2023-01-11,13
2023-01-13,324
2023-01-16,967
2023-01-19,1092
2023-01-22,773
2023-01-24,261
2023-01-26,736
2023-01-27,-159
2023-01-28,-6
2023-01-31,-943
2023-02-05,-797
2023-02-06,-568
2023-02-10,198
2023-02-11,1001
2023-02-12,1030
2023-02-18,-334
2023-02-23,1092
2023-02-26,194
2023-03-01,-41
2023-03-04,-747
2023-03-05,538
2023-03-07,227
2023-03-11,-93
2023-03-13,-194
2023-03-14,255
2023-03-15,302
2023-03-16,-979
2023-03-17,-60
2023-03-19,-867
2023-03-23,699
2023-04-01,60
2023-04-02,-602
2023-04-03,112
2023-04-06,-440
2023-04-07,-287
2023-04-08,-217
2023-04-10,-258
2023-04-11,-786
2023-04-12,-647
2023-04-14,616
2023-04-15,365
2023-04-20,-419
2023-04-22,-844
2023-04-24,-4
2023-04-27,-429
2023-05-01,-976
2023-05-05,1099
2023-05-07,-28
2023-05-11,-282
2023-05-12,-878
2023-05-16,914
2023-05-17,-599
2023-05-19,-572
2023-05-20,772
2023-05-27,87
2023-05-28,642
2023-05-29,-569
2023-06-02,529
2023-06-03,1008
2023-06-04,-934
2023-06-06,-167
2023-06-10,-300
2023-06-12,-805
2023-06-13,923
2023-06-15,995
2023-06-16,722
2023-06-21,-704
2023-06-23,156
2023-06-25,716
2023-06-28,587
2023-07-03,-254
2023-07-10,1030
2023-07-12,-832
2023-07-14,-836
2023-07-17,-105
2023-07-21,-982
2023-07-25,41
2023-07-26,780
2023-07-27,593
2023-07-28,-307
2023-07-31,-227
2023-08-04,-685
2023-08-05,-20
2023-08-06,-77
2023-08-10,-910
2023-08-12,-629
2023-08-13,-472
2023-08-14,-880
2023-08-19,-31
2023-08-23,-452
2023-08-25,-857
2023-08-26,894
2023-08-29,-728
2023-08-30,68
2023-08-31,334
2023-09-01,-329
2023-09-02,-436
2023-09-04,-169
2023-09-11,-356
2023-09-15,-462
2023-09-19,-591
2023-09-20,768
2023-09-21,-155
2023-09-22,431
2023-09-24,-202
2023-09-25,-181
2023-09-26,-127
2023-09-28,-264
2023-10-01,-920
2023-10-06,622
2023-10-07,-647
2023-10-09,400
2023-10-11,-712
2023-10-12,-554
2023-10-13,-272
2023-10-14,813
2023-10-16,-799
2023-10-20,-139
2023-10-24,947
2023-10-25,992
2023-10-26,-116
2023-10-27,367
2023-10-30,-203
2023-11-01,-660
2023-11-02,1042
2023-11-03,-892
2023-11-08,1007
2023-11-10,-924
2023-11-15,762
2023-11-16,-311
2023-11-17,642
2023-11-21,-682
2023-11-25,-496
2023-11-26,124
2023-11-28,505
2023-11-29,-568
2023-12-01,-488
2023-12-03,-322
2023-12-04,-855
2023-12-06,-232
2023-12-08,-278
2023-12-10,486
2023-12-11,770
2023-12-20,-955
2023-12-24,956
2023-12-26,1032
2023-12-28,-278
