2010-03-01,-500
2010-03-09,-559
2010-03-11,437
2010-03-12,751
2010-03-14,445
2010-03-16,-230
2010-03-17,-704
2010-03-20,200
2010-03-22,955
2010-03-23,-949
2010-03-25,450
2010-03-28,637
2010-03-30,124
2010-04-04,-244
2010-04-06,-379
2010-04-07,138
2010-04-10,396
2010-04-15,-370
2010-04-16,1083
2010-04-17,-947
2010-04-19,-359
2010-04-20,692
2010-04-23,93
2010-04-24,-674
2010-04-29,-112
2010-05-05,1033
2010-05-06,675
2010-05-07,-689
2010-05-08,217
2010-05-10,250
2010-05-11,524
2010-05-12,266
2010-05-13,518
2010-05-14,348
2010-05-15,774
2010-05-18,-296
2010-05-19,-256
2010-05-23,-172
2010-05-27,-708
2010-05-30,307
2010-06-02,890
2010-06-03,691
2010-06-04,-758
2010-06-08,740
2010-06-11,726
2010-06-15,-981
2010-06-19,-234
2010-06-26,-320
2010-06-28,-822
2010-06-30,-865
2010-07-02,-731
2010-07-04,-321
2010-07-07,626
2010-07-09,796
2010-07-19,770
2010-07-21,675
2010-07-22,-478
2010-07-28,-388
2010-07-29,768
2010-07-30,-496
2010-08-01,726
2010-08-05,-499
2010-08-08,-253
2010-08-09,771
2010-08-11,776
2010-08-12,292
2010-08-15,-242
2010-08-16,748
2010-08-18,664
2010-08-19,-979
2010-08-21,74
2010-08-24,823
2010-08-29,32
2010-09-03,1029
2010-09-05,1087
2010-09-06,15
2010-09-10,-876
2010-09-12,-472
2010-09-15,372
2010-09-16,-353
2010-09-17,677
2010-09-18,-475
2010-09-21,321
2010-09-25,-65
2010-09-30,-275
2010-10-04,107
2010-10-06,932
2010-10-07,827
2010-10-09,-835
2010-10-10,760
2010-10-11,-568
2010-10-12,125
2010-10-13,-480
2010-10-16,423
2010-10-21,200
2010-10-26,394
2010-10-29,-352
2010-10-30,984
2010-10-31,187
2010-11-01,-878
2010-11-03,-696
2010-11-05,-242
2010-11-08,-560
2010-11-11,787
2010-11-14,912
2010-11-15,476
2010-11-17,832
2010-11-18,-476
2010-11-20,348
2010-11-22,-649
2010-11-24,828
2010-11-28,-50
2010-11-29,-735
2010-11-30,-271
2010-12-01,-80
2010-12-02,-521
2010-12-03,276
2010-12-06,-411
2010-12-08,398
2010-12-13,-482
2010-12-21,514
2010-12-22,-497
2010-12-24,769
2010-12-25,294
2010-12-29,688
2010-12-31,-156
2011-01-05,-160
2011-01-08,-382
2011-01-10,-214
2011-01-11,-612
2011-01-12,954
2011-01-21,248
2011-01-31,-391
2011-02-04,689
2011-02-05,-553
2011-02-07,362
2011-02-08,170
2011-02-10,-432
2011-02-12,1076
2011-02-18,-762
2011-02-23,163
2011-02-26,-455
2011-02-27,-977
2011-03-02,982
2011-03-05,-765
2011-03-06,796
2011-03-07,-155
2011-03-11,596
2011-03-12,527
2011-03-13,-95
2011-03-14,-672
2011-03-19,156
2011-03-20,-74
2011-03-21,918
2011-03-24,-901
2011-03-28,794
2011-03-31,-196
2011-04-02,945
2011-04-03,606
2011-04-07,903
2011-04-09,652
2011-04-12,858
2011-04-15,39
2011-04-17,594
2011-04-18,1014
2011-04-23,-473
2011-04-26,864
2011-04-27,-97
2011-05-01,-593
2011-05-02,301
2011-05-04,851
2011-05-06,-887
2011-05-07,-689
2011-05-09,-61
2011-05-12,-553
2011-05-13,724
2011-05-14,-673
2011-05-17,80
2011-05-18,624
2011-05-19,-40
2011-05-20,-775
2011-05-21,-508
2011-05-22,-650
2011-05-23,870
2011-05-25,-867
2011-05-26,317
2011-05-27,-654
2011-05-28,246
2011-05-30,-342
2011-06-03,-921
2011-06-04,947
2011-06-06,1083
2011-06-08,407
2011-06-16,487
2011-06-17,417
2011-06-22,247
2011-06-23,-926
2011-06-24,-313
2011-06-25,910
2011-06-27,-152
2011-06-28,760
2011-07-02,648
2011-07-03,-207
2011-07-05,3
2011-07-06,216
2011-07-08,925
2011-07-09,-868
2011-07-11,12
2011-07-13,1026
2011-07-14,961
2011-07-16,-713
2011-07-17,481
2011-07-18,761
2011-07-22,-252
2011-07-26,-199
2011-07-31,494
2011-08-03,-462
2011-08-05,113
2011-08-10,170
2011-08-11,-181
2011-08-14,-299
2011-08-15,1066
2011-08-17,-340
2011-08-20,-312
2011-08-23,-858
2011-08-24,1036
2011-08-27,108
2011-08-28,-354
2011-09-03,482
2011-09-04,-936
2011-09-05,1014
2011-09-07,73
2011-09-08,-60
2011-09-12,-274
2011-09-17,-434
2011-09-26,-343
2011-09-28,-547
2011-09-29,277
2011-09-30,-63
2011-10-02,19
2011-10-03,-473
2011-10-06,353
2011-10-07,303
2011-10-09,-968
2011-10-10,-201
2011-10-11,301
2011-10-12,454
2011-10-13,459
2011-10-15,-698
2011-10-17,141
2011-10-19,-78
2011-10-21,520
2011-10-24,-64
2011-10-30,271
2011-11-02,-283
2011-11-05,-508
2011-11-07,-238
2011-11-08,51
2011-11-09,-566
2011-11-14,516
2011-11-16,-481
2011-11-17,267
2011-11-18,-170
2011-11-21,-311
2011-11-22,677
2011-11-23,1020
2011-11-25,393
2011-11-27,242
2011-11-28,-105
2011-12-02,798
2011-12-03,635
2011-12-04,459
2011-12-05,1060
2011-12-10,-149
2011-12-21,133
2011-12-22,-621
2011-12-25,-455
2011-12-28,147
2011-12-29,-206
2011-12-30,-421
2011-12-31,-885
2012-01-02,-282
2012-01-03,-721
2012-01-04,-597
2012-01-06,869
2012-01-10,1069
2012-01-11,258
2012-01-15,804
2012-01-19,908
2012-01-21,-302
2012-01-25,114
2012-01-26,556
2012-01-27,-231
2012-01-30,-865
2012-02-01,625
2012-02-04,-776
2012-02-05,-385
2012-02-07,304
2012-02-10,-779
2012-02-11,-682
2012-02-12,860
2012-02-13,-622
2012-02-18,-927
2012-02-22,-295
2012-02-23,-115
2012-03-04,582
2012-03-06,966
2012-03-07,-985
2012-03-10,-710
2012-03-15,-999
2012-03-16,-733
2012-03-19,386
2012-03-23,866
2012-03-27,-220
2012-03-28,447
2012-03-29,-545
2012-03-30,1035
2012-04-02,-329
2012-04-03,-498
2012-04-04,-829
2012-04-08,-365
2012-04-12,22
2012-04-16,90
2012-04-17,-198
2012-04-19,1071
2012-04-21,747
2012-04-25,846
2012-04-26,291
2012-04-29,907
2012-04-30,-231
2012-05-01,-881
2012-05-05,-860
2012-05-06,-130
2012-05-10,1040
2012-05-13,-386
2012-05-14,462
2012-05-17,675
2012-05-18,-99
2012-05-22,444
2012-06-02,-607
2012-06-05,480
2012-06-11,-656
2012-06-13,-668
2012-06-16,209
2012-06-17,-408
2012-06-19,93
2012-06-25,-518
2012-06-26,52
2012-06-28,917
2012-07-03,-388
2012-07-10,795
2012-07-14,-649
2012-07-16,1092
2012-07-17,586
2012-07-19,1088
2012-07-20,492
2012-07-23,591
2012-07-26,-707
2012-07-27,-15
2012-07-30,1018
2012-07-31,352
2012-08-02,1095
2012-08-10,-203
2012-08-11,-9
2012-08-14,-130
2012-08-15,-250
2012-08-18,788
2012-08-22,423
2012-08-25,736
2012-08-26,-84
2012-08-28,629
2012-08-30,424
2012-09-05,974
2012-09-07,-376
2012-09-08,16
2012-09-09,959
2012-09-11,490
2012-09-13,153
2012-09-15,-655
2012-09-16,732
2012-09-19,635
2012-09-20,66
2012-09-21,220
2012-09-23,-715
2012-09-24,678
2012-09-26,-801
2012-10-02,12
2012-10-04,302
2012-10-10,568
2012-10-12,862
2012-10-13,1011
2012-10-14,343
2012-10-20,1064
2012-10-21,-120
2012-10-22,-659
2012-10-25,-389
2012-10-31,-702
2012-11-03,-823
2012-11-04,79
2012-11-05,407
2012-11-06,-383
2012-11-08,624
2012-11-10,0
2012-11-11,114
2012-11-14,700
2012-11-17,958
2012-11-18,290
2012-11-22,882
2012-11-27,-194
2012-11-28,-821
2012-11-29,-847
2012-11-30,396
2012-12-04,56
2012-12-10,-809
2012-12-15,94
2012-12-17,545
2012-12-18,-237
2012-12-20,238
2012-12-22,-726
2012-12-26,141
2012-12-28,899
2012-12-29,924
2012-12-30,-866
2013-01-02,-87
2013-01-05,327
2013-01-08,-741
2013-01-09,216
2013-01-10,-428
2013-01-12,-870
2013-01-16,-654
2013-01-17,120
2013-01-19,-69
2013-01-25,-487
2013-01-28,248
2013-01-29,98
2013-02-01,-977
2013-02-03,726
2013-02-06,11
2013-02-08,-929
2013-02-10,397
2013-02-15,-41
2013-02-17,-46
2013-02-18,550
2013-02-22,780
2013-02-26,-850
2013-02-27,627
2013-02-28,1055
2013-03-01,-291
2013-03-02,593
2013-03-05,-964
2013-03-06,518
2013-03-07,-642
2013-03-08,-541
2013-03-10,-991
2013-03-14,-549
2013-03-15,888
2013-03-16,-982
2013-03-17,1016
2013-03-20,-685
2013-03-21,-634
2013-03-23,-252
2013-03-31,-839
2013-04-01,311
2013-04-07,-544
2013-04-11,317
2013-04-12,960
2013-04-13,21
2013-04-15,-150
2013-04-16,-957
2013-04-20,705
2013-04-21,717
2013-04-25,139
2013-04-27,38
2013-04-29,-630
2013-05-11,875
2013-05-14,-545
2013-05-19,-481
2013-05-20,1053
2013-05-21,584
2013-05-28,980
2013-05-31,25
2013-06-02,250
2013-06-04,-115
2013-06-13,-146
2013-06-18,948
2013-06-19,-263
2013-06-23,369
2013-06-24,-119
2013-06-27,38
2013-06-29,-148
2013-07-03,-197
2013-07-07,690
2013-07-08,140
2013-07-09,147
2013-07-10,-910
2013-07-12,615
2013-07-13,196
2013-07-16,940
2013-07-21,-95
2013-07-22,-732
2013-07-23,-122
2013-07-26,1084
2013-07-29,53
2013-08-05,-282
2013-08-10,-456
2013-08-12,488
2013-08-18,-625
2013-08-21,-611
2013-08-24,983
2013-08-29,-26
2013-09-03,559
2013-09-13,424
2013-09-14,-975
2013-09-15,713
2013-09-17,448
2013-09-20,-750
2013-09-21,665
2013-09-23,96
2013-09-26,448
2013-10-01,-614
2013-10-02,42
2013-10-04,-528
2013-10-07,977
2013-10-08,-15
2013-10-09,158
2013-10-10,-588
2013-10-11,163
2013-10-12,47
2013-10-15,813
2013-10-19,-615
2013-10-21,-228
2013-10-24,-15
2013-10-25,1064
2013-10-27,-623
2013-10-28,349
2013-10-29,970
2013-10-31,-288
2013-11-02,-893
2013-11-05,122
2013-11-08,532
2013-11-09,-87
2013-11-10,-287
2013-11-11,-518
2013-11-16,-205
2013-11-17,891
2013-11-18,689
2013-11-19,-483
2013-11-20,-279
2013-11-28,-846
2013-11-29,-272
2013-11-30,-270
2013-12-07,-180
2013-12-09,713
2013-12-10,-856
2013-12-11,-167
2013-12-14,-292
2013-12-15,722
2013-12-17,-750
2013-12-21,-708
2013-12-24,535
2013-12-26,-416
2013-12-28,-336
2013-12-30,-393
2014-01-01,-761
2014-01-03,-532
2014-01-04,698
2014-01-09,-951
2014-01-15,-482
2014-01-16,-546
2014-01-20,-110
2014-01-22,-458
2014-01-23,76
2014-01-28,-24
2014-01-30,967
2014-01-31,269
2014-02-02,97
2014-02-03,259
2014-02-04,108
2014-02-06,-272
2014-02-08,-189
2014-02-12,-338
2014-02-14,960
2014-02-16,291
2014-02-18,-532
2014-02-21,-461
2014-02-22,-246
2014-02-25,-307
2014-02-27,-821
2014-02-28,731
2014-03-01,1044
2014-03-05,397
2014-03-06,-868
2014-03-07,-858
2014-03-08,593
2014-03-13,543
2014-03-22,455
2014-03-30,783
2014-04-01,951
2014-04-05,-288
2014-04-06,-771
2014-04-11,641
2014-04-13,-801
2014-04-14,-75
2014-04-17,-851
2014-04-19,276
2014-04-21,30
2014-04-22,-883
2014-04-25,109
2014-04-26,261
2014-04-28,858
2014-05-02,496
2014-05-05,-526
2014-05-09,883
2014-05-10,657
2014-05-15,221
2014-05-20,852
2014-05-27,-264
2014-05-28,137
2014-05-31,233
2014-06-01,390
2014-06-05,-472
2014-06-06,633
2014-06-10,-483
2014-06-12,-532
2014-06-17,-463
2014-06-18,885
2014-06-20,626
2014-06-22,907
2014-06-25,607
2014-07-01,-434
2014-07-02,-247
2014-07-07,-901
2014-07-10,-621
2014-07-13,-931
2014-07-15,-748
2014-07-16,886
2014-07-18,-795
2014-07-20,-196
2014-07-21,1064
2014-07-22,663
2014-07-24,-122
2014-07-27,-478
2014-08-01,326
2014-08-02,-811
2014-08-04,-391
2014-08-06,-838
2014-08-08,-43
2014-08-14,-751
2014-08-15,448
2014-08-17,-927
2014-08-19,-371
2014-08-20,914
2014-08-22,-96
2014-08-24,-496
2014-08-27,888
2014-08-28,804
2014-09-06,233
2014-09-12,179
2014-09-16,-987
2014-09-20,-424
2014-09-30,126
2014-10-01,404
2014-10-02,835
2014-10-03,81
2014-10-06,848
2014-10-08,1020
2014-10-09,981
2014-10-11,-367
2014-10-13,29
2014-10-16,952
2014-10-17,-115
2014-10-21,960
2014-10-22,-688
2014-10-24,575
2014-10-25,-604
2014-10-26,502
2014-10-28,-865
2014-11-03,-424
2014-11-06,-855
2014-11-15,-685
2014-11-17,370
2014-11-19,384
2014-11-23,-29
2014-11-24,-734
2014-11-27,-559
2014-11-29,-296
2014-11-30,-122
2014-12-01,136
2014-12-04,346
2014-12-06,-282
2014-12-07,-501
2014-12-15,20
2014-12-16,50
2014-12-18,762
2014-12-21,395
2014-12-23,-248
2014-12-27,266
2014-12-28,976
2014-12-29,-800
2015-01-07,375
2015-01-09,502
2015-01-11,-978
2015-01-14,-745
2015-01-19,-492
2015-01-24,780
2015-01-29,326
2015-01-31,-346
2015-02-03,-244
2015-02-04,390
2015-02-07,-132
2015-02-09,-420
2015-02-13,713
2015-02-15,-697
2015-02-16,-781
2015-02-17,-22
2015-02-22,-165
2015-03-01,806
2015-03-02,-360
2015-03-03,676
2015-03-07,940
2015-03-08,-146
2015-03-10,914
2015-03-11,-350
2015-03-17,547
2015-03-19,-281
2015-03-21,-900
2015-03-22,685
2015-03-26,-92
2015-03-27,-750
2015-04-02,-185
2015-04-06,662
2015-04-07,320
2015-04-11,265
2015-04-16,-624
2015-04-17,659
2015-04-18,124
2015-04-21,-654
2015-04-22,58
2015-04-24,93
2015-04-26,-671
2015-04-28,-850
2015-05-03,324
2015-05-06,52
2015-05-09,-469
2015-05-14,579
2015-05-16,-341
2015-05-19,-257
2015-05-25,-470
2015-05-26,405
2015-05-27,5
2015-05-29,-745
2015-06-02,-768
2015-06-04,-350
2015-06-05,-450
2015-06-06,-350
2015-06-10,177
2015-06-11,802
2015-06-13,853
2015-06-15,-945
2015-06-16,-933
2015-06-20,518
2015-06-22,408
2015-06-23,339
2015-06-25,-109
2015-06-28,380
2015-07-02,238
2015-07-04,-301
2015-07-05,-526
2015-07-15,-890
2015-07-20,1051
2015-07-21,668
2015-07-25,532
2015-07-29,919
2015-08-02,845
2015-08-03,701
2015-08-04,585
2015-08-05,-117
2015-08-09,895
2015-08-15,-215
2015-08-20,-292
2015-08-21,424
2015-08-31,574
2015-09-01,704
2015-09-02,-274
2015-09-03,-656
2015-09-05,408
2015-09-07,79
2015-09-08,566
2015-09-12,-435
2015-09-13,390
2015-09-14,-439
2015-09-16,1062
2015-09-17,-704
2015-09-18,-314
2015-09-20,267
2015-09-22,-637
2015-10-03,316
2015-10-06,-339
2015-10-08,-550
2015-10-12,1020
2015-10-14,-271
2015-10-19,897
2015-10-21,840
2015-10-22,-192
2015-10-23,440
2015-10-25,-367
2015-10-26,-961
2015-10-31,-971
2015-11-02,67
2015-11-07,226
2015-11-09,-617
2015-11-11,11
2015-11-17,1008
2015-11-18,825
2015-11-19,-168
2015-11-23,194
2015-11-25,301
2015-11-26,-713
2015-11-30,1006
2015-12-01,509
2015-12-04,616
2015-12-06,-285
2015-12-08,930
2015-12-09,1087
2015-12-11,245
2015-12-12,838
2015-12-14,-772
2015-12-17,-397
2015-12-23,-856
2015-12-24,223
2015-12-26,-96
2015-12-27,664
2015-12-31,607
2016-01-01,-549
2016-01-03,753
2016-01-04,340
2016-01-06,470
2016-01-07,-415
2016-01-16,886
2016-01-18,-492
2016-01-20,728
2016-01-21,89
2016-01-22,359
2016-01-24,-402
2016-01-26,-190
2016-01-28,1042
2016-01-30,696
2016-02-01,-83
2016-02-02,-887
2016-02-03,-310
2016-02-06,97
2016-02-07,310
2016-02-09,-262
2016-02-11,-387
2016-02-13,-70
2016-02-21,-529
2016-02-23,-20
2016-02-26,562
2016-03-03,-957
2016-03-05,300
2016-03-09,1013
2016-03-13,-485
2016-03-14,968
2016-03-16,325
2016-03-18,-618
2016-03-20,-808
2016-03-21,324
2016-03-25,-690
2016-03-26,933
2016-03-27,-603
2016-03-30,-455
2016-03-31,408
2016-04-01,9
2016-04-02,-157
2016-04-04,209
2016-04-06,-801
2016-04-10,997
2016-04-11,-865
2016-04-12,486
2016-04-18,232
2016-04-19,5
2016-04-21,1088
2016-04-22,-705
2016-04-26,-898
2016-04-28,-77
2016-04-30,-25
2016-05-01,692
2016-05-05,642
2016-05-07,128
2016-05-09,355
2016-05-10,597
2016-05-11,-57
2016-05-14,-513
2016-05-15,-589
2016-05-17,-737
2016-05-18,-214
2016-05-20,-955
2016-05-21,690
2016-05-25,-217
2016-05-28,426
2016-05-30,-941
2016-06-01,273
2016-06-02,779
2016-06-03,386
2016-06-04,60
2016-06-08,-492
2016-06-09,313
2016-06-12,-795
2016-06-16,288
2016-06-17,-579
2016-06-27,-180
2016-06-28,-279
2016-06-30,963
2016-07-03,-197
2016-07-04,-203
2016-07-06,-163
2016-07-07,-933
2016-07-11,-503
2016-07-14,-149
2016-07-15,-717
2016-07-17,427
2016-07-19,794
2016-07-23,433
2016-07-24,-486
2016-07-26,784
2016-07-29,-64
2016-08-03,-845
2016-08-15,955
2016-08-16,814
2016-08-23,-267
2016-08-24,618
2016-08-25,-330
2016-08-28,-936
2016-08-29,-572
2016-09-02,-363
2016-09-05,-224
2016-09-07,-609
2016-09-08,683
2016-09-10,199
2016-09-13,-739
2016-09-15,1092
2016-09-16,-308
2016-09-22,-99
2016-09-23,-511
2016-09-26,-257
2016-09-27,209
2016-09-29,842
2016-09-30,-412
2016-10-05,452
2016-10-07,-920
2016-10-10,-862
2016-10-18,-901
2016-10-22,893
2016-10-24,866
2016-10-28,600
2016-10-29,-570
2016-10-31,-634
2016-11-01,-918
2016-11-04,-580
2016-11-05,970
2016-11-06,-553
2016-11-10,638
2016-11-11,100
2016-11-12,-75
2016-11-14,407
2016-11-15,-769
2016-11-20,-458
2016-11-24,494
2016-11-27,-49
2016-12-07,-992
2016-12-08,-509
2016-12-19,678
2016-12-20,-591
2016-12-21,160
2016-12-24,579
2016-12-27,993
2016-12-28,-936
2016-12-29,595
2017-01-04,481
2017-01-07,-908
2017-01-12,44
2017-01-22,-242
2017-01-23,704
2017-01-24,-61
2017-01-26,-508
2017-01-28,-502
2017-02-01,-24
2017-02-02,1075
2017-02-04,-766
2017-02-08,-46
2017-02-09,-935
2017-02-14,215
2017-02-16,784
2017-02-17,626
2017-02-20,-978
2017-02-21,136
2017-02-24,825
2017-02-28,-735
2017-03-02,77
2017-03-03,992
2017-03-04,674
2017-03-06,353
2017-03-08,-883
2017-03-10,-223
2017-03-18,-267
2017-03-19,-737
2017-03-23,-853
2017-03-25,143
2017-04-01,825
2017-04-02,953
2017-04-05,333
2017-04-06,892
2017-04-07,97
2017-04-08,204
2017-04-09,108
2017-04-11,269
2017-04-16,-215
2017-04-17,-748
2017-04-18,950
2017-04-19,-418
2017-04-20,-235
2017-04-21,-144
2017-04-30,941
2017-05-05,665
2017-05-08,899
2017-05-10,-752
2017-05-11,133
2017-05-13,-53
2017-05-21,-470
2017-05-23,908
2017-05-24,-2
2017-05-25,220
2017-05-26,-605
2017-06-05,193
2017-06-06,866
2017-06-07,-37
2017-06-10,727
2017-06-11,556
2017-06-20,-289
2017-06-22,400
2017-06-26,-882
2017-06-27,848
2017-06-29,-470
2017-06-30,-201
2017-07-02,277
2017-07-04,-66
2017-07-07,303
2017-07-08,742
2017-07-11,-597
2017-07-18,6
2017-07-19,-675
2017-07-20,137
2017-07-22,673
2017-07-24,-32
2017-07-25,1073
2017-07-28,-421
2017-07-30,1025
2017-07-31,-228
2017-08-01,273
2017-08-03,342
2017-08-04,116
2017-08-05,722
2017-08-07,23
2017-08-08,957
2017-08-09,-228
2017-08-10,412
2017-08-13,327
2017-08-14,178
2017-08-21,623
2017-08-27,620
2017-08-30,-814
2017-09-01,-187
2017-09-03,-159
2017-09-05,747
2017-09-06,275
2017-09-07,280
2017-09-10,952
2017-09-11,-807
2017-09-13,-152
2017-09-15,997
2017-09-16,-803
2017-09-21,-743
2017-09-29,672
2017-09-30,826
2017-10-02,606
2017-10-04,-870
2017-10-05,-934
2017-10-10,614
2017-10-11,-804
2017-10-13,153
2017-10-14,-851
2017-10-15,874
2017-10-16,184
2017-10-20,-251
2017-10-22,489
2017-10-23,-983
2017-10-27,857
2017-10-30,-32
2017-10-31,114
2017-11-01,-975
2017-11-04,-851
2017-11-07,193
2017-11-08,-624
2017-11-10,793
2017-11-11,-155
2017-11-15,646
2017-11-17,-514
2017-11-25,-790
2017-11-26,-627
2017-11-27,-622
2017-12-01,-110
2017-12-07,471
2017-12-10,492
2017-12-11,593
2017-12-12,656
2017-12-13,120
2017-12-14,365
2017-12-16,149
2017-12-18,-513
2017-12-20,-390
2017-12-21,179
2017-12-22,640
2017-12-23,180
2017-12-26,-962
2017-12-27,-55
2017-12-30,407
2017-12-31,645
2018-01-03,-352
2018-01-04,-871
2018-01-08,200
2018-01-10,-906
2018-01-12,1054
2018-01-13,311
2018-01-16,982
2018-01-18,-69
2018-01-23,-266
2018-01-24,-878
2018-01-27,-840
2018-02-01,-912
2018-02-06,-887
2018-02-07,-883
2018-02-08,-292
2018-02-11,-438
2018-02-23,301
2018-02-25,763
2018-02-27,-607
2018-03-01,165
2018-03-07,352
2018-03-12,7
2018-03-16,-69
2018-03-19,610
2018-03-20,-256
2018-03-21,-590
2018-03-28,791
2018-04-01,427
2018-04-02,1031
2018-04-08,368
2018-04-09,883
2018-04-11,-660
2018-04-13,-62
2018-04-14,973
2018-04-17,594
2018-04-21,925
2018-04-22,559
2018-04-23,-255
2018-04-24,-877
2018-04-25,319
2018-04-26,-343
2018-04-30,-159
2018-05-02,807
2018-05-07,-181
2018-05-08,-946
2018-05-09,-348
2018-05-11,1055
2018-05-14,302
2018-05-19,917
2018-05-20,121
2018-05-22,1082
2018-05-25,1037
2018-05-26,-473
2018-05-27,989
2018-05-30,452
2018-05-31,473
2018-06-02,-965
2018-06-05,748
2018-06-06,-136
2018-06-09,102
2018-06-12,813
2018-06-16,368
2018-06-17,419
2018-06-20,285
2018-06-21,684
2018-06-23,328
2018-06-24,-318
2018-06-27,-878
2018-06-29,4
2018-07-01,832
2018-07-05,-463
2018-07-08,815
2018-07-11,512
2018-07-13,148
2018-07-15,-70
2018-07-16,-736
2018-07-17,918
2018-07-18,640
2018-07-19,324
2018-07-20,597
2018-07-25,-685
2018-07-26,-59
2018-07-29,883
2018-08-01,809
2018-08-02,860
2018-08-03,52
2018-08-05,-895
2018-08-07,888
2018-08-09,386
2018-08-12,-541
2018-08-13,684
2018-08-14,709
2018-08-19,-197
2018-08-20,-372
2018-08-22,-10
2018-08-27,1094
2018-09-04,-152
2018-09-05,-354
2018-09-06,410
2018-09-10,-593
2018-09-12,45
2018-09-13,188
2018-09-14,-241
2018-09-15,-137
2018-09-18,-965
2018-09-19,-359
2018-09-20,182
2018-09-23,-900
2018-09-25,1005
2018-09-27,78
2018-09-28,508
2018-09-30,458
2018-10-05,112
2018-10-09,-350
2018-10-10,-646
2018-10-13,-221
2018-10-14,-255
2018-10-16,-863
2018-10-17,488
2018-10-19,742
2018-10-21,650
2018-10-22,-907
2018-10-24,406
2018-10-27,350
2018-11-03,365
2018-11-04,792
2018-11-05,112
2018-11-07,1075
2018-11-09,-213
2018-11-12,-241
2018-11-14,-983
2018-11-19,-738
2018-11-20,-284
2018-11-21,-737
2018-11-22,929
2018-11-26,-249
2018-12-02,-193
2018-12-04,-181
2018-12-05,195
2018-12-06,365
2018-12-12,26
2018-12-13,-81
2018-12-17,829
2018-12-21,-962
2018-12-22,-134
2018-12-24,43
2018-12-25,333
2018-12-27,592
2018-12-28,624
2018-12-31,-130
2019-01-01,452
2019-01-03,355
2019-01-04,821
2019-01-05,-63
2019-01-07,-987
2019-01-08,1090
2019-01-12,-560
2019-01-14,1043
2019-01-15,419
2019-01-16,1014
2019-01-18,-117
2019-01-21,-586
2019-01-23,480
2019-01-25,842
2019-01-27,-958
2019-01-29,737
2019-01-30,850
2019-02-01,-435
2019-02-04,-616
2019-02-07,-25
2019-02-12,370
2019-02-15,-694
2019-02-17,-395
2019-02-18,102
2019-02-19,-569
2019-02-21,544
2019-02-22,-822
2019-02-23,436
2019-02-24,-67
2019-03-01,-815
2019-03-04,167
2019-03-07,-863
2019-03-08,784
2019-03-09,-384
2019-03-10,1025
2019-03-12,-91
2019-03-13,-25
2019-03-19,-44
2019-03-20,347
2019-03-21,-280
2019-03-23,-556
2019-03-28,113
2019-04-01,-264
2019-04-04,480
2019-04-05,-749
2019-04-06,730
2019-04-08,971
2019-04-09,49
2019-04-18,1091
2019-04-22,-294
2019-04-23,-35
2019-04-27,-402
2019-04-28,-831
2019-04-30,-377
2019-05-01,-547
2019-05-03,1027
2019-05-04,-722
2019-05-05,-124
2019-05-06,-567
2019-05-08,-811
2019-05-13,-531
2019-05-16,-291
2019-05-18,560
2019-05-21,-695
2019-05-22,287
2019-05-24,105
2019-05-25,-854
2019-05-26,-829
2019-05-28,785
2019-05-29,456
2019-06-01,913
2019-06-04,290
2019-06-05,662
2019-06-06,870
2019-06-07,536
2019-06-10,51
2019-06-14,899
2019-06-18,-487
2019-06-19,-484
2019-06-21,717
2019-06-22,-486
2019-06-24,-438
2019-06-27,-522
2019-06-28,335
2019-06-29,-423
2019-07-01,58
2019-07-03,1065
2019-07-08,1089
2019-07-09,-474
2019-07-12,-303
2019-07-14,-910
2019-07-15,-445
2019-07-18,694
2019-07-19,768
2019-07-22,374
2019-07-24,585
2019-07-25,-115
2019-07-26,-160
2019-07-28,268
2019-07-31,821
2019-08-01,149
2019-08-02,-606
2019-08-10,-952
2019-08-16,-213
2019-08-19,637
2019-08-24,-21
2019-08-25,321
2019-08-27,392
2019-08-30,-831
2019-08-31,957
2019-09-01,-776
2019-09-02,-787
2019-09-03,290
2019-09-07,354
2019-09-15,1079
2019-09-16,906
2019-09-25,538
2019-09-28,-881
2019-09-29,803
2019-10-05,64
2019-10-06,802
2019-10-07,-185
2019-10-10,294
2019-10-12,-456
2019-10-15,-509
2019-10-17,-288
2019-10-20,408
2019-10-22,-435
2019-10-24,81
2019-10-29,502
2019-10-30,256
2019-10-31,-334
2019-11-02,157
2019-11-04,-747
2019-11-05,-996
2019-11-06,856
2019-11-07,-365
2019-11-08,798
2019-11-11,-487
2019-11-13,949
2019-11-15,-778
2019-11-16,489
2019-11-18,220
2019-11-24,-198
2019-11-25,-664
2019-11-26,-501
2019-11-28,-96
2019-12-01,595
2019-12-02,685
2019-12-09,1066
2019-12-15,732
2019-12-17,-42
2019-12-18,-875
2019-12-22,986
2019-12-23,-206
2019-12-24,516
2019-12-29,-882
2020-01-02,-369
2020-01-06,324
2020-01-09,969
2020-01-10,630
2020-01-20,771
2020-01-25,226
2020-01-27,832
2020-01-28,-754
2020-01-29,1016
2020-02-04,433
2020-02-05,-425
2020-02-07,365
2020-02-08,208
2020-02-11,430
2020-02-12,1010
2020-02-14,-91
2020-02-19,702
2020-02-20,-217
2020-02-21,337
2020-02-22,130
2020-02-24,-287
2020-02-25,-600
2020-02-27,-92
2020-02-28,-353
2020-03-01,-321
2020-03-02,224
2020-03-03,772
2020-03-05,663
2020-03-09,-642
2020-03-11,-93
2020-03-12,-581
2020-03-18,-634
2020-03-21,937
2020-03-29,-122
2020-04-01,626
2020-04-02,-835
2020-04-03,-606
2020-04-04,-499
2020-04-10,308
2020-04-13,167
2020-04-17,607
2020-04-24,-525
2020-04-27,231
2020-04-30,904
2020-05-01,-15
2020-05-03,749
2020-05-06,-246
2020-05-07,-95
2020-05-10,-627
2020-05-14,703
2020-05-15,-829
2020-05-21,-138
2020-05-26,-771
2020-05-31,-423
2020-06-05,50
2020-06-08,-966
2020-06-09,509
2020-06-10,503
2020-06-12,810
2020-06-13,502
2020-06-14,148
2020-06-17,811
2020-06-19,184
2020-06-20,151
2020-06-23,757
2020-06-24,1076
2020-06-26,991
2020-06-28,821
2020-06-30,995
2020-07-03,-159
2020-07-04,-423
2020-07-09,380
2020-07-11,-88
2020-07-13,-825
2020-07-14,-478
2020-07-15,-517
2020-07-16,-622
2020-07-17,-641
2020-07-18,53
2020-07-22,215
2020-07-23,727
2020-07-26,697
2020-07-27,-1000
2020-07-28,919
2020-08-02,-459
2020-08-05,-138
2020-08-06,81
2020-08-07,-903
2020-08-08,-179
2020-08-10,755
2020-08-15,-201
2020-08-16,-902
2020-08-18,-410
2020-08-19,-232
2020-08-23,29
2020-08-25,39
2020-08-29,-820
2020-08-31,1028
2020-09-03,73
2020-09-04,917
2020-09-10,690
2020-09-11,304
2020-09-13,-397
2020-09-14,-923
2020-09-15,735
2020-09-20,-873
2020-09-21,718
2020-09-23,815
2020-09-24,-722
2020-09-26,-849
2020-09-27,689
2020-10-01,-568
2020-10-02,324
2020-10-07,1051
2020-10-10,158
2020-10-13,-755
2020-10-15,1070
2020-10-16,764
2020-10-21,-727
2020-10-25,-157
2020-10-29,564
2020-10-30,748
2020-10-31,-283
2020-11-01,-506
2020-11-03,-458
2020-11-04,-873
2020-11-05,135
2020-11-08,750
2020-11-09,-833
2020-11-11,-503
2020-11-12,-236
2020-11-13,291
2020-11-17,1082
2020-11-22,1041
2020-11-23,-382
2020-11-24,623
2020-11-25,-227
2020-11-29,912
2020-12-05,-18
2020-12-07,443
2020-12-12,425
2020-12-15,82
2020-12-18,794
2020-12-19,659
2020-12-20,-446
2020-12-22,980
2020-12-23,-974
2020-12-25,823
2020-12-28,-524
2020-12-31,-926
2021-01-01,-755
2021-01-02,-444
2021-01-04,1098
2021-01-05,241
2021-01-06,988
2021-01-07,303
2021-01-10,672
2021-01-11,809
2021-01-12,-177
2021-01-17,-945
2021-01-18,-517
2021-01-19,-822
2021-01-20,499
2021-01-29,466
2021-02-02,122
2021-02-03,1097
2021-02-06,694
2021-02-07,-235
2021-02-10,98
2021-02-11,832
2021-02-17,-113
2021-02-22,-624
2021-02-23,860
2021-03-02,752
2021-03-04,-650
2021-03-05,-275
2021-03-08,-329
2021-03-09,783
2021-03-11,-794
2021-03-12,-300
2021-03-13,760
2021-03-25,862
2021-03-29,218
2021-03-30,-867
2021-03-31,-394
2021-04-01,-127
2021-04-02,-623
2021-04-03,789
2021-04-04,421
2021-04-10,1063
2021-04-11,932
2021-04-12,-343
2021-04-13,-660
2021-04-16,524
2021-04-22,-130
2021-04-24,-524
2021-04-26,-908
2021-04-27,943
2021-04-28,569
2021-05-06,-568
2021-05-10,-338
2021-05-11,-227
2021-05-13,-275
2021-05-19,-373
2021-05-21,-691
2021-05-22,-702
2021-05-23,841
2021-05-25,513
2021-05-28,297
2021-05-29,-40
2021-05-30,-58
2021-05-31,357
2021-06-02,874
2021-06-08,384
2021-06-09,1089
2021-06-15,155
2021-06-18,219
2021-06-19,1003
2021-06-20,-782
2021-06-21,679
2021-06-22,527
2021-06-23,993
2021-06-29,270
2021-07-01,-927
2021-07-06,90
2021-07-09,204
2021-07-12,234
2021-07-15,780
2021-07-20,71
2021-07-21,-864
2021-07-25,242
2021-07-26,-972
2021-07-29,-583
2021-07-30,608
2021-08-01,156
2021-08-05,-173
2021-08-06,0
2021-08-08,108
2021-08-13,-683
2021-08-14,-38
2021-08-15,76
2021-08-16,-330
2021-08-20,-684
2021-08-22,856
2021-08-26,-524
2021-08-27,649
2021-08-29,140
2021-08-30,-912
2021-09-01,-1000
2021-09-02,226
2021-09-09,-28
2021-09-13,-392
2021-09-14,823
2021-09-19,654
2021-09-22,405
2021-09-25,1006
2021-09-26,231
2021-09-28,369
2021-10-08,810
2021-10-12,357
2021-10-14,29
2021-10-19,-325
2021-10-21,1085
2021-10-27,-558
2021-11-01,581
2021-11-03,692
2021-11-04,-498
2021-11-10,-514
2021-11-11,-410
2021-11-12,-14
2021-11-14,595
2021-11-15,450
2021-11-19,769
2021-11-22,-994
2021-11-25,-137
2021-11-26,242
2021-11-29,178
2021-11-30,-859
2021-12-03,-913
2021-12-06,-762
2021-12-09,346
2021-12-17,-289
2021-12-20,111
2021-12-21,-159
2021-12-22,-841
2021-12-24,683
2021-12-26,933
2022-01-01,996
2022-01-04,213
2022-01-05,582
2022-01-06,115
2022-01-08,888
2022-01-09,-554
2022-01-12,538
2022-01-13,330
2022-01-14,503
2022-01-15,440
2022-01-16,1021
2022-01-22,700
2022-01-25,876
2022-01-27,318
2022-01-30,662
2022-01-31,137
2022-02-01,978
2022-02-02,896
2022-02-03,-141
2022-02-04,-856
2022-02-14,1087
2022-02-16,128
2022-02-19,58
2022-02-22,360
2022-02-23,101
2022-02-24,411
2022-02-25,1075
2022-02-27,341
2022-03-02,-345
2022-03-05,-66
2022-03-06,636
2022-03-10,-554
2022-03-12,619
2022-03-13,1034
2022-03-16,-30
2022-03-20,-580
2022-03-21,-174
2022-03-23,-182
2022-03-28,126
2022-03-29,-533
2022-03-31,526
2022-04-01,546
2022-04-02,-976
2022-04-05,-575
2022-04-07,798
2022-04-11,-473
2022-04-12,-260
2022-04-15,486
2022-04-16,705
2022-04-17,195
2022-04-18,487
2022-04-19,552
2022-04-22,754
2022-04-23,380
2022-04-24,62
2022-04-25,-12
2022-04-27,837
2022-05-02,821
2022-05-04,579
2022-05-05,400
2022-05-06,-304
2022-05-07,-189
2022-05-08,141
2022-05-12,212
2022-05-13,680
2022-05-22,709
2022-05-26,279
2022-05-30,1027
2022-06-03,529
2022-06-07,671
2022-06-08,650
2022-06-10,-559
2022-06-13,-275
2022-06-15,-632
2022-06-20,-258
2022-06-29,-37
2022-07-01,-28
2022-07-02,-336
2022-07-04,-842
2022-07-06,584
2022-07-07,988
2022-07-09,-427
2022-07-10,-13
2022-07-14,-757
2022-07-16,-307
2022-07-19,1070
2022-07-21,1020
2022-07-23,-592
2022-07-25,245
2022-07-26,-163
2022-07-30,1063
2022-08-01,-309
2022-08-03,-667
2022-08-04,-497
2022-08-06,25
2022-08-07,-140
2022-08-08,534
2022-08-11,299
2022-08-13,661
2022-08-14,1083
2022-08-15,339
2022-08-16,394
2022-08-18,801
2022-08-19,470
2022-08-21,899
2022-08-22,724
2022-08-25,-208
2022-08-26,161
2022-08-27,-124
2022-08-28,-992
2022-08-29,344
2022-08-31,-538
2022-09-01,-597
2022-09-05,443
2022-09-07,-619
2022-09-11,-964
2022-09-13,-260
2022-09-14,283
2022-09-16,10
2022-09-18,560
2022-09-22,655
2022-09-23,573
2022-09-25,52
2022-09-26,-503
2022-09-27,969
2022-09-28,629
2022-09-29,840
2022-10-01,465
2022-10-02,-737
2022-10-03,-531
2022-10-06,349
2022-10-07,243
2022-10-09,969
2022-10-14,614
2022-10-16,-451
2022-10-17,-346
2022-10-19,856
2022-10-20,-511
2022-10-22,-418
2022-10-23,-509
2022-10-28,-724
2022-10-29,-403
2022-10-31,-542
2022-11-01,269
2022-11-04,-901
2022-11-05,952
2022-11-06,-904
2022-11-07,-397
2022-11-10,760
2022-11-12,69
2022-11-13,-831
2022-11-16,940
2022-11-17,861
2022-11-18,145
2022-11-21,1069
2022-11-22,-696
2022-11-23,-746
2022-11-24,563
2022-11-25,689
2022-11-30,-26
2022-12-01,345
2022-12-03,925
2022-12-05,560
2022-12-08,826
2022-12-12,-352
2022-12-17,-755
2022-12-19,-10
2023-01-01,88
2023-01-04,787
2023-01-05,-373
2023-01-07,-436
2023-01-08,-303
2023-01-15,494
2023-01-16,-929
2023-01-22,-37
2023-01-25,-119
2023-01-26,890
2023-01-27,199
2023-01-29,733
2023-01-31,-976
2023-02-01,671
2023-02-02,-838
2023-02-04,669
2023-02-05,1073
2023-02-08,448
2023-02-09,-607
2023-02-14,259
2023-02-16,-1000
2023-02-19,-942
2023-02-21,-92
2023-02-23,646
2023-02-25,877
2023-02-26,124
2023-03-06,757
2023-03-11,835
2023-03-17,-722
2023-03-19,28
2023-03-21,671
2023-03-22,-149
2023-03-24,-888
2023-03-28,101
2023-03-29,-738
2023-03-31,-154
2023-04-02,828
2023-04-05,181
2023-04-06,557
2023-04-14,774
2023-04-18,869
2023-04-20,577
2023-04-21,995
2023-04-26,-88
2023-04-27,-750
2023-04-28,-892
2023-04-29,857
2023-05-01,446
2023-05-02,371
2023-05-06,-26
2023-05-07,612
2023-05-13,-794
2023-05-14,-11
2023-05-18,-582
2023-05-21,-161
2023-05-27,954
2023-05-28,-216
2023-05-30,-840
2023-05-31,491
2023-06-04,-51
2023-06-08,64
2023-06-13,-416
2023-06-16,-319
2023-06-18,139
2023-06-22,856
2023-06-23,-75
2023-06-24,938
2023-06-26,-321
2023-06-30,197
2023-07-01,-825
2023-07-03,193
2023-07-04,-543
2023-07-06,64
2023-07-09,-29
2023-07-10,867
2023-07-12,929
2023-07-13,-641
2023-07-14,-416
2023-07-15,-121
2023-07-17,788
2023-07-18,749
2023-07-19,953
2023-07-20,-761
2023-07-22,-665
2023-07-24,156
2023-07-27,-398
2023-07-29,12
2023-07-31,-214
2023-08-02,1059
2023-08-04,-264
2023-08-05,-28
2023-08-07,577
2023-08-10,-186
2023-08-11,915
2023-08-15,258
2023-08-20,1053
2023-08-22,-61
2023-08-26,217
2023-08-28,1028
2023-08-30,362
2023-09-01,763
2023-09-02,-366
2023-09-03,-625
2023-09-05,790
2023-09-08,820
2023-09-11,-619
2023-09-12,254
2023-09-14,-809
2023-09-18,-904
2023-09-24,-540
2023-09-25,-597
2023-09-26,798
2023-09-27,486
2023-09-30,-829
2023-10-04,868
2023-10-05,-926
2023-10-07,205
2023-10-08,-974
2023-10-10,-243
2023-10-12,-790
2023-10-16,-437
2023-10-18,-629
2023-10-19,-520
2023-10-20,-307
2023-10-26,-760
2023-10-27,-751
2023-11-01,436
2023-11-02,451
2023-11-04,620
2023-11-06,1025
2023-11-08,-641
2023-11-10,890
2023-11-13,689
2023-11-15,-687
2023-11-16,561
2023-11-17,-666
2023-11-20,-484
2023-11-22,-466
2023-11-23,675
2023-11-24,-808
2023-11-25,-142
2023-11-26,6
2023-11-28,263
2023-11-29,-721
2023-11-30,-626
2023-12-03,-328
2023-12-05,595
2023-12-06,270
2023-12-10,943
2023-12-11,-516
2023-12-12,738
2023-12-13,339
2023-12-15,-575
2023-12-19,958
2023-12-20,-109
2023-12-22,769
2023-12-23,738
2023-12-25,68
2023-12-26,288
