2000-01-03,-0.008728469832574831
2000-01-04,0.005341025072951349
2000-01-05,0.008787154079930758
2000-01-06,0.0018240300434404673
2000-01-07,-0.002012748461299948
2000-01-10,-0.006481979558835518
2000-01-11,0.014124693893380679
2000-01-12,0.005385327778222943
2000-01-13,-0.014394942449436959
2000-01-14,0.03502167409083645
2000-01-17,0.023575194050288326
2000-01-18,0.017215409665770436
2000-01-19,-0.01400742984139259
2000-01-20,0.05619095353232664
2000-01-21,0.0015456922378831693
2000-01-24,-0.010018149178575181
2000-01-25,-0.010285070658622641
2000-01-26,-0.00792541763019861
2000-01-27,-0.0019103552443647323
2000-01-28,-0.011437035841171644
2000-01-31,-0.00552771944984121
2000-02-01,-0.001262030500938538
2000-02-02,0.034877688930756726
2000-02-03,-0.004724303761348508
2000-02-04,0.008346243209380159
2000-02-07,0.002611230464974055
2000-02-08,-0.0004465542078198742
2000-02-09,-0.013364127815646653
2000-02-10,0.021833544523583503
2000-02-11,0.012720647574593142
2000-02-14,-0.007289596229718882
2000-02-15,0.0017172363380873364
2000-02-16,0.011838089736895246
2000-02-17,-0.0038039791236884057
2000-02-18,-0.00852308327385556
2000-02-21,-0.00037806170454672897
2000-02-22,0.0005814588918978264
2000-02-23,0.00639383336542405
2000-02-24,-0.009068232469903688
2000-02-25,0.0215498570481925
2000-02-28,-0.00912446350903138
2000-02-29,-0.0041487962461542495
2000-03-01,-0.004343239022350769
2000-03-02,-0.010177133275286463
2000-03-03,0.024048487184019782
2000-03-06,-0.012443967252642515
2000-03-07,0.00011319490662673251
2000-03-08,-0.008944505511556636
2000-03-09,-0.013841974646441466
2000-03-10,-0.01206017972202034
2000-03-13,0.0002727006832814634
2000-03-14,-0.009944714294463452
2000-03-15,0.01865103413853281
2000-03-16,-0.0007530129110188341
2000-03-17,-0.006190416876984229
2000-03-20,0.008949866589300543
2000-03-21,0.007654279787770727
2000-03-22,-0.005405528821853224
2000-03-23,-0.014284288649460443
2000-03-24,-0.004694463286058954
2000-03-27,-0.006654935369597655
2000-03-28,-0.0017410615974903093
2000-03-29,0.006589596019570806
2000-03-30,0.0029664116399747663
2000-03-31,-0.02189050404475374
2000-04-03,0.005073697103189948
2000-04-04,-0.0007324197613073659
2000-04-05,0.0025308888739939556
2000-04-06,-0.009708806971561956
2000-04-07,-0.02017163739831128
2000-04-10,0.027165949203449998
2000-04-11,-0.018627809928004897
2000-04-12,-0.012930774299550455
2000-04-13,-0.012834198343472013
2000-04-14,0.005759176955732612
2000-04-17,-0.011541980854106331
2000-04-18,-0.004551987614664483
2000-04-19,-0.01976139585213678
2000-04-20,0.006335900889373251
2000-04-21,-0.005741303997171092
2000-04-24,-0.004295877159018056
2000-04-25,-0.004898949532249935
2000-04-26,0.016257849647587485
2000-04-27,-0.013728573221726686
2000-04-28,-0.015453217087612874
2000-05-01,0.03893287250033123
2000-05-02,-0.010797228607372159
2000-05-03,-0.01210738563485625
2000-05-04,-0.004285135079549491
2000-05-05,0.00011946866097140019
2000-05-08,-0.008536636952154352
2000-05-09,-0.0004750730645505623
2000-05-10,0.015847486180442304
2000-05-11,0.010088400084706389
2000-05-12,0.005852677788189476
2000-05-15,0.03223516385627541
2000-05-16,-0.003031128315535765
2000-05-17,0.004633860674369217
2000-05-18,-0.012500460593521789
2000-05-19,-0.0008876456534558652
2000-05-22,-0.0020624563469997907
2000-05-23,0.004920182656684105
2000-05-24,-0.018580169977589753
2000-05-25,0.006187158954181246
2000-05-26,0.040739023842061184
2000-05-29,0.004011099568403367
2000-05-30,0.02647912632997607
2000-05-31,0.01887628686933592
2000-06-01,-0.008410037081636339
2000-06-02,0.011249475580643136
2000-06-05,0.005131035846125297
2000-06-06,0.0021453814512646385
2000-06-07,-0.009757834730226558
2000-06-08,-0.011537881082706827
2000-06-09,-0.0007205677142626474
2000-06-12,-0.00871342779055426
2000-06-13,-0.019940432214227234
2000-06-14,0.012487707004615638
2000-06-15,-0.01623036181139409
2000-06-16,-0.016164501314734306
2000-06-19,-0.004757163502380143
2000-06-20,-0.005092905626931755
2000-06-21,0.003981327294870465
2000-06-22,-0.008920434080801752
2000-06-23,0.005291414271062278
2000-06-26,0.005276787772534538
2000-06-27,0.03573493224911299
2000-06-28,-0.005498645500485212
2000-06-29,-3.324836551080873e-06
2000-06-30,-0.008705478674659487
2000-07-03,0.0057936345107396856
2000-07-04,0.008652515629624501
2000-07-05,0.008314365471102179
2000-07-06,-0.006583473007310447
2000-07-07,-0.0026629283017466573
2000-07-10,-0.0017595179580008613
2000-07-11,-0.017215910600679646
2000-07-12,-0.005622759045179913
2000-07-13,-0.017722360029873024
2000-07-14,-0.001979174791058847
2000-07-17,-0.017921716756259625
2000-07-18,0.031939426590308254
2000-07-19,-0.00957784037090241
2000-07-20,-0.007243839256416203
2000-07-21,-0.005080558249350699
2000-07-24,-0.014402043033898845
2000-07-25,-0.0022873148187236327
2000-07-26,3.2225893470121114e-05
2000-07-27,-0.0006475179410332481
2000-07-28,-0.012578733041787913
2000-07-31,-0.0028886792490713416
2000-08-01,0.012521650316058317
2000-08-02,0.00470127168648473
2000-08-03,-0.008533001958318291
2000-08-04,0.00044643178346526896
2000-08-07,0.008027439067062919
2000-08-08,0.005373696215092864
2000-08-09,0.011360816338551048
2000-08-10,-0.004593604914299356
2000-08-11,0.004384666541077175
2000-08-14,0.004625637167828198
2000-08-15,-0.010563223706338176
2000-08-16,0.0019309442740147766
2000-08-17,-0.0037961332383834763
2000-08-18,0.01471238227710443
2000-08-21,-0.0024241352923565426
2000-08-22,-0.006878635281231095
2000-08-23,0.020648595078344736
2000-08-24,-0.01188961633234368
2000-08-25,-0.02180450983237953
2000-08-28,-0.018113320076409416
2000-08-29,-0.010865091774291116
2000-08-30,-0.007299443326055973
2000-08-31,0.0032538248128465563
2000-09-01,-0.0013665744490678963
2000-09-04,0.008231049208741941
2000-09-05,-0.0026716053930414957
2000-09-06,-0.00656673868778173
2000-09-07,-0.013002663626726967
2000-09-08,0.011295854243312243
2000-09-11,0.02304405229446074
2000-09-12,0.012230154664547254
2000-09-13,-0.007881080839478943
2000-09-14,0.00161955029998994
2000-09-15,-0.009208324815917398
2000-09-18,-0.0020021280471302846
2000-09-19,0.0018433959927379728
2000-09-20,-0.0019447074172601296
2000-09-21,-0.02122234777617305
2000-09-22,-0.010189842956536018
2000-09-25,0.007200795737517942
2000-09-26,-0.0029619264115084837
2000-09-27,0.00609353719238671
2000-09-28,0.012981921568497184
2000-09-29,0.013581094624233677
2000-10-02,0.01978082999358954
2000-10-03,-0.018251172874157617
2000-10-04,-0.006742572157932194
2000-10-05,0.030271346042581162
2000-10-06,0.00835879842421704
2000-10-09,-0.005427564398060941
2000-10-10,-0.006021919867093484
2000-10-11,-0.007353854558767109
2000-10-12,0.027534072952761054
2000-10-13,-0.0070567990955413586
2000-10-16,-0.015900488886057548
2000-10-17,-0.003910869306687565
2000-10-18,0.00401752328788622
2000-10-19,-0.014919992326018433
2000-10-20,-0.006128668435808598
2000-10-23,0.001963048354356702
2000-10-24,-0.0153343320386744
2000-10-25,0.0033598090246372003
2000-10-26,-0.013075293911160623
2000-10-27,-0.00869413151808621
2000-10-30,-0.00797522927036913
2000-10-31,0.008597918586260123
2000-11-01,-0.002830533245150004
2000-11-02,-0.018493247658429995
2000-11-03,0.009218419738121934
2000-11-06,-0.01205740526743727
2000-11-07,-0.006295115093031486
2000-11-08,-1.8704089250122513e-05
2000-11-09,-0.013239068832810051
2000-11-10,0.002677863759974322
2000-11-13,0.017196141440740217
2000-11-14,0.011927862443803432
2000-11-15,0.032980606282035335
2000-11-16,0.018847260945717568
2000-11-17,-0.009425641110927998
2000-11-20,0.009855986869199394
2000-11-21,-0.012198494209248342
2000-11-22,0.02043672746191576
2000-11-23,-0.01963752797845837
2000-11-24,-0.004701257313647615
2000-11-27,0.019260356017907643
2000-11-28,-0.0051920125113472035
2000-11-29,-0.005342687150965857
2000-11-30,-0.01132808995643289
2000-12-01,-0.007184164087198661
2000-12-04,0.006188347051635679
2000-12-05,0.0032279187769983925
2000-12-06,-0.001547282451968765
2000-12-07,0.02010392034898815
2000-12-08,-0.011238762284638194
2000-12-11,0.00608514784805431
2000-12-12,0.0013519911298188504
2000-12-13,-0.010208291747365272
2000-12-14,0.012904173606647699
2000-12-15,-0.006475628494035157
2000-12-18,0.0077069655656558204
2000-12-19,0.014507147557406171
2000-12-20,-0.014501467673243876
2000-12-21,-0.0022196148332167265
2000-12-22,-0.013567589671562318
2000-12-25,0.0036210658586449222
2000-12-26,0.01421746677491462
2000-12-27,-0.013156650845774632
2000-12-28,-0.005304504851442737
2000-12-29,-0.003983885342485328
2001-01-01,0.0008916684653939681
2001-01-02,0.00309642164905995
2001-01-03,0.01252113754277381
2001-01-04,0.01915770253848777
2001-01-05,-0.013662086906906984
2001-01-08,0.009957107330170332
2001-01-09,-0.011483844505166317
2001-01-10,-0.006639609020108007
2001-01-11,-9.3436538125765e-05
2001-01-12,0.024277584988000183
2001-01-15,0.0044080996133198415
2001-01-16,-0.007463083426112342
2001-01-17,0.012944890572629309
2001-01-18,-0.0020911024172347373
2001-01-19,-0.007714291195796107
2001-01-22,0.004467837428295235
2001-01-23,0.008151358801917679
2001-01-24,0.013597317748632192
2001-01-25,-0.011232200866825054
2001-01-26,0.0004407061674829467
2001-01-29,-0.010525178393503113
2001-01-30,-0.0051352849975248305
2001-01-31,0.008317273986864732
2001-02-01,0.0075653574368150685
2001-02-02,0.022674117962155845
2001-02-05,0.03136759325034226
2001-02-06,-0.010246522585501485
2001-02-07,-0.0003123885761401324
2001-02-08,0.011486520329136562
2001-02-09,-0.003728486541908344
2001-02-12,-0.010482629228249524
2001-02-13,-0.005854261265785605
2001-02-14,-0.0019849372154312657
2001-02-15,-0.008297425495697987
2001-02-16,-0.003464758712073048
2001-02-19,-0.004617252075543386
2001-02-20,0.027756314627191064
2001-02-21,-0.0016053736799333009
2001-02-22,-0.02102108210449986
2001-02-23,0.0019474869847456895
2001-02-26,0.0013945740124394236
2001-02-27,0.005606201403692321
2001-02-28,-0.017890264360043748
2001-03-01,0.023761091070306096
2001-03-02,-0.010244618895111409
2001-03-05,-0.008939624643843291
2001-03-06,0.0027231311804915385
2001-03-07,-0.017804575220002446
2001-03-08,0.009958711472980424
2001-03-09,0.00375852091906519
2001-03-12,0.01872245283866124
2001-03-13,-0.006268252118016664
2001-03-14,-0.016619963754105592
2001-03-15,-0.009219073017434682
2001-03-16,-0.0015425328196774293
2001-03-19,-0.02131704477035219
2001-03-20,0.011951963220314287
2001-03-21,-0.008509504435648324
2001-03-22,0.017019276354583054
2001-03-23,-0.000543244045333735
2001-03-26,-0.017547004018590467
2001-03-27,0.00850798098384881
2001-03-28,0.012491532002587683
2001-03-29,-0.0006183275256395719
2001-03-30,-0.011889521915800986
2001-04-02,-0.013959184402242234
2001-04-03,-0.008895342914738324
2001-04-04,-0.007771206717611473
2001-04-05,-0.009062681798208795
2001-04-06,0.006588659210033477
2001-04-09,-0.014083677267037274
2001-04-10,0.023373686747957336
2001-04-11,-0.014211175207092766
2001-04-12,0.02507601784128553
2001-04-13,0.0005564759626755338
2001-04-16,-0.013357594165421248
2001-04-17,0.001192458669923152
2001-04-18,0.007410207892963271
2001-04-19,0.012652228766926576
2001-04-20,-0.00025436132239453277
2001-04-23,-0.0002408256541273808
2001-04-24,-0.012004074491597889
2001-04-25,0.004217685898018738
2001-04-26,0.009773692709811859
2001-04-27,-0.0018592745579210784
2001-04-30,0.005156984623661178
2001-05-01,-0.007909698769853
2001-05-02,0.0002949813383723854
2001-05-03,-0.0084101540721679
2001-05-04,-0.013355844703146281
2001-05-07,-0.012456187414126366
2001-05-08,0.027518835473049303
2001-05-09,-0.016679024084694426
2001-05-10,0.016740420979917247
2001-05-11,-0.016941196564249774
2001-05-14,-0.006107212644827449
2001-05-15,0.0025100213329583253
2001-05-16,0.012562078338874797
2001-05-17,-0.0023881298497452803
2001-05-18,-0.02080640850333905
2001-05-21,0.0011199409779122371
2001-05-22,-0.00970120814356677
2001-05-23,-0.004730640777796984
2001-05-24,0.0412616849651561
2001-05-25,0.0017624918729865872
2001-05-28,-0.00683679382560513
2001-05-29,-0.01358764666682084
2001-05-30,-0.011625679224610302
2001-05-31,-0.0004381872795506808
2001-06-01,-0.00024968956405960543
2001-06-04,0.008898428107855152
2001-06-05,0.010213356000028626
2001-06-06,0.004199771882683702
2001-06-07,-0.013928617786263706
2001-06-08,-0.014548450134122964
2001-06-11,-0.003982355650896118
2001-06-12,-0.010454860068617282
2001-06-13,0.004892820602935149
2001-06-14,-0.0020409268286612804
2001-06-15,-0.01849726378117171
2001-06-18,-0.012964491537362262
2001-06-19,0.0013904955516271002
2001-06-20,-0.017068616958380335
2001-06-21,-0.014269470599395748
2001-06-22,0.00932089827759441
2001-06-25,0.01290422683237136
2001-06-26,0.008271135446735366
2001-06-27,-0.004532115989790975
2001-06-28,-0.015824050968781353
2001-06-29,0.0011352960571622411
2001-07-02,-0.0014626307638282328
2001-07-03,0.001996691391683996
2001-07-04,-0.011890649065126328
2001-07-05,0.0032752128501315862
2001-07-06,-0.007203099112025463
2001-07-09,0.004732445429870252
2001-07-10,-0.0072914599769262345
2001-07-11,-0.010587905554920158
2001-07-12,0.013461219262634706
2001-07-13,-0.012677272416858443
2001-07-16,0.009090016652527604
2001-07-17,0.013658556571051032
2001-07-18,-0.0006866356480801812
2001-07-19,0.011891474313724868
2001-07-20,-0.011950604839497198
2001-07-23,0.012558665565145354
2001-07-24,-0.016929289411976363
2001-07-25,0.0018072321099275208
2001-07-26,-0.011182303482761538
2001-07-27,-0.008313610995792895
2001-07-30,0.0013883777354130183
2001-07-31,-0.013638183197045226
2001-08-01,-0.00235330029612682
2001-08-02,-0.016841946238199228
2001-08-03,-0.003278290029670901
2001-08-06,0.0013909455807481035
2001-08-07,4.318804512455643e-05
2001-08-08,0.01980074036765046
2001-08-09,-0.011011886674972306
2001-08-10,-0.012088022626236162
2001-08-13,-0.012758686528750113
2001-08-14,-0.0008968146503404995
2001-08-15,-0.0118224152472365
2001-08-16,0.01014578141138463
2001-08-17,-0.007360779896410097
2001-08-20,-0.016334160321810023
2001-08-21,-0.010745171098669057
2001-08-22,-0.015265693936903675
2001-08-23,-0.009150538205700161
2001-08-24,0.013889031966328753
2001-08-27,-0.007225154750799143
2001-08-28,-0.00011431610834706368
2001-08-29,-0.0019190070664940016
2001-08-30,0.003315696871885914
2001-08-31,0.004623527689432201
2001-09-03,-0.0031531504114713955
2001-09-04,0.0018231209338281165
2001-09-05,0.020763593545861363
2001-09-06,-0.013676719412846497
2001-09-07,0.004476262013898762
2001-09-10,0.003546314839133955
2001-09-11,-0.009223553169221188
2001-09-12,0.0006573620372359798
2001-09-13,-0.0017205088416980575
2001-09-14,0.010997470924564604
2001-09-17,-0.008115354422731837
2001-09-18,-0.008082700227057694
2001-09-19,0.001208120479052447
2001-09-20,0.0070195828823550015
2001-09-21,0.010865707870553253
2001-09-24,-0.012600628351784124
2001-09-25,-0.006473263887992697
2001-09-26,0.02888676365625722
2001-09-27,0.005338269252459272
2001-09-28,-0.014397947113794872
2001-10-01,-0.009917032185082905
2001-10-02,-0.010856134589610596
2001-10-03,-0.0043723145059738205
2001-10-04,0.0153162199579303
2001-10-05,-0.010612500820958309
2001-10-08,0.00026236572383121423
2001-10-09,-0.0026479899331428094
2001-10-10,-0.005138438913869125
2001-10-11,-0.014121512294236938
2001-10-12,-0.018397177048795375
2001-10-15,0.00019042347246596078
2001-10-16,0.011999164074238244
2001-10-17,-0.00047902976597447716
2001-10-18,0.003938804661949728
2001-10-19,-0.006583213245783537
2001-10-22,-0.018347247137228788
2001-10-23,-0.001324777388990648
2001-10-24,-0.013219827075842728
2001-10-25,-0.0013906534747589114
2001-10-26,-0.00012572410682578153
2001-10-29,0.00030617856513036334
2001-10-30,-0.008486062462611237
2001-10-31,-0.005439881033814847
2001-11-01,-0.0063235418093481426
2001-11-02,0.005200931584140828
2001-11-05,0.010418001035603124
2001-11-06,-0.007164494750775869
2001-11-07,-0.002026594184365269
2001-11-08,-0.0070622877749678264
2001-11-09,-0.017960844388438528
2001-11-12,-0.013330839955714083
2001-11-13,-0.010804925367131171
2001-11-14,-0.015396954191794496
2001-11-15,0.009251292723185828
2001-11-16,-0.0003320912107328475
2001-11-19,-0.0051362460654062955
2001-11-20,-0.001899517638106276
2001-11-21,0.016025376053853183
2001-11-22,0.00813304811137765
2001-11-23,-0.01480718252643829
2001-11-26,-0.011030426517717335
2001-11-27,-0.016221098317029482
2001-11-28,-0.014916882238516081
2001-11-29,-0.009800172353267925
2001-11-30,-0.00454735950141541
2001-12-03,0.0069786987627609605
2001-12-04,0.0032921611914818287
2001-12-05,-0.01995610828312902
2001-12-06,0.0018994735452368197
2001-12-07,-0.009461126414346727
2001-12-10,-0.004476674481882083
2001-12-11,-0.005041667334792745
2001-12-12,0.005774538013024411
2001-12-13,0.0014244978319076784
2001-12-14,-0.004278469542800711
2001-12-17,-0.01706476483205004
2001-12-18,0.006071671584568932
2001-12-19,0.0017952297641380434
2001-12-20,0.01328284762766713
2001-12-21,0.010982706415153299
2001-12-24,0.026207875592495298
2001-12-25,0.00037922822385476687
2001-12-26,-0.008086548426193982
2001-12-27,0.004136292995464863
2001-12-28,0.021785325618498313
2001-12-31,0.01017736093621478
2002-01-01,-0.006620783559661208
2002-01-02,-0.019362016750488938
2002-01-03,-0.004961874467183623
2002-01-04,0.01113527521774273
2002-01-07,0.002571366946367122
2002-01-08,0.0003437796927933702
2002-01-09,0.0012225677871262296
2002-01-10,0.008708645747486667
2002-01-11,0.012695543662907729
2002-01-14,0.0004986418175108517
2002-01-15,-0.010378552430513657
2002-01-16,0.011516312319609454
2002-01-17,-0.01186851965379268
2002-01-18,0.00959847568972055
2002-01-21,-0.0031133816648024892
2002-01-22,-0.009570444457738529
2002-01-23,-0.010116370273716604
2002-01-24,0.0002950426948485421
2002-01-25,0.005032162829116105
2002-01-28,0.0063347158849105765
2002-01-29,0.008916471767912739
2002-01-30,-0.0014765032001190087
2002-01-31,-0.0036390554327790092
2002-02-01,-0.01155077400002407
2002-02-04,-0.010419095908317433
2002-02-05,0.017203578681671102
2002-02-06,-0.009206034422095043
2002-02-07,-0.0015095994810484376
2002-02-08,-0.014282752919341253
2002-02-11,0.018068855607444468
2002-02-12,-0.0019874428504545634
2002-02-13,0.007680864571411785
2002-02-14,-0.007513716887796847
2002-02-15,0.0031489949897280343
2002-02-18,0.001697571863286524
2002-02-19,0.014347886277716018
2002-02-20,-0.0025319510625870408
2002-02-21,-0.009052141564315148
2002-02-22,-0.010751905608778463
2002-02-25,-0.008318130069884803
2002-02-26,-0.011936999250978911
2002-02-27,0.01518900430393801
2002-02-28,-0.004494480682823106
2002-03-01,0.011143166313599021
2002-03-04,0.007961495360267388
2002-03-05,0.010025290192541118
2002-03-06,-0.0005541679216687113
2002-03-07,0.00018779144279523416
2002-03-08,0.0014416140287395601
2002-03-11,-0.007713453454834658
2002-03-12,0.006983729522451385
2002-03-13,-0.010127349141300325
2002-03-14,-0.010677276527449027
2002-03-15,-0.005266443007974481
2002-03-18,0.0012821778515306227
2002-03-19,-0.013228772028601517
2002-03-20,-0.004924897892839158
2002-03-21,0.03015432200349832
2002-03-22,0.001642838185714507
2002-03-25,-0.003015346224784412
2002-03-26,0.010770706340862645
2002-03-27,-0.007965927825705571
2002-03-28,0.02070298370312384
2002-03-29,0.017071382257762422
2002-04-01,-0.00936284907197743
2002-04-02,-0.016031180463668585
2002-04-03,0.008530592555840408
2002-04-04,-0.002119403258728326
2002-04-05,0.022598231010450696
2002-04-08,-0.015128818332245091
2002-04-09,0.008034103243141803
2002-04-10,0.0026912422505545354
2002-04-11,-0.003959296217534016
2002-04-12,-0.020232274729641044
2002-04-15,-0.007172456481668105
2002-04-16,0.01193962837439148
2002-04-17,0.004792373746016737
2002-04-18,0.004545320627893562
2002-04-19,-0.008609625619631418
2002-04-22,0.02532185894256069
2002-04-23,-0.0030836237507838524
2002-04-24,-0.003996802631619719
2002-04-25,-0.01227883746157954
2002-04-26,0.00908438271687403
2002-04-29,0.007153673912091204
2002-04-30,-0.018072891137024948
2002-05-01,-9.022648202674372e-05
2002-05-02,0.015823054235488247
2002-05-03,0.0437462225899134
2002-05-06,-0.006057110465409462
2002-05-07,0.017313236567586977
2002-05-08,-0.0050523744931340354
2002-05-09,-0.0010661992216936741
2002-05-10,0.013011637984467698
2002-05-13,-0.004798469385015498
2002-05-14,0.015008936222083196
2002-05-15,0.0194827945760566
2002-05-16,-0.014121812748349019
2002-05-17,0.007757196753262623
2002-05-20,-0.0020465759990432875
2002-05-21,0.005370131906701658
2002-05-22,-0.005917682889417072
2002-05-23,0.0032782710601096596
2002-05-24,0.01989533121980543
2002-05-27,-0.0061016657689549995
2002-05-28,0.015233396756965941
2002-05-29,0.03197937681215095
2002-05-30,0.004540339483355815
2002-05-31,-0.004537339263673331
2002-06-03,0.004541900672818698
2002-06-04,-0.005683200846478515
2002-06-05,0.021301927101787892
2002-06-06,0.0023759604290205134
2002-06-07,0.010345094640280477
2002-06-10,0.003038293920143244
2002-06-11,-0.001623993446735042
2002-06-12,0.0005367154946982373
2002-06-13,0.026337405762219778
2002-06-14,-0.006315488138443664
2002-06-17,0.0006620814956700069
2002-06-18,-0.0032440915776010062
2002-06-19,-0.005326332735561674
2002-06-20,-0.015239031226491902
2002-06-21,-0.004215578159674077
2002-06-24,0.010348067153752648
2002-06-25,-0.004648072268932445
2002-06-26,-6.934606852744551e-05
2002-06-27,-0.004676188593375562
2002-06-28,-0.012568845731134547
2002-07-01,0.030904598427474794
2002-07-02,0.005676098584791105
2002-07-03,0.011457346909491895
2002-07-04,0.0044660254520253705
2002-07-05,0.0003269457164350627
2002-07-08,-0.015318887978205414
2002-07-09,-0.016139259110722462
2002-07-10,-0.00042223883378387367
2002-07-11,3.574236786724888e-05
2002-07-12,-0.018077679831182088
2002-07-15,-0.002446737979951815
2002-07-16,0.005740445622461295
2002-07-17,-0.015413345571899831
2002-07-18,0.0022236133135721224
2002-07-19,-0.0009915381583812423
2002-07-22,-0.0028326380874230464
2002-07-23,0.018084102261009437
2002-07-24,0.008183138664953741
2002-07-25,-0.016081020663955253
2002-07-26,0.006506910847577374
2002-07-29,0.006375587001741959
2002-07-30,-0.004970206915847292
2002-07-31,-4.9792499621614805e-05
2002-08-01,0.008427917410105863
2002-08-02,0.005699020823002561
2002-08-05,-0.014112932263407589
2002-08-06,0.0032211590353301116
2002-08-07,0.023505421652866506
2002-08-08,-0.006880580923037217
2002-08-09,-0.009187887208306322
2002-08-12,-0.01013442683373624
2002-08-13,-0.013915456018422282
2002-08-14,0.009016060785003287
2002-08-15,0.002568036062420797
2002-08-16,0.011649193028155595
2002-08-19,-0.017637539703653827
2002-08-20,0.03890184930877007
2002-08-21,-0.0016338969792195103
2002-08-22,0.011983198608047804
2002-08-23,-0.003248935880447699
2002-08-26,-0.004090553582843243
2002-08-27,-0.006871403502169374
2002-08-28,0.004225674822316561
2002-08-29,0.0009021666779395233
2002-08-30,0.007590279320998126
2002-09-02,0.020831988213529707
2002-09-03,0.003242915933156551
2002-09-04,-0.0018459100493309066
2002-09-05,0.012299939166260359
2002-09-06,0.0030492726530267113
2002-09-09,-0.0060424563483187504
2002-09-10,0.023194425638791327
2002-09-11,-0.014279676151728178
2002-09-12,-0.010006050101235748
2002-09-13,0.011371742905389181
2002-09-16,-0.013325761944458796
2002-09-17,-0.0009986404194957318
2002-09-18,0.030533876400585937
2002-09-19,0.004587071447325435
2002-09-20,0.0011246614684791677
2002-09-23,-0.012532726774469765
2002-09-24,-0.0038669673689468304
2002-09-25,-0.010764472989524664
2002-09-26,-0.010001996561567583
2002-09-27,-0.0034057834421178518
2002-09-30,-0.01366408928864318
2002-10-01,-0.006482520829094413
2002-10-02,-0.00499256629908577
2002-10-03,-0.005720870350338508
2002-10-04,0.0031165877390108565
2002-10-07,0.0023118905426800715
2002-10-08,0.008192259448731618
2002-10-09,-0.001340156912112013
2002-10-10,0.004258364055901975
2002-10-11,0.01079596014261031
2002-10-14,-0.0066077163581068805
2002-10-15,0.023494418115730307
2002-10-16,0.0009866764463921443
2002-10-17,-0.00014229594523075886
2002-10-18,-0.01376701696697451
2002-10-21,0.0018760799034790616
2002-10-22,0.003490329996028888
2002-10-23,-0.01272863129791512
2002-10-24,-0.013480049461507616
2002-10-25,-0.010039019460176869
2002-10-28,-0.01207789468700531
2002-10-29,-0.0021113720629425646
2002-10-30,0.011830243933892034
2002-10-31,-0.0009269123179480414
2002-11-01,-0.0008075111834540752
2002-11-04,-0.0014738140091113822
2002-11-05,-0.009123039654931294
2002-11-06,-0.003784744270325102
2002-11-07,0.0049619048314298204
2002-11-08,0.0030503538052634935
2002-11-11,-0.001647343256416918
2002-11-12,-0.005641871195454156
2002-11-13,0.006667594062418809
2002-11-14,0.0015668424197168261
2002-11-15,0.005049583961328763
2002-11-18,0.03966693931864888
2002-11-19,-0.008168476726229192
2002-11-20,-0.00644954646809184
2002-11-21,-0.010093715710882706
2002-11-22,0.007937370667390132
2002-11-25,-0.0020977475420715305
2002-11-26,-0.012321577928692118
2002-11-27,-0.0016997662518948298
2002-11-28,0.0009926084450903663
2002-11-29,-0.008439188903699046
2002-12-02,-0.012342648200783759
2002-12-03,0.009197578118636893
2002-12-04,-0.010606680202585215
2002-12-05,0.0006154762634424313
2002-12-06,-0.019076277994067116
2002-12-09,0.0073849389376216025
2002-12-10,-0.006803665551646649
2002-12-11,-0.000585924012500464
2002-12-12,-0.011265199025781752
2002-12-13,0.016684538803961157
2002-12-16,0.013689495042990853
2002-12-17,0.004067419976872346
2002-12-18,-0.0036871686252583635
2002-12-19,-0.003829348170767348
2002-12-20,-0.0020643072296081186
2002-12-23,-0.009874648781968701
2002-12-24,-0.011857444629636933
2002-12-25,-0.003049481714526167
2002-12-26,-0.012077400721440514
2002-12-27,-0.00170909448945911
2002-12-30,-0.0037704271332052036
2002-12-31,-0.001284210152202557
2003-01-01,-0.01741627300633706
2003-01-02,0.0017957492305501824
2003-01-03,0.04872945956576494
2003-01-06,0.006558846376134332
2003-01-07,0.011941279195876727
2003-01-08,-0.003124694071939181
2003-01-09,0.007075509860633152
2003-01-10,-0.009578182353553628
2003-01-13,-0.008061351941560001
2003-01-14,-0.0076465775555008275
2003-01-15,0.02377525046335213
2003-01-16,-0.009431713293778643
2003-01-17,0.00854070755088272
2003-01-20,0.0005983086191361335
2003-01-21,-0.0008318618610446103
2003-01-22,0.02893024731312371
2003-01-23,-0.005412237130848183
2003-01-24,-0.007868724483585547
2003-01-27,-0.017184158129203674
2003-01-28,-0.014543984041178265
2003-01-29,0.0037242185292297794
2003-01-30,-0.0046284023805362624
2003-01-31,-0.014687666123774567
2003-02-03,-0.00542838731271094
2003-02-04,0.000708235077790751
2003-02-05,-0.00516363856766025
2003-02-06,0.006921902660182482
2003-02-07,0.0051462423948281134
2003-02-10,0.004687251327610106
2003-02-11,0.01861345705788026
2003-02-12,-0.019875334367765802
2003-02-13,-0.005170711168669583
2003-02-14,-0.0032383213910733392
2003-02-17,-0.01500513733758639
2003-02-18,0.0031052367500029217
2003-02-19,-0.006190851714372132
2003-02-20,-0.010054925147018093
2003-02-21,0.00041442160495173963
2003-02-24,-0.010375265180116122
2003-02-25,-0.004234601235452648
2003-02-26,0.011775362186465476
2003-02-27,-0.009595047020328495
2003-02-28,-0.013852316884703625
2003-03-03,-0.01612097152005665
2003-03-04,-0.01183663790051421
2003-03-05,0.018443034507204904
2003-03-06,-0.01597405389163339
2003-03-07,0.0031716103310103667
2003-03-10,-0.008978204383901022
2003-03-11,0.004803184272971675
2003-03-12,0.0013903740118638604
2003-03-13,-0.011144093952327391
2003-03-14,-0.0012056951004542418
2003-03-17,-0.008444096654436913
2003-03-18,0.014739245462606732
2003-03-19,-0.00307331572884819
2003-03-20,-0.008870069936647282
2003-03-21,-0.011747335158594581
2003-03-24,-0.01189826593303921
2003-03-25,-0.003890413911299642
2003-03-26,0.008071252022891193
2003-03-27,-0.005345794021991229
2003-03-28,0.0030088386097425306
2003-03-31,0.01188060990377832
2003-04-01,0.004864833860287247
2003-04-02,0.004821502564591004
2003-04-03,0.022845339473412548
2003-04-04,-0.0032582969701201725
2003-04-07,0.014721504412155185
2003-04-08,-0.006909651536049395
2003-04-09,0.06668397431944087
2003-04-10,0.002192190828031095
2003-04-11,-0.013283252360612667
2003-04-14,-0.00023508377879702044
2003-04-15,0.0027037210471274886
2003-04-16,-0.0008191644423495709
2003-04-17,-0.007421476017690526
2003-04-18,0.0031362429935239723
2003-04-21,0.015810003083608023
2003-04-22,0.026826656580972507
2003-04-23,-0.00267829975645802
2003-04-24,-0.01629053850030706
2003-04-25,0.023315035501650105
2003-04-28,-0.006494477059507977
2003-04-29,0.01614368456102654
2003-04-30,-0.0001529155051375082
2003-05-01,0.0137541836397941
2003-05-02,-0.011439916137715174
2003-05-05,0.0015402069435088393
2003-05-06,-0.003956554808860879
2003-05-07,-0.01949838134508279
2003-05-08,0.01908995652179631
2003-05-09,0.01490650644618725
2003-05-12,-0.0013453820613268837
2003-05-13,-0.011032030507409158
2003-05-14,0.0073329164122939265
2003-05-15,0.004228051655358233
2003-05-16,0.00015382522987676672
2003-05-19,-0.012915756603009886
2003-05-20,-0.0062743331246003994
2003-05-21,-0.01660651730650721
2003-05-22,0.008882844468854751
2003-05-23,0.010592778699953339
2003-05-26,-0.017703295078952932
2003-05-27,-0.005584404376045824
2003-05-28,-0.00554806887520351
2003-05-29,-0.010455818192687705
2003-05-30,-0.015105512223264483
2003-06-02,-0.00874898595302661
2003-06-03,0.0021443631701083717
2003-06-04,0.006250571900561344
2003-06-05,-0.0024966932833625187
2003-06-06,-0.0006870354159375057
2003-06-09,0.010092473294872433
2003-06-10,-0.016329437212642905
2003-06-11,-0.008069400743951155
2003-06-12,0.0003800231061789408
2003-06-13,-0.007185145110561578
2003-06-16,-0.0066333246299120005
2003-06-17,0.011418547839349733
2003-06-18,0.011821287895000154
2003-06-19,-0.009073341881934777
2003-06-20,-0.008334396880978256
2003-06-23,0.013609384367971874
2003-06-24,0.0081582350616041
2003-06-25,-0.008260337890962699
2003-06-26,0.00047171735273668705
2003-06-27,-0.015401199676062845
2003-06-30,-0.00035189179201105397
2003-07-01,0.006437667170986386
2003-07-02,-0.004701503810090376
2003-07-03,-0.0010755494031936437
2003-07-04,0.00650554204830937
2003-07-07,-0.0071683145004080885
2003-07-08,-0.013640156416726997
2003-07-09,0.0037738025618869603
2003-07-10,0.00704786140725468
2003-07-11,0.010734825230834685
2003-07-14,-0.008095116774025267
2003-07-15,-0.009780734547075289
2003-07-16,-0.006092932667820149
2003-07-17,0.007961066825207332
2003-07-18,-0.0067875847058984605
2003-07-21,0.00716627485126543
2003-07-22,-0.004348688547743226
2003-07-23,0.006421657611958054
2003-07-24,-0.01789252069592737
2003-07-25,-0.011770825881098027
2003-07-28,-0.01427854602927849
2003-07-29,-0.013712943771886579
2003-07-30,-0.0004907257494194822
2003-07-31,-0.0195894402871394
2003-08-01,-0.012329047127976398
2003-08-04,0.001431163862665695
2003-08-05,-0.0050019281492892954
2003-08-06,0.021827519587558183
2003-08-07,-0.0075668924345046705
2003-08-08,0.001764562546386149
2003-08-11,-0.01895728258210191
2003-08-12,-0.0018304452087721038
2003-08-13,0.029844682591053325
2003-08-14,-0.008023079098015931
2003-08-15,0.012801893687458887
2003-08-18,-0.0013007226831072138
2003-08-19,-0.0033679712394950774
2003-08-20,0.02407358477484944
2003-08-21,0.020498990775866106
2003-08-22,0.025017017638763992
2003-08-25,-0.0022840499968863302
2003-08-26,-0.005057261901969794
2003-08-27,0.003608055481689767
2003-08-28,-0.017127079085495968
2003-08-29,0.002904828668812389
2003-09-01,0.029088528441792143
2003-09-02,-0.007428850325727085
2003-09-03,-0.007241801015381855
2003-09-04,0.008410304519720187
2003-09-05,-0.006593792678443535
2003-09-08,-0.011420570836425488
2003-09-09,0.001578825493387108
2003-09-10,0.013253998042953439
2003-09-11,-0.019573642986635713
2003-09-12,0.00011153546921266119
2003-09-15,-0.0033722830344384974
2003-09-16,-0.017817874094375206
2003-09-17,-0.01007781681566734
2003-09-18,0.005003482884679899
2003-09-19,0.013943694964026535
2003-09-22,0.009469593308217918
2003-09-23,0.003900294948446653
2003-09-24,0.01073041738825432
2003-09-25,0.0033987381596040367
2003-09-26,-9.276214700390181e-05
2003-09-29,0.014157485820206487
2003-09-30,0.0008450197191865565
2003-10-01,0.003479745177526059
2003-10-02,-0.004174808616387336
2003-10-03,0.003257420338889462
2003-10-06,0.004512376965979736
2003-10-07,0.030663831667382815
2003-10-08,-0.0077913298941901035
2003-10-09,-0.004667559520569672
2003-10-10,0.0012442695371856945
2003-10-13,0.00142222305561732
2003-10-14,0.02004800314888409
2003-10-15,-0.010744693368711459
2003-10-16,0.0021574654951101654
2003-10-17,-0.0014818822946732098
2003-10-20,-0.004378690090036996
2003-10-21,0.00927666438012498
2003-10-22,-0.001347037855153596
2003-10-23,-0.0016181524782083907
2003-10-24,0.005984291315542668
2003-10-27,-0.0072086262643485215
2003-10-28,-0.013104918792786482
2003-10-29,0.011217708725442522
2003-10-30,0.008711460241286165
2003-10-31,0.003815063462103512
2003-11-03,-0.011317816246929954
2003-11-04,-0.0012516318839843332
2003-11-05,-0.00906735664718082
2003-11-06,0.0017844309353574513
2003-11-07,0.0051844797051360594
2003-11-10,0.024254454817393616
2003-11-11,-0.0026391187886710132
2003-11-12,-0.004378133546475729
2003-11-13,-0.015902186842924923
2003-11-14,0.0008938401634441887
2003-11-17,-0.00894628076726825
2003-11-18,0.013230033672943276
2003-11-19,-0.008644982646273627
2003-11-20,0.012750531923096647
2003-11-21,-0.005669156591411061
2003-11-24,0.0013411248453111396
2003-11-25,0.0028970149257875367
2003-11-26,0.0266313597204671
2003-11-27,-0.004335631996252677
2003-11-28,0.019877467032569155
2003-12-01,-0.012327210147720907
2003-12-02,-0.0015561856037668263
2003-12-03,-0.014545256800821249
2003-12-04,-0.00026131028428653946
2003-12-05,-0.008430467295047175
2003-12-08,-0.006028223194787994
2003-12-09,-0.0019860365387157457
2003-12-10,-0.005320453318460264
2003-12-11,-0.0007892194684231794
2003-12-12,0.020152582804527478
2003-12-15,-0.0034114795095000518
2003-12-16,-0.006022032114550362
2003-12-17,0.008699445324029765
2003-12-18,-0.008551821766794053
2003-12-19,0.007648121419970819
2003-12-22,0.0012856291445803893
2003-12-23,0.001750479099558739
2003-12-24,0.03227615327489393
2003-12-25,-0.001604881112640108
2003-12-26,-0.016526678865992635
2003-12-29,0.012816688377244766
2003-12-30,0.006217361433516193
2003-12-31,-0.005770707676258202
2004-01-01,0.038984502106076416
2004-01-02,-0.006772093998528031
2004-01-05,-0.012722956587326181
2004-01-06,0.006139078653040756
2004-01-07,0.0025060376187502897
2004-01-08,0.015095203895080494
2004-01-09,0.000946242271457582
2004-01-12,0.0009754906235790693
2004-01-13,-0.00842790061275367
2004-01-14,0.02077078540161532
2004-01-15,-0.014655706670153784
2004-01-16,-0.000540986392463895
2004-01-19,-0.011278767106394569
2004-01-20,-0.009134567791454135
2004-01-21,-0.014510784357505448
2004-01-22,0.001959972927315739
2004-01-23,0.02092328639489278
2004-01-26,-0.007451009099453957
2004-01-27,0.01370987990003877
2004-01-28,-0.012984141727376282
2004-01-29,0.017493877581810684
2004-01-30,-0.008651221651960112
2004-02-02,-0.01496944904561223
2004-02-03,-0.0020009322083233173
2004-02-04,0.0021018796620912855
2004-02-05,-0.0006476110633845018
2004-02-06,0.006419215738274805
2004-02-09,-0.006840781664158895
2004-02-10,-0.016526828641817176
2004-02-11,0.004501173394668021
2004-02-12,0.007233550653392529
2004-02-13,0.01644984786595884
2004-02-16,0.0009868078163868081
2004-02-17,0.0009816754943647657
2004-02-18,0.0008961040157186607
2004-02-19,-0.011165954986353307
2004-02-20,-0.0010755092789409455
2004-02-23,-0.0006714701483474424
2004-02-24,0.023811162162789116
2004-02-25,-0.005189427324484214
2004-02-26,0.001486946282788372
2004-02-27,-0.006860877134481708
2004-03-01,0.0021893027535276714
2004-03-02,-0.012795622348935321
2004-03-03,0.008126112192951288
2004-03-04,-0.0018104897007038337
2004-03-05,-0.0071006448704898015
2004-03-08,-0.00113247751422961
2004-03-09,0.005254781513666273
2004-03-10,-0.005253526325764545
2004-03-11,-0.007594390864955725
2004-03-12,-0.009504352051150895
2004-03-15,-0.004557889377996633
2004-03-16,-0.011504571026797989
2004-03-17,0.008630460506310136
2004-03-18,-0.010407582147404665
2004-03-19,-0.014324973330317235
2004-03-22,-0.012855561999506621
2004-03-23,0.0032960170703061793
2004-03-24,-0.0009253648659669905
2004-03-25,-0.008349815448537037
2004-03-26,0.0005491195536279671
2004-03-29,-0.009248537050280411
2004-03-30,0.04039326389866674
2004-03-31,0.006385234772507617
2004-04-01,0.000990315214191146
2004-04-02,0.012576710733658864
2004-04-05,-0.005436498976787649
2004-04-06,-0.0109165654127754
2004-04-07,-0.014366179032052334
2004-04-08,0.00042800653850923187
2004-04-09,0.019370356658190712
2004-04-12,0.004016662453156749
2004-04-13,0.006076911025823237
2004-04-14,-0.011130441286082817
2004-04-15,0.006772721942473189
2004-04-16,0.011862743825043019
2004-04-19,-0.010892514658098044
2004-04-20,0.005105507832437229
2004-04-21,0.023001102531998874
2004-04-22,-0.0186504570673466
2004-04-23,0.01406677385920917
2004-04-26,0.002475721558789154
2004-04-27,-0.012627386717197715
2004-04-28,0.008531165054015428
2004-04-29,0.024048434014971285
2004-04-30,-0.008645874916010373
2004-05-03,0.013181427211786858
2004-05-04,-0.005491067339098311
2004-05-05,0.0141726861820019
2004-05-06,-0.010155433216158609
2004-05-07,0.014872739895035712
2004-05-10,0.03432262584382097
2004-05-11,-0.0058498788892774115
2004-05-12,-0.01388638067120094
2004-05-13,-0.011554024365652355
2004-05-14,-0.014138861269464708
2004-05-17,0.015585842055440353
2004-05-18,0.014761249253332876
2004-05-19,0.015956274667053242
2004-05-20,-0.005351971451561119
2004-05-21,0.010751361443868058
2004-05-24,0.0103737972400768
2004-05-25,0.04231990905981274
2004-05-26,0.004451372484698391
2004-05-27,0.002623774581458342
2004-05-28,-0.005020339398824958
2004-05-31,0.017067287775297462
2004-06-01,-0.013579862038876121
2004-06-02,0.0011388263082686874
2004-06-03,-0.014582030450699248
2004-06-04,0.0029546189677306725
2004-06-07,-0.01440541293299648
2004-06-08,-0.01051346031606815
2004-06-09,-0.0027689716371576273
2004-06-10,-0.003577535706274112
2004-06-11,-0.006604221937044179
2004-06-14,0.00434890800881706
2004-06-15,0.03235120553916929
2004-06-16,-0.005217392549122204
2004-06-17,-0.009151058927752944
2004-06-18,0.003887091843752643
2004-06-21,0.05525308133992132
2004-06-22,0.006356669619194542
2004-06-23,0.031186755968601435
2004-06-24,-0.0030564464592325626
2004-06-25,0.00966024216149355
2004-06-28,-0.013213908616645932
2004-06-29,-0.004360322696924386
2004-06-30,-0.000554134480776642
2004-07-01,-0.0019560447927362036
2004-07-02,-0.0041795392394086
2004-07-05,0.01739910771873328
2004-07-06,-0.004978333505056061
2004-07-07,0.001305425098149498
2004-07-08,-0.014537774921285954
2004-07-09,-0.005719929072050812
2004-07-12,-0.005719650044427694
2004-07-13,0.011021317967804412
2004-07-14,-0.00590561858623535
2004-07-15,0.00811152135103579
2004-07-16,0.0170539232913622
2004-07-19,0.003987913129544798
2004-07-20,-0.015222170575839671
2004-07-21,-0.007650248180236616
2004-07-22,-0.0005900394057411947
2004-07-23,0.003601987144974436
2004-07-26,0.006699201145023311
2004-07-27,-0.008014991256038474
2004-07-28,0.005172398303776256
2004-07-29,-0.0028713262091517554
2004-07-30,-0.006862549262879155
2004-08-02,0.000958248025366204
2004-08-03,-0.011467742691036936
2004-08-04,0.016867076767184973
2004-08-05,0.007268216214534929
2004-08-06,0.02502852653266212
2004-08-09,-0.0023724709364825666
2004-08-10,0.006016218604366953
2004-08-11,-0.005089767713220641
2004-08-12,-0.0020100378952739896
2004-08-13,0.011229672389008561
2004-08-16,-0.0073619811546654194
2004-08-17,-0.012424977338018013
2004-08-18,-0.0026343307390742816
2004-08-19,0.012620352011593203
2004-08-20,0.0073647470891120455
2004-08-23,-0.0010039811728992862
2004-08-24,0.003589321202576993
2004-08-25,-0.011255403492759315
2004-08-26,0.023326615209430256
2004-08-27,-0.008573713853207727
2004-08-30,-0.005646937093762013
2004-08-31,0.03199267032045283
2004-09-01,0.009878014885363082
2004-09-02,-0.0027993761894702027
2004-09-03,0.010729444637103448
2004-09-06,-0.00389776430944044
2004-09-07,-0.007765813342391691
2004-09-08,-0.018488851107798753
2004-09-09,-0.011797584448817408
2004-09-10,0.001819213146677566
2004-09-13,-0.009915867009197363
2004-09-14,-0.005497054045471503
2004-09-15,0.029956033482714566
2004-09-16,-0.015352580562886289
2004-09-17,-0.011551012427505175
2004-09-20,-0.015791374156411388
2004-09-21,-0.002020412583807328
2004-09-22,-0.003407752881835438
2004-09-23,-0.014523598453842558
2004-09-24,0.025102209735943747
2004-09-27,0.0055351770335763835
2004-09-28,0.013391390854618952
2004-09-29,0.017416521919891844
2004-09-30,-0.017725014803313385
2004-10-01,0.0004263221848034293
2004-10-04,0.011762071758716335
2004-10-05,0.03293653361436272
2004-10-06,-0.012781801992182724
2004-10-07,-0.00712964326630541
2004-10-08,-0.0008600297673389962
2004-10-11,-0.008168447846866583
2004-10-12,-0.00895000810019789
2004-10-13,0.0019724090735356893
2004-10-14,-0.017484508195533877
2004-10-15,0.023494487982291253
2004-10-18,-0.00912869983683302
2004-10-19,-0.009160288303965664
2004-10-20,0.0017168155968783107
2004-10-21,0.024793250161555553
2004-10-22,0.006508060239591818
2004-10-25,-0.011135546620523473
2004-10-26,-0.014049616036807974
2004-10-27,-0.0069919036334206985
2004-10-28,-0.014714690287743306
2004-10-29,0.005857283296717804
2004-11-01,-0.0028206369761014337
2004-11-02,0.000733694241451744
2004-11-03,0.009325882102765203
2004-11-04,-0.018841650526139373
2004-11-05,-0.017339137047660193
2004-11-08,0.01891924044714142
2004-11-09,0.003159753626655614
2004-11-10,-8.42905951502354e-05
2004-11-11,-0.004319142100546285
2004-11-12,0.009350991761755429
2004-11-15,-0.015533179000506589
2004-11-16,-0.00665686030402881
2004-11-17,0.006836083656918606
2004-11-18,0.013744380671539273
2004-11-19,0.02073792246653274
2004-11-22,-0.010514689356169437
2004-11-23,0.0033594188544988357
2004-11-24,0.02518175414561288
2004-11-25,0.017110321360022777
2004-11-26,0.007336941033536489
2004-11-29,-0.01092404257838648
2004-11-30,-0.0037959236868170473
2004-12-01,-0.009214603588638915
2004-12-02,-0.005204602114269596
2004-12-03,-0.00023537100150933937
2004-12-06,-0.017162225505928514
2004-12-07,0.00939287255900904
2004-12-08,-0.017203735970515697
2004-12-09,-0.002418324794224821
2004-12-10,0.006741974557430013
2004-12-13,0.002184502166893365
2004-12-14,-0.0018164011876665338
2004-12-15,0.03552412998040033
2004-12-16,-0.0007522805179436473
2004-12-17,0.0023399056745389626
2004-12-20,-0.015175647063078808
2004-12-21,0.008072388354218165
2004-12-22,0.01832903738391131
2004-12-23,0.006438848327397887
2004-12-24,-0.00719051335893859
2004-12-27,0.018923309174108078
2004-12-28,0.020021553962176666
2004-12-29,-0.01712089113414115
2004-12-30,0.00017054639774205863
2004-12-31,-0.006968085229114834
2005-01-03,-0.014933168257392822
2005-01-04,-0.005719296703712278
2005-01-05,-0.011716582652307515
2005-01-06,0.015201784175015488
2005-01-07,0.03228436261643619
2005-01-10,0.0039796422174659014
2005-01-11,0.0029538012070141444
2005-01-12,0.015710187571678306
2005-01-13,-0.016547197455176514
2005-01-14,0.0038437024517786085
2005-01-17,0.009381820254503553
2005-01-18,-0.004452351119194731
2005-01-19,-0.011228858675815884
2005-01-20,0.011169480203906009
2005-01-21,0.012652069128191942
2005-01-24,0.009816294054089587
2005-01-25,0.015189882027397541
2005-01-26,-0.01780569591175094
2005-01-27,0.003235357892893701
2005-01-28,-0.003638954214251394
2005-01-31,-0.006394953828761197
2005-02-01,0.009383049529727076
2005-02-02,0.008014442220554665
2005-02-03,-0.006162623351050708
2005-02-04,0.004609865894167654
2005-02-07,-0.01134157330741122
2005-02-08,0.021610322510702173
2005-02-09,-0.005639665895510317
2005-02-10,0.0035713115395689388
2005-02-11,-0.0028686491247538574
2005-02-14,-0.011120815540582201
2005-02-15,0.010182011077574608
2005-02-16,-0.0025441996192778517
2005-02-17,-0.0027910115432804583
2005-02-18,0.005393789821003369
2005-02-21,0.015015660110503596
2005-02-22,0.0009768805837837222
2005-02-23,0.0027838873682908827
2005-02-24,0.009578956120327674
2005-02-25,0.0016200636475235813
2005-02-28,0.03346862594991801
2005-03-01,-0.009570447929635769
2005-03-02,-0.010761213962763328
2005-03-03,0.009063104705380898
2005-03-04,-0.006473702091076155
2005-03-07,-0.001205805713859278
2005-03-08,-0.003248732401290602
2005-03-09,-0.011574199458512952
2005-03-10,-0.007638967814454264
2005-03-11,-0.0046300981969591495
2005-03-14,-0.0007219300656517887
2005-03-15,-0.014284522186279049
2005-03-16,-0.006305691042020601
2005-03-17,-0.0006118656005891961
2005-03-18,0.010306946142826488
2005-03-21,-0.0003798058203567621
2005-03-22,-0.0028225616341104737
2005-03-23,0.013430306456833446
2005-03-24,0.005420566569053337
2005-03-25,0.013310667297720794
2005-03-28,-0.00323460899555476
2005-03-29,-0.0013265750709263863
2005-03-30,-0.008756482795876902
2005-03-31,-0.006035728922424058
2005-04-01,-0.012293133126639875
2005-04-04,-0.007494675073656185
2005-04-05,0.0014025489050485535
2005-04-06,0.009679506058566035
2005-04-07,0.04093184258082605
2005-04-08,0.006179704149910922
2005-04-11,-0.00410066951250293
2005-04-12,-0.003243993113166199
2005-04-13,0.012271334403655475
2005-04-14,0.009001903952836388
2005-04-15,-0.006412317056149586
2005-04-18,0.04371617637546124
2005-04-19,-0.005464228051940183
2005-04-20,0.007190252090270802
2005-04-21,-0.007946036468433074
2005-04-22,-0.005554912890686329
2005-04-25,-0.013390177096409854
2005-04-26,0.018474161934482775
2005-04-27,0.00043756154592414567
2005-04-28,0.00643467911254543
2005-04-29,0.006166608759000991
2005-05-02,0.0006901524278505634
2005-05-03,-0.007054023296946453
2005-05-04,0.012289645802725544
2005-05-05,-0.0054691181849540575
2005-05-06,0.00168608720246171
2005-05-09,-0.02013349385441123
2005-05-10,0.04177212338204263
2005-05-11,0.013853069317314361
2005-05-12,0.0056005976691181555
2005-05-13,-0.01642889701395413
2005-05-16,-0.01615061938256429
2005-05-17,0.0008072673405641294
2005-05-18,0.013022164707144308
2005-05-19,0.007659596936602852
2005-05-20,0.021317073338856702
2005-05-23,-0.019203987996366374
2005-05-24,-0.01211530761555751
2005-05-25,-0.013360350144956394
2005-05-26,-0.005155162203219439
2005-05-27,0.008431366561173454
2005-05-30,-0.013385289717399565
2005-05-31,0.0014373783314501828
2005-06-01,0.0061850756175166575
2005-06-02,0.00579113901913058
2005-06-03,-0.002611897392837313
2005-06-06,-0.002757034223096224
2005-06-07,0.007698364962233927
2005-06-08,-0.016869663461126
2005-06-09,-0.0013412396192315733
2005-06-10,-0.000629441256376196
2005-06-13,0.028182434413564803
2005-06-14,-0.01525618894995421
2005-06-15,0.004864847613179291
2005-06-16,-0.008120063124343522
2005-06-17,0.002511252955400972
2005-06-20,-0.00823327299470689
2005-06-21,-0.01111219255178771
2005-06-22,0.00274491962631793
2005-06-23,-0.013257207792819766
2005-06-24,-0.0008641731236518763
2005-06-27,-0.003793682690355474
2005-06-28,-0.011485826106158836
2005-06-29,-0.00490200235530925
2005-06-30,-0.014761272537314794
2005-07-01,-0.013082610502058162
2005-07-04,-0.010228841003674606
2005-07-05,-0.01657465403817311
2005-07-06,0.000327408042211149
2005-07-07,0.016742700442434876
2005-07-08,-0.006652723790562105
2005-07-11,-0.01595344825499871
2005-07-12,-0.006247258726664998
2005-07-13,-0.003504188125693867
2005-07-14,-0.007155876127999675
2005-07-15,0.007942566116535394
2005-07-18,0.018038958898943577
2005-07-19,0.00945807614914827
2005-07-20,-0.015226658187722775
2005-07-21,-0.013334310716872974
2005-07-22,-0.004992804716206629
2005-07-25,-0.0036232025903387283
2005-07-26,0.0034703387640171966
2005-07-27,-0.00589274843093367
2005-07-28,-0.004932497769301873
2005-07-29,-0.017687408160453708
2005-08-01,-0.00828409036139693
2005-08-02,-0.010025522895585526
2005-08-03,-0.006133740325231948
2005-08-04,-0.01379882621125954
2005-08-05,0.004176687839058519
2005-08-08,0.006177454362523243
2005-08-09,0.007156344816040817
2005-08-10,0.008228933831813164
2005-08-11,0.026002138299323855
2005-08-12,-0.020873346468221646
2005-08-15,0.010928466059679929
2005-08-16,-0.005618597155777234
2005-08-17,0.012410112894638985
2005-08-18,0.03503439956492775
2005-08-19,-0.017119360167735454
2005-08-22,0.007298773962807512
2005-08-23,0.0065904700648288725
2005-08-24,-0.016191107731056913
2005-08-25,0.023481967726113034
2005-08-26,-0.013749915556136178
2005-08-29,0.0036425368783681057
2005-08-30,-0.009059411126108214
2005-08-31,-0.0035637276652226643
2005-09-01,0.0019424047037378718
2005-09-02,-0.004862044793846693
2005-09-05,0.004130446439331359
2005-09-06,-0.0012330210833618876
2005-09-07,0.004086681477769829
2005-09-08,-0.00999894718276888
2005-09-09,0.02421284918230286
2005-09-12,0.004408521446140283
2005-09-13,-0.015519678872621874
2005-09-14,-0.012630121899435028
2005-09-15,-0.002999766229421604
2005-09-16,0.0008745073036851708
2005-09-19,-0.009773830250987593
2005-09-20,0.003295908484825416
2005-09-21,0.004995645863703352
2005-09-22,0.00041852108919543385
2005-09-23,0.0023689482180619947
2005-09-26,-0.005811830788001442
2005-09-27,-0.009202353621279668
2005-09-28,0.024382355128864514
2005-09-29,0.00959313914995644
2005-09-30,0.007697325105890055
2005-10-03,0.003582733092611926
2005-10-04,-0.01594282841630011
2005-10-05,-0.005128833627114186
2005-10-06,0.020103274473285308
2005-10-07,-0.006724529408177332
2005-10-10,0.002133485439146463
2005-10-11,0.02159097703740372
2005-10-12,0.012933021312215878
2005-10-13,-0.0008017466503296503
2005-10-14,-0.00891593115919282
2005-10-17,0.052438468000114036
2005-10-18,0.012536580330003027
2005-10-19,0.019888704857925394
2005-10-20,0.018493546416210264
2005-10-21,0.04006876498590936
2005-10-24,-0.007741298796019334
2005-10-25,0.006877089575777599
2005-10-26,0.020748366775019993
2005-10-27,-0.00447911403849403
2005-10-28,-0.0026775520299094947
2005-10-31,0.008911750004575596
2005-11-01,0.0016082553963324801
2005-11-02,-0.013455463077667365
2005-11-03,0.010803211920181691
2005-11-04,0.011846717371193739
2005-11-07,-0.00608393756892724
2005-11-08,0.03081718655075374
2005-11-09,-0.011521329846077977
2005-11-10,-0.00045917541099198614
2005-11-11,0.002179756278358473
2005-11-14,0.0025406976305509393
2005-11-15,0.008621215113194716
2005-11-16,0.006467619512511673
2005-11-17,0.01090489054912724
2005-11-18,-0.0077577323651453235
2005-11-21,0.010407248102742472
2005-11-22,-0.0015248731079662396
2005-11-23,-0.004824816661274704
2005-11-24,-0.006803485623881795
2005-11-25,0.02709068553700388
2005-11-28,-0.0009026220107989924
2005-11-29,0.021421670892438915
2005-11-30,-0.005214550210352473
2005-12-01,-0.010022422924196963
2005-12-02,-0.01661649283762215
2005-12-05,-0.0005693947264132707
2005-12-06,-0.009995873270056327
2005-12-07,0.0032031241795472953
2005-12-08,0.01859219269678881
2005-12-09,-0.011070957753116086
2005-12-12,0.027508209963583313
2005-12-13,0.029752633444592048
2005-12-14,0.011095908950581945
2005-12-15,0.02050746743386377
2005-12-16,-0.01363455892950391
2005-12-19,-0.007978876065389003
2005-12-20,0.034654219110637124
2005-12-21,0.004178615385389418
2005-12-22,0.010935670267822283
2005-12-23,-0.0014503409693084161
2005-12-26,0.006765777808741599
2005-12-27,0.0023134899743266976
2005-12-28,0.024806634830411626
2005-12-29,0.007270328562782421
2005-12-30,-0.011569731840490545
2006-01-02,0.0006027803075831992
2006-01-03,-0.0006805276494210588
2006-01-04,-0.002994316447398917
2006-01-05,-0.00829645123004064
2006-01-06,0.06052301902941121
2006-01-09,0.0038652125410902384
2006-01-10,-0.008850848148930737
2006-01-11,0.0005603564737182605
2006-01-12,0.0020701934854127253
2006-01-13,0.0021056372110266758
2006-01-16,0.0021983466042599445
2006-01-17,-0.008652732230748073
2006-01-18,0.007970377302981533
2006-01-19,-0.020420240434325117
2006-01-20,-0.007566820475007147
2006-01-23,0.01610779097354911
2006-01-24,-0.0145652937438415
2006-01-25,-0.013904421050354304
2006-01-26,-0.007797775321289321
2006-01-27,0.0212711299031668
2006-01-30,0.00012501009559930457
2006-01-31,-0.006846997039923659
2006-02-01,-0.010072771251234713
2006-02-02,-0.008096239017631245
2006-02-03,-0.003066229006349088
2006-02-06,-0.005781014410724154
2006-02-07,0.0015611178106013576
2006-02-08,0.009327889746939075
2006-02-09,-0.0048037626910859554
2006-02-10,-0.019638873814062645
2006-02-13,-0.014075416710856697
2006-02-14,0.024174382743563875
2006-02-15,0.0031317055676498493
2006-02-16,-0.00046660249316728825
2006-02-17,0.017507145361828274
2006-02-20,-0.011829797958877267
2006-02-21,-0.00995344342112999
2006-02-22,0.0028512890009357063
2006-02-23,-0.0036071754469940917
2006-02-24,-0.0023876435493166773
2006-02-27,-0.0004491346756700376
2006-02-28,-0.01293145157860628
2006-03-01,-0.0010823396602312498
2006-03-02,-0.004844942133490668
2006-03-03,-0.011481801715960646
2006-03-06,-0.0047455218568932325
2006-03-07,0.01384628974618263
2006-03-08,0.0006476175874140649
2006-03-09,0.006391025673402509
2006-03-10,0.004100363872852841
2006-03-13,-0.006896397922067327
2006-03-14,-0.005040434784543073
2006-03-15,0.00424111458739998
2006-03-16,0.006493885478985259
2006-03-17,0.019246822475837668
2006-03-20,0.01698215021438142
2006-03-21,0.005011059985593879
2006-03-22,-0.01673154075599687
2006-03-23,0.040563524501597045
2006-03-24,-0.011717779135219552
2006-03-27,0.006684090177670205
2006-03-28,-0.004886466300525187
2006-03-29,-0.012805695313480569
2006-03-30,-0.0007750646793872121
2006-03-31,0.021949148583472005
2006-04-03,-0.0025327349865382452
2006-04-04,0.005422965332859724
2006-04-05,0.0026253115910432646
2006-04-06,0.00017724312687722107
2006-04-07,-0.018373247491974398
2006-04-10,0.011193615816457381
2006-04-11,-0.012523041054101772
2006-04-12,-0.010738617545147447
2006-04-13,0.018168918371006
2006-04-14,-0.013213436750849392
2006-04-17,-0.008976649510691492
2006-04-18,-0.015074359550290366
2006-04-19,-0.012724038445994646
2006-04-20,-0.0119718656685341
2006-04-21,0.021809024549125897
2006-04-24,0.018797769327316142
2006-04-25,-0.009104129212622275
2006-04-26,0.0016835761286941656
2006-04-27,0.020425719724895427
2006-04-28,0.00029583566963349225
2006-05-01,0.004308852386029096
2006-05-02,0.01770299206001921
2006-05-03,-0.00844365414997213
2006-05-04,-0.005376697645181911
2006-05-05,-0.014273603103621687
2006-05-08,-0.013471928330964004
2006-05-09,0.013152588439034895
2006-05-10,0.017971455843092416
2006-05-11,-0.016698658396387997
2006-05-12,-0.019816604979292933
2006-05-15,0.0026730231559353723
2006-05-16,-0.0030036592988110337
2006-05-17,-0.013436282700612033
2006-05-18,-0.0059847473390994554
2006-05-19,-0.011518863524318705
2006-05-22,0.008069550386608896
2006-05-23,0.004577969649654838
2006-05-24,-0.004783318670910024
2006-05-25,0.02502752048360014
2006-05-26,-0.0009184618769175375
2006-05-29,0.008038161830188444
2006-05-30,-0.011581689072834016
2006-05-31,-0.0020607045872195334
2006-06-01,-0.014898830234701111
2006-06-02,-0.01256944684329359
2006-06-05,0.007672646408912565
2006-06-06,-0.007055258793450266
2006-06-07,-0.005262739904037982
2006-06-08,-0.015293320959033194
2006-06-09,0.021409501989557485
2006-06-12,-0.01293471230175288
2006-06-13,-0.006499692924794048
2006-06-14,-0.003042769378961231
2006-06-15,-0.01053904303006949
2006-06-16,-0.001148216249873546
2006-06-19,-0.014485421712915794
2006-06-20,0.04033568422206972
2006-06-21,-0.009179510835852743
2006-06-22,0.01012853389477603
2006-06-23,-0.00027887045476173225
2006-06-26,-0.0029542684523852364
2006-06-27,0.03687705451565958
2006-06-28,0.04179859460419298
2006-06-29,0.0005629375109144942
2006-06-30,-0.009642713580807406
2006-07-03,0.004717726121405731
2006-07-04,0.003943946540069614
2006-07-05,0.0008531968133740422
2006-07-06,-0.004684718092310119
2006-07-07,-0.0058756802785570675
2006-07-10,-0.0100594633212665
2006-07-11,-0.01208526664542801
2006-07-12,-0.011403018384300839
2006-07-13,0.02274550160504311
2006-07-14,0.05321622171705302
2006-07-17,0.019616366039746275
2006-07-18,-0.017896110096988216
2006-07-19,0.010335739494278105
2006-07-20,-0.0015891747231214677
2006-07-21,0.0017968198589585656
2006-07-24,-0.009506707648955582
2006-07-25,-0.005377257301075883
2006-07-26,0.022763891071029222
2006-07-27,-0.014133786984735525
2006-07-28,0.0063544623468452695
2006-07-31,-0.0016182905740103615
2006-08-01,0.0078386480604157
2006-08-02,0.0016168369305978002
2006-08-03,0.031051936901197705
2006-08-04,0.015771623272669105
2006-08-07,-0.010954224612224854
2006-08-08,-0.0033250033899017498
2006-08-09,-0.010590844550937315
2006-08-10,0.006899172101010948
2006-08-11,-0.012938216919389683
2006-08-14,0.01087923222363198
2006-08-15,-0.009550976219828379
2006-08-16,-0.0188791051255518
2006-08-17,0.006362380492397301
2006-08-18,0.003693713549579168
2006-08-21,0.0015038258314581526
2006-08-22,-0.005020030885881561
2006-08-23,0.02525847038074799
2006-08-24,-0.0050984924659200175
2006-08-25,-0.0060744022967152145
2006-08-28,0.006764333375548107
2006-08-29,-0.01476832939113237
2006-08-30,0.00044195910810445466
2006-08-31,0.003644496566970353
2006-09-01,-0.0018852316119323358
2006-09-04,-0.015571221495852454
2006-09-05,-0.009639207940659813
2006-09-06,0.01749856207893644
2006-09-07,0.0016357461510906786
2006-09-08,0.005824910952221603
2006-09-11,0.013038542526007463
2006-09-12,-0.006335653928928944
2006-09-13,0.009585969740800619
2006-09-14,0.00660928359164626
2006-09-15,-0.01670209284832693
2006-09-18,0.007193354807384398
2006-09-19,0.002006370830836414
2006-09-20,-0.016386102146552235
2006-09-21,0.00681987547358422
2006-09-22,-0.01014965865922374
2006-09-25,-0.00881510158352957
2006-09-26,-0.013452966484986586
2006-09-27,-0.01081186982237504
2006-09-28,-0.008731395605247834
2006-09-29,-0.016223851983220485
2006-10-02,0.017477684318078685
2006-10-03,-0.007244935197722575
2006-10-04,-0.002867480825398141
2006-10-05,0.00570353164780284
2006-10-06,0.01544153706086324
2006-10-09,-0.011057987628602111
2006-10-10,0.009187530373367472
2006-10-11,-0.001510711571072968
2006-10-12,-0.006338421806306772
2006-10-13,-0.020185280987366903
2006-10-16,0.010035991454342984
2006-10-17,0.02456425770876181
2006-10-18,-0.00837320720722554
2006-10-19,-0.0026477072487401908
2006-10-20,0.014699575914527311
2006-10-23,-0.005382243963487434
2006-10-24,0.0017198567481432822
2006-10-25,-0.012021869970393007
2006-10-26,-0.006623232444282392
2006-10-27,-0.01877630360858471
2006-10-30,-0.005964140883640435
2006-10-31,-0.003966801212152468
2006-11-01,0.0032903237199607936
2006-11-02,-0.007948087465864614
2006-11-03,0.0006232082525260176
2006-11-06,0.006401463137254898
2006-11-07,0.00805210914779125
2006-11-08,0.009499929305102985
2006-11-09,0.03719827834236537
2006-11-10,0.011537778285394224
2006-11-13,-0.01558878876356441
2006-11-14,-0.011701730964630777
2006-11-15,-0.003535774285889713
2006-11-16,0.004387468946923188
2006-11-17,0.01685498695608414
2006-11-20,0.0036311138817018557
2006-11-21,-0.01302274308358053
2006-11-22,0.019129148490421983
2006-11-23,0.009723193221234865
2006-11-24,0.005230562287837078
2006-11-27,-0.010802915758042726
2006-11-28,-0.01142746000740968
2006-11-29,0.009911706555244867
2006-11-30,0.0035086705503497607
2006-12-01,0.0153753569708843
2006-12-04,0.004693948833546263
2006-12-05,0.002607528312147264
2006-12-06,-0.014115674920254204
2006-12-07,-0.010852871806799407
2006-12-08,-0.010986686987660078
2006-12-11,-0.012664066015457186
2006-12-12,-0.013721897736944447
2006-12-13,-0.020670010798927163
2006-12-14,-0.009049714558409848
2006-12-15,-0.004765511648248483
2006-12-18,-0.001134374152273302
2006-12-19,0.000682537705447097
2006-12-20,0.0154276319499328
2006-12-21,-0.006821975361076239
2006-12-22,0.0023028122193010994
2006-12-25,-0.017227432029864296
2006-12-26,-0.01026283869265053
2006-12-27,-0.004425695883600516
2006-12-28,0.0004752351765160666
2006-12-29,0.0012231128282091108
2007-01-01,-0.02118876913152076
2007-01-02,-0.002900338774382366
2007-01-03,0.002316743430972882
2007-01-04,0.005586384761738991
2007-01-05,0.01622037727546022
2007-01-08,0.007853701094591898
2007-01-09,0.0011213833639432472
2007-01-10,-0.011385338510421074
2007-01-11,-0.0002718597061498254
2007-01-12,0.012327622525137489
2007-01-15,-0.010476571160585526
2007-01-16,-0.004038308129473377
2007-01-17,0.0038335856761298227
2007-01-18,0.003930474332924629
2007-01-19,0.005188461112808709
2007-01-22,0.004536115282472299
2007-01-23,-0.004794661086492971
2007-01-24,0.01101430737666698
2007-01-25,-0.008797441177680308
2007-01-26,-0.013713783885082695
2007-01-29,0.005797883727670209
2007-01-30,0.04379680065602122
2007-01-31,0.0055358170979907285
2007-02-01,-0.005967458033120945
2007-02-02,0.007965973040589647
2007-02-05,-0.01613052289876298
2007-02-06,0.018479218301487608
2007-02-07,-0.009294475048535962
2007-02-08,0.013678326680717754
2007-02-09,-0.002587928938707223
2007-02-12,0.011281935761416197
2007-02-13,0.014860525205644463
2007-02-14,-0.015198685175811397
2007-02-15,0.017748067472844634
2007-02-16,0.0006000375392467248
2007-02-19,0.007202985687796804
2007-02-20,-0.002006589195020052
2007-02-21,-0.010102393323993365
2007-02-22,0.014479575603816786
2007-02-23,-0.010558817691630222
2007-02-26,0.015678396864998983
2007-02-27,-0.011527323465337691
2007-02-28,-0.011406835268937964
2007-03-01,-0.00428227126280413
2007-03-02,0.01430175410586856
2007-03-05,-0.00964311111157206
2007-03-06,0.013897375678996137
2007-03-07,0.009219251581020934
2007-03-08,-0.008653306175574148
2007-03-09,-0.016147886146933722
2007-03-12,0.024848311049128217
2007-03-13,0.0017083190207930858
2007-03-14,0.0168270709497676
2007-03-15,0.01933725010199176
2007-03-16,-0.011795853864857282
2007-03-19,0.015883421037622605
2007-03-20,-0.009467566234027145
2007-03-21,0.008178751133513674
2007-03-22,0.025894563095191416
2007-03-23,-0.010064805992645217
2007-03-26,-0.003403099238736062
2007-03-27,-0.0018145217202227247
2007-03-28,-0.0052095852836122475
2007-03-29,-0.008896503128446927
2007-03-30,0.009391820566044835
2007-04-02,-0.0023166673599600805
2007-04-03,-0.00806162096014116
2007-04-04,-0.0023049431108833444
2007-04-05,0.0009682025582951025
2007-04-06,-0.011234204663028134
2007-04-09,0.007192404153795604
2007-04-10,-0.00956623542546364
2007-04-11,0.0007865775107699854
2007-04-12,0.006703519815744675
2007-04-13,0.018134207973909817
2007-04-16,-0.0017050457307094674
2007-04-17,-0.0009139166103421179
2007-04-18,0.0066684054162107105
2007-04-19,-0.01086998215877104
2007-04-20,0.00943319414557357
2007-04-23,-0.007080016040333401
2007-04-24,-0.010913414123961268
2007-04-25,0.010445396794491153
2007-04-26,-0.017221874405510852
2007-04-27,-0.00019069293732628528
2007-04-30,-0.001253964665805532
2007-05-01,0.03603271347589282
2007-05-02,-0.016101819358326705
2007-05-03,-0.004837811177396026
2007-05-04,-0.0062371368998566275
2007-05-07,0.010826725330106656
2007-05-08,-0.003893941475201588
2007-05-09,0.025158539987328952
2007-05-10,-0.013181842067306578
2007-05-11,0.01168882903973634
2007-05-14,-0.010635025548297813
2007-05-15,-0.005848960327819102
2007-05-16,0.005461338734294895
2007-05-17,-0.0023953573571666997
2007-05-18,0.0006217360721869764
2007-05-21,0.01637491104920508
2007-05-22,-0.015190070528287929
2007-05-23,-0.011603788166357553
2007-05-24,0.006820816391664434
2007-05-25,-0.00043684811505311297
2007-05-28,-0.012992756879808205
2007-05-29,0.006902855296558156
2007-05-30,-0.0007631837770847791
2007-05-31,0.02069524845684847
2007-06-01,0.024640135601635655
2007-06-04,0.002147206649531077
2007-06-05,-0.006105147690889563
2007-06-06,-0.008538795212410397
2007-06-07,-0.00037658176506742344
2007-06-08,-0.015431259981851317
2007-06-11,0.009449306615888196
2007-06-12,0.00018965888261414376
2007-06-13,0.02355501358698375
2007-06-14,-0.0025252964421604435
2007-06-15,-0.0030968156368933047
2007-06-18,0.03614303283677031
2007-06-19,0.0025878614113536737
2007-06-20,-0.009900290550759664
2007-06-21,0.0033135626614240847
2007-06-22,-0.0014231378672990222
2007-06-25,-0.008449404996402312
2007-06-26,0.015288658402397483
2007-06-27,-0.004836277077407386
2007-06-28,0.008588139116883175
2007-06-29,-0.00792656472523463
2007-07-02,-0.0012696688657011512
2007-07-03,-0.009275864559451502
2007-07-04,0.009690761780721095
2007-07-05,0.0039982519000309295
2007-07-06,-0.0009991323528588149
2007-07-09,0.0178028350940324
2007-07-10,0.004888933874684396
2007-07-11,-0.007965805428672212
2007-07-12,-0.0005319238400573502
2007-07-13,-0.0014225249799483357
2007-07-16,0.008739858094682262
2007-07-17,-0.0019950024084394342
2007-07-18,0.013668306541011557
2007-07-19,-0.018057232120175043
2007-07-20,0.01976586402544617
2007-07-23,-0.005603216511379603
2007-07-24,0.020745565331634273
2007-07-25,0.00627841467168095
2007-07-26,0.008133265443728065
2007-07-27,-0.020976459327495766
2007-07-30,-0.018303728384920115
2007-07-31,-0.004637026613233262
2007-08-01,-0.0026597195433006697
2007-08-02,0.013994623741706288
2007-08-03,0.03378373912858529
2007-08-06,0.018728399883598163
2007-08-07,0.006154277927329668
2007-08-08,0.00932708074599119
2007-08-09,-0.01210265439217957
2007-08-10,-0.0035697161331631477
2007-08-13,-0.0013358982621225757
2007-08-14,0.002935872390379443
2007-08-15,-0.014044127194030104
2007-08-16,-0.006199607754021209
2007-08-17,-0.004363230735477862
2007-08-20,-0.0060429020357010005
2007-08-21,0.006772330176487307
2007-08-22,0.0017272335783259651
2007-08-23,-0.007008664845905208
2007-08-24,-0.006634511313115054
2007-08-27,-0.007110967241829611
2007-08-28,0.008209235162566612
2007-08-29,-0.009571168627069363
2007-08-30,0.02747530925461095
2007-08-31,-0.002864283549756059
2007-09-03,0.05064646817866915
2007-09-04,-0.017404428590314366
2007-09-05,-0.005889620990107938
2007-09-06,0.007792073947025479
2007-09-07,-0.011981087560664011
2007-09-10,0.0024697066699386414
2007-09-11,0.011811162409304962
2007-09-12,0.0033317036256058988
2007-09-13,-0.002658890950734419
2007-09-14,0.020690500894226627
2007-09-17,-0.01144740015208714
2007-09-18,-0.0038336112730792717
2007-09-19,-0.001008868356526256
2007-09-20,-0.00932092773047237
2007-09-21,-0.001639410720710957
2007-09-24,-0.00223132642516952
2007-09-25,-0.014078841896501514
2007-09-26,0.01535973834433713
2007-09-27,-0.008924554525838818
2007-09-28,0.0004064810124860957
2007-10-01,-0.013143823203799932
2007-10-02,0.0009614917325473406
2007-10-03,-0.011653241393911268
2007-10-04,-0.000585845051682285
2007-10-05,0.008406294211518745
2007-10-08,-0.011877246813812654
2007-10-09,-0.009322384575853366
2007-10-10,0.0014086390316108283
2007-10-11,-0.010162534324793254
2007-10-12,-0.011560139519305767
2007-10-15,-0.011084748786131277
2007-10-16,-0.003831510972908077
2007-10-17,0.004377927738352858
2007-10-18,0.006636452911603672
2007-10-19,0.009819973248843848
2007-10-22,0.026250388861612742
2007-10-23,0.022937279521369053
2007-10-24,0.014409878198301303
2007-10-25,0.006628239508625931
2007-10-26,-0.015503557188522737
2007-10-29,-0.005394755263325491
2007-10-30,-0.004855246275214997
2007-10-31,0.0007539299606923386
2007-11-01,0.0014878284880275143
2007-11-02,0.008596201779846966
2007-11-05,0.028681987452104273
2007-11-06,-0.0037601703669072964
2007-11-07,-0.0034893989940754933
2007-11-08,0.016113514111395475
2007-11-09,-0.0037547496731258415
2007-11-12,-0.005212436101672612
2007-11-13,-0.015273347911931964
2007-11-14,-0.015152115594885981
2007-11-15,0.012484723727293496
2007-11-16,7.66727495088021e-05
2007-11-19,-0.0009431016684243072
2007-11-20,-0.004313315078412639
2007-11-21,-0.006555478912233955
2007-11-22,-0.004203239890044799
2007-11-23,-0.012729762514676042
2007-11-26,-0.019860905695705186
2007-11-27,0.025165821627259218
2007-11-28,0.002300862231806186
2007-11-29,0.005753634213578978
2007-11-30,-0.014165480968314825
2007-12-03,-0.012211926428186888
2007-12-04,0.015403825321644759
2007-12-05,-0.002295591884810197
2007-12-06,-0.006755108516155066
2007-12-07,0.005590619131145086
2007-12-10,-0.012502002386268123
2007-12-11,-0.0013665736598859717
2007-12-12,-0.008296168844772342
2007-12-13,-0.007428153594985186
2007-12-14,-0.01769841336867273
2007-12-17,0.002170449678387247
2007-12-18,-0.016326966313970355
2007-12-19,-0.007185381928906092
2007-12-20,-0.013518838666458614
2007-12-21,-0.008727190221690873
2007-12-24,-0.008213993464240288
2007-12-25,0.011805438776672863
2007-12-26,-0.010077999845518472
2007-12-27,-7.665325657051428e-05
2007-12-28,0.012130569932751457
2007-12-31,-0.01146164680542027
2008-01-01,0.014066069809687973
2008-01-02,0.012333298450203607
2008-01-03,-0.015066547423183805
2008-01-04,-0.001256948180695848
2008-01-07,-0.0022871460642889356
2008-01-08,0.008331537649462723
2008-01-09,-0.011588221097573698
2008-01-10,-0.004612703493030418
2008-01-11,0.011082946218680476
2008-01-14,-0.017630694804933775
2008-01-15,0.00818907928524176
2008-01-16,-0.017728086010779322
2008-01-17,-0.019536158109760428
2008-01-18,-0.0036843493543577063
2008-01-21,0.018064736105509332
2008-01-22,-0.013058696149864874
2008-01-23,-0.007438035294813582
2008-01-24,-0.01142650938536715
2008-01-25,-0.0036126963822927342
2008-01-28,-0.015535677371764025
2008-01-29,0.0159133165960107
2008-01-30,-0.008657908527156286
2008-01-31,-0.0003159610404469722
2008-02-01,-0.009538279162030917
2008-02-04,0.019539231155560336
2008-02-05,0.0490989531433578
2008-02-06,-0.00827611015602676
2008-02-07,-0.0028670835864316804
2008-02-08,-0.009814150928221268
2008-02-11,-0.012138533205282773
2008-02-12,-0.008188207248213925
2008-02-13,0.023507811522733183
2008-02-14,-0.003257653006514226
2008-02-15,-0.004838744432879662
2008-02-18,-0.014053040186329515
2008-02-19,-0.02158284050709413
2008-02-20,0.010471209813857896
2008-02-21,-0.006496138983153502
2008-02-22,0.006046732317016634
2008-02-25,0.01243449493161514
2008-02-26,-0.012055984572328284
2008-02-27,0.013834110934436625
2008-02-28,0.004099987098984521
2008-02-29,0.027133206730426584
2008-03-03,-0.00936027560898959
2008-03-04,-0.0034331831915291357
2008-03-05,-0.006074633214685467
2008-03-06,-0.010151537063231016
2008-03-07,-0.0049213807999626685
2008-03-10,-0.006798423586439738
2008-03-11,-0.0016427248967416236
2008-03-12,-0.006121849754553967
2008-03-13,-0.0070285312519430924
2008-03-14,0.0014691480718003157
2008-03-17,-0.0057162216430484795
2008-03-18,-0.009829181314410535
2008-03-19,-0.0025847288841243515
2008-03-20,0.0037754927543662033
2008-03-21,-0.016406072323929106
2008-03-24,-0.005102556866366421
2008-03-25,0.021086640167923724
2008-03-26,0.020733017016565162
2008-03-27,-0.015820028511168132
2008-03-28,-0.004232272791280221
2008-03-31,-0.013010648911829783
2008-04-01,0.012306492347624366
2008-04-02,-0.0008548072781928706
2008-04-03,0.014536218299951133
2008-04-04,0.028692867343370326
2008-04-07,-0.00735405915569768
2008-04-08,-0.007939137943655934
2008-04-09,-0.009364775758032151
2008-04-10,-0.002297043190576841
2008-04-11,0.024548452507955867
2008-04-14,0.010078377731107289
2008-04-15,-0.01178609144344639
2008-04-16,-0.006374157785484079
2008-04-17,0.003843729944073601
2008-04-18,-0.007827255520455538
2008-04-21,0.0035014164266559886
2008-04-22,0.0036918475232523285
2008-04-23,-0.006655552451557082
2008-04-24,-0.014536838062071086
2008-04-25,0.010495023898822491
2008-04-28,-0.0101131284520231
2008-04-29,0.01230995712015796
2008-04-30,0.006222919505898018
2008-05-01,8.019468679475172e-06
2008-05-02,0.021991171682242027
2008-05-05,-0.0039032880194574647
2008-05-06,0.014634393746909762
2008-05-07,-0.0036758036871687924
2008-05-08,0.004909895868069197
2008-05-09,0.022573346023821498
2008-05-12,0.00529406831505232
2008-05-13,0.0017973393256565107
2008-05-14,-0.021849907148453987
2008-05-15,0.0006492713243896192
2008-05-16,-0.01357366575600209
2008-05-19,-0.006007079736643273
2008-05-20,-0.007575730143956624
2008-05-21,-0.0021840483310783497
2008-05-22,0.0009300054979057976
2008-05-23,0.015850643896264126
2008-05-26,0.0055573349677039315
2008-05-27,-0.0059671682272227945
2008-05-28,0.023360748898447043
2008-05-29,0.01285891728099094
2008-05-30,0.0008030922091635806
2008-06-02,-0.0026122355633805654
2008-06-03,-0.00781017226967114
2008-06-04,-0.01710803067040438
2008-06-05,-0.009997169232264616
2008-06-06,-0.008157660016654071
2008-06-09,-0.00041325382071839487
2008-06-10,0.0009060944605949472
2008-06-11,0.025690370526954744
2008-06-12,0.00753485013612647
2008-06-13,0.0002741393898998794
2008-06-16,-0.017879064693184062
2008-06-17,-0.010577474949476676
2008-06-18,-0.001376089941592891
2008-06-19,-0.014212966102537772
2008-06-20,0.002386121063341233
2008-06-23,0.02127536470911386
2008-06-24,0.004491200852881218
2008-06-25,-0.0065674044581925
2008-06-26,-0.0030811911010110056
2008-06-27,-0.005827939567246882
2008-06-30,-0.00454971085157925
2008-07-01,-0.01017302536691917
2008-07-02,0.011749453571802935
2008-07-03,-0.016423647205412478
2008-07-04,-0.016383869394101726
2008-07-07,-0.007429024245749871
2008-07-08,0.008965647711152023
2008-07-09,0.011960977384965907
2008-07-10,-0.007576641218691182
2008-07-11,-0.009468441124841407
2008-07-14,0.008507363980682189
2008-07-15,0.005760161995422466
2008-07-16,-0.007634038640315224
2008-07-17,0.004125751863320738
2008-07-18,0.0024494946777692053
2008-07-21,0.018139863168873154
2008-07-22,0.006892381144356693
2008-07-23,-0.007008460545061657
2008-07-24,-0.01433434441014403
2008-07-25,-0.0011557682770093058
2008-07-28,-0.010648863153870768
2008-07-29,-0.0008215103317697758
2008-07-30,-0.0011397508317474575
2008-07-31,-0.005847585266810423
2008-08-01,-0.012966239410216652
2008-08-04,-0.004289241489780788
2008-08-05,-0.017509113950769796
2008-08-06,-0.008884262061476949
2008-08-07,0.001915446413706754
2008-08-08,0.015529384309581468
2008-08-11,-0.004794068965827552
2008-08-12,-0.009854993542552369
2008-08-13,-0.010111502013492035
2008-08-14,-0.007210047371198493
2008-08-15,0.0027465074246602363
2008-08-18,0.02395243234357575
2008-08-19,0.01900432984347657
2008-08-20,0.0035062920440407618
2008-08-21,-0.01517669045450554
2008-08-22,-0.011406302251169327
2008-08-25,-0.007087083744377366
2008-08-26,-0.011799907883624115
2008-08-27,-0.0035643221347784713
2008-08-28,-0.002367886775768241
2008-08-29,0.005753082149273666
2008-09-01,-0.008193262744246654
2008-09-02,-0.009617472416623796
2008-09-03,-0.011564533905383291
2008-09-04,-0.013771267050365207
2008-09-05,0.007104592229160388
2008-09-08,0.013447564876154613
2008-09-09,-0.004649488480993582
2008-09-10,-0.005896081466878124
2008-09-11,0.004351653642813997
2008-09-12,-0.020493856238969325
2008-09-15,-7.029245785717536e-05
2008-09-16,-0.0071318613689033555
2008-09-17,-0.00020421739676340644
2008-09-18,0.004384831668534754
2008-09-19,0.01004871756005855
2008-09-22,-0.014229503824866952
2008-09-23,-0.0014041460635498618
2008-09-24,-0.003865566299925075
2008-09-25,-0.009323807879135315
2008-09-26,-0.01726529991145629
2008-09-29,0.023806578159082086
2008-09-30,-0.004027790962631676
2008-10-01,0.00934129025042731
2008-10-02,0.006332429308001743
2008-10-03,0.0020269426929672048
2008-10-06,-0.01254384559948708
2008-10-07,0.011569951494561682
2008-10-08,-0.0022141541375785313
2008-10-09,0.004167345657006528
2008-10-10,0.0008161172777812684
2008-10-13,-0.01725954688218187
2008-10-14,-0.00020418701564377598
2008-10-15,-0.0022571364539288423
2008-10-16,-0.01408608874892603
2008-10-17,0.003519561175592288
2008-10-20,-0.007011020822613026
2008-10-21,0.019616375736796667
2008-10-22,-0.005479827136966521
2008-10-23,0.005438393481604863
2008-10-24,-0.007013065557725278
2008-10-27,0.003761553345214906
2008-10-28,0.03226483351019668
2008-10-29,-0.0158820463616138
2008-10-30,-0.0093121327562785
2008-10-31,-0.013107369809847584
2008-11-03,-0.008830655783819023
2008-11-04,0.020604156817791996
2008-11-05,0.006137341944452767
2008-11-06,-0.01166452103669217
2008-11-07,-0.020609057136139246
2008-11-10,0.006324937273001166
2008-11-11,-0.004065293236703085
2008-11-12,0.034473249656832114
2008-11-13,-0.00650724862623709
2008-11-14,0.027784888563061157
2008-11-17,-0.00870801339548086
2008-11-18,-0.01858730225399051
2008-11-19,-0.006148677011565792
2008-11-20,0.0027714987285842527
2008-11-21,0.004551901675048393
2008-11-24,0.024816532169610123
2008-11-25,-0.017389575952011776
2008-11-26,-0.014867218264605254
2008-11-27,0.003024453819431311
2008-11-28,0.0005115161574417437
2008-12-01,0.04575023378509216
2008-12-02,0.006028354154032148
2008-12-03,0.0019631145733044683
2008-12-04,0.010949568393553485
2008-12-05,0.004432465779285383
2008-12-08,-0.0014276268326901612
2008-12-09,0.008998846163199462
2008-12-10,-0.0053047663339279155
2008-12-11,0.008742866657974604
2008-12-12,0.02230055325828152
2008-12-15,0.01625203980551174
2008-12-16,-0.00929383685917974
2008-12-17,0.001784178355292737
2008-12-18,-0.005724460653679098
2008-12-19,-0.0110833690919076
2008-12-22,0.013685195991674736
2008-12-23,-0.009522498134896385
2008-12-24,-0.002522492542700497
2008-12-25,0.026679556990467635
2008-12-26,0.006446806821466013
2008-12-29,0.020287974228860767
2008-12-30,0.0021962417372573158
2008-12-31,-0.01113378780747865
2009-01-01,-0.00244105789649135
2009-01-02,-0.011196084191163
2009-01-05,0.02210503436114462
2009-01-06,0.002042212134512854
2009-01-07,-0.0031001068795153165
2009-01-08,-0.019183164644736378
2009-01-09,0.011817430303725857
2009-01-12,-0.005336926854167045
2009-01-13,-0.005306954834093606
2009-01-14,-0.00894908440212664
2009-01-15,0.021610761297016747
2009-01-16,-0.014272645856819074
2009-01-19,0.0012270505684875525
2009-01-20,-0.0070967377599818054
2009-01-21,-0.017611834509164072
2009-01-22,0.0018916940701186186
2009-01-23,-0.005244946428595985
2009-01-26,-0.014153974219278364
2009-01-27,0.00634110812129636
2009-01-28,-0.006388541619690678
2009-01-29,-0.016337703591074563
2009-01-30,-0.016381329376450246
2009-02-02,0.017973480244432797
2009-02-03,-0.000492561763341396
2009-02-04,0.0009953563407888583
2009-02-05,-0.007010805525882513
2009-02-06,-0.014581050377705441
2009-02-09,0.01684943749738205
2009-02-10,-0.002534231021755512
2009-02-11,0.010841071978446106
2009-02-12,0.008420018966320646
2009-02-13,-0.01112804618712131
2009-02-16,-0.01626236503577736
2009-02-17,0.01762261319285637
2009-02-18,-0.01104510521310842
2009-02-19,0.004038276874796392
2009-02-20,-0.009490931668624912
2009-02-23,0.002562789061853782
2009-02-24,-0.00471372058947658
2009-02-25,-0.012702642513928325
2009-02-26,-0.003117200172517657
2009-02-27,0.0090430097766547
2009-03-02,0.013126878270156048
2009-03-03,-0.022628161119876443
2009-03-04,-0.007800656221131321
2009-03-05,-0.003358846205192726
2009-03-06,-0.013900499470999719
2009-03-09,0.002823296683753671
2009-03-10,0.018297150955568903
2009-03-11,-0.0016538127604052363
2009-03-12,0.015023484238484725
2009-03-13,0.01908359871803596
2009-03-16,0.014288973891039152
2009-03-17,0.013956902657385108
2009-03-18,0.0002680304223219507
2009-03-19,-0.009801980845943645
2009-03-20,-0.0012496214516140268
2009-03-23,0.027667875523356086
2009-03-24,-0.01796901163737042
2009-03-25,0.001316529611881622
2009-03-26,0.010320374890222608
2009-03-27,-0.013603897415754436
2009-03-30,0.00032798287412822216
2009-03-31,0.011240019532320521
2009-04-01,0.00135850206431384
2009-04-02,-0.00051165801529518
2009-04-03,-0.008999575451983493
2009-04-06,0.011055664986235291
2009-04-07,0.003946825699722042
2009-04-08,-0.006710327012543191
2009-04-09,0.016971735307933552
2009-04-10,-0.004628694689251707
2009-04-13,0.02243228279931374
2009-04-14,-0.008258151346617316
2009-04-15,0.014234542270215787
2009-04-16,0.0005778432241805645
2009-04-17,0.019923006474983528
2009-04-20,-0.00935023802512857
2009-04-21,-0.010529645679945243
2009-04-22,-0.0027562918401388206
2009-04-23,-0.005515006121500014
2009-04-24,-0.002988519816225995
2009-04-27,-0.012976845026691237
2009-04-28,0.02387940676689145
2009-04-29,0.003665002185797142
2009-04-30,0.006376626774933957
2009-05-01,-0.00433603872699851
2009-05-04,0.01486670178806981
2009-05-05,0.008128300049260424
2009-05-06,-0.00933785550128365
2009-05-07,-0.0008273226400487693
2009-05-08,-0.004135417641363787
2009-05-11,-0.007988745884929479
2009-05-12,0.004740101103332405
2009-05-13,-0.002459461288574452
2009-05-14,-0.0004099632018716229
2009-05-15,-0.014973867622294882
2009-05-18,-0.014638306811676839
2009-05-19,-0.009126787397692128
2009-05-20,0.012249464382526252
2009-05-21,-0.015904252465967952
2009-05-22,-0.017313081762073683
2009-05-25,0.012343984804179992
2009-05-26,0.027119541750586274
2009-05-27,-0.008577652021697028
2009-05-28,-0.00915607506578654
2009-05-29,0.004086582976820394
2009-06-01,0.01149247031346631
2009-06-02,-0.005634848973842439
2009-06-03,0.015339856627475484
2009-06-04,0.0006604555250767918
2009-06-05,-0.009927153604500298
2009-06-08,-0.014111570695198234
2009-06-09,0.018125250049324786
2009-06-10,-0.003935892539422066
2009-06-11,-0.008708902684585601
2009-06-12,-0.010582118441778322
2009-06-15,-0.006574393969461207
2009-06-16,0.006517313381228573
2009-06-17,0.013660225428654593
2009-06-18,-0.0004190751948603133
2009-06-19,-0.007029685252217973
2009-06-22,0.018846209365993984
2009-06-23,0.012336886537750478
2009-06-24,0.009689886005747068
2009-06-25,0.0024963025444865936
2009-06-26,-0.008100919754847152
2009-06-29,-0.0017670391698215646
2009-06-30,-0.009364576384805243
2009-07-01,-0.017464358321375224
2009-07-02,0.02320703359314606
2009-07-03,0.003826530637317572
2009-07-06,0.00523752586022929
2009-07-07,-0.010701433482129189
2009-07-08,0.017463188015365536
2009-07-09,-0.0013994826583305642
2009-07-10,0.00696032930462424
2009-07-13,0.013991479788380865
2009-07-14,0.003868554987271143
2009-07-15,0.0032697185585299077
2009-07-16,0.0004352425667775474
2009-07-17,-0.008786739488077618
2009-07-20,-0.00426774678384631
2009-07-21,0.01839931920104197
2009-07-22,-0.0052975721535571466
2009-07-23,0.0003848809022109559
2009-07-24,-0.013871837155510604
2009-07-27,-0.007823138013235986
2009-07-28,-0.007323099919465073
2009-07-29,-0.016734042193856793
2009-07-30,-0.00019485398389365582
2009-07-31,0.00782185268010335
