2000-01-03,0.005653271883079836
2000-01-04,0.01277930043931939
2000-01-05,0.002241367661550024
2000-01-06,-0.015176001816495466
2000-01-07,0.009234805648974862
2000-01-10,0.011492508457474838
2000-01-11,0.017346387750219808
2000-01-12,0.01854934385154961
2000-01-13,0.006149355722283176
2000-01-14,0.012649980683862364
2000-01-17,-0.0037253249584403014
2000-01-18,-0.003948886394368981
2000-01-19,0.019445028075225183
2000-01-20,-0.016867127621757166
2000-01-21,0.0013775955491607886
2000-01-24,0.02026746016293145
2000-01-25,-0.001814651288797084
2000-01-26,-0.0023369783582773487
2000-01-27,0.004924984702560125
2000-01-28,0.017579322931809648
2000-01-31,0.0004748616864498588
2000-02-01,-0.006393200055801514
2000-02-02,-0.015091531544855038
2000-02-03,0.0025787630322141424
2000-02-04,-0.003821654050378407
2000-02-07,-0.013464480035725732
2000-02-08,-0.014225613033144405
2000-02-09,-0.01851326040672709
2000-02-10,0.007344777940263638
2000-02-11,0.011091212928958752
2000-02-14,0.016285224512018887
2000-02-15,0.002809472580976146
2000-02-16,-0.01220771543021269
2000-02-17,0.01066413880283458
2000-02-18,0.006551300564540681
2000-02-21,0.0047492639685363415
2000-02-22,-0.0034164884676157747
2000-02-23,-0.009370279693442733
2000-02-24,-0.041435597566973265
2000-02-25,-0.010164505276135685
2000-02-28,-0.010437950036618512
2000-02-29,0.004035357420211862
2000-03-01,0.015921161480944898
2000-03-02,0.0028102705051667905
2000-03-03,-0.004512446668396723
2000-03-06,-0.023566722353324968
2000-03-07,-0.010952383254529689
2000-03-08,0.016495256287352943
2000-03-09,0.014070825816315349
2000-03-10,-0.018811090793682848
2000-03-13,-0.022748245848090095
2000-03-14,-0.005303649645642679
2000-03-15,-0.0025529585198793836
2000-03-16,0.005111711430740313
2000-03-17,0.0020194960962648008
2000-03-20,0.00888449115659375
2000-03-21,0.0017902996265931719
2000-03-22,0.012432147525700522
2000-03-23,-0.002739223746025435
2000-03-24,-0.01198606246229934
2000-03-27,-0.035820092857383745
2000-03-28,-0.0015228533409873297
2000-03-29,0.001735613189175745
2000-03-30,0.01090309804898627
2000-03-31,0.013654445576686691
2000-04-03,-0.004191496182800715
2000-04-04,0.014833021680320385
2000-04-05,0.002698458503081539
2000-04-06,0.016321907370695908
2000-04-07,-0.00425482822353249
2000-04-10,0.004334811747600271
2000-04-11,0.01093812602712229
2000-04-12,0.007647736362833675
2000-04-13,0.0025853765538804696
2000-04-14,0.022361064773830364
2000-04-17,4.461962305675471e-05
2000-04-18,0.0003811666284415649
2000-04-19,0.01355633574832384
2000-04-20,-0.007938871281254183
2000-04-21,0.01438081557209338
2000-04-24,0.014050495680770098
2000-04-25,-0.00015899134099576356
2000-04-26,-0.005901911126643938
2000-04-27,0.00787351547801899
2000-04-28,-0.010705280379584684
2000-05-01,-0.00794032679246227
2000-05-02,-0.016321611124419582
2000-05-03,-0.012875081378108773
2000-05-04,-0.00326961308141668
2000-05-05,-0.004593972433014765
2000-05-08,0.012656924879732545
2000-05-09,0.004865584090516614
2000-05-10,-0.014967873001603894
2000-05-11,-0.008019432706308744
2000-05-12,-0.014223353472455878
2000-05-15,-0.006757166918977767
2000-05-16,0.0024193877633626078
2000-05-17,-0.005341143079973378
2000-05-18,-0.001638357904926148
2000-05-19,-0.004646230714970431
2000-05-22,-0.004972605490848908
2000-05-23,0.005120620286772154
2000-05-24,0.019580770852598902
2000-05-25,0.000247700188386997
2000-05-26,0.011893657722710766
2000-05-29,0.0028275255887274253
2000-05-30,0.007270922427969111
2000-05-31,-0.00838509550417749
2000-06-01,-0.0333326379797054
2000-06-02,0.006134581533672707
2000-06-05,0.005210603093238973
2000-06-06,0.0011402236626160966
2000-06-07,-0.00803519457584859
2000-06-08,-0.035558330292157034
2000-06-09,0.00853676886620506
2000-06-12,-0.009882093464576424
2000-06-13,0.012815384287424604
2000-06-14,-0.010149440915413668
2000-06-15,0.01337831687704733
2000-06-16,0.0028830266999366194
2000-06-19,-0.007703653196062209
2000-06-20,0.015446034142456723
2000-06-21,0.007597874024900114
2000-06-22,-0.00894184249916476
2000-06-23,0.006993196894637465
2000-06-26,-0.015344138611857256
2000-06-27,-0.0043591835618551865
2000-06-28,-0.016821926007209196
2000-06-29,-0.015892157142470924
2000-06-30,0.013919912412692172
2000-07-03,0.010322085346650606
2000-07-04,0.002385065704629232
2000-07-05,0.007627075074018223
2000-07-06,-0.001813775455336064
2000-07-07,0.010703853389361986
2000-07-10,-0.0024933086016391617
2000-07-11,-0.007007836082348538
2000-07-12,0.008128530400131832
2000-07-13,-0.022503582505481765
2000-07-14,0.009363780100476955
2000-07-17,-0.0018047537538634605
2000-07-18,-0.018559785684188614
2000-07-19,0.003223278906958782
2000-07-20,-0.0060435058966463485
2000-07-21,-0.009256217399264566
2000-07-24,-0.01885377711967685
2000-07-25,-0.0026250995800297626
2000-07-26,0.008225167554775887
2000-07-27,-0.001678228086200717
2000-07-28,0.014266862481875099
2000-07-31,0.005017126387665331
2000-08-01,0.0005248268168217725
2000-08-02,-0.01066435346128965
2000-08-03,0.005748847138045011
2000-08-04,0.008350152624576692
2000-08-07,0.007418405430191004
2000-08-08,0.014429938215131052
2000-08-09,0.003937033007943406
2000-08-10,0.011048454468038546
2000-08-11,0.021504787914952517
2000-08-14,0.015020880903767513
2000-08-15,0.00962490578709033
2000-08-16,-0.0005833004551416172
2000-08-17,-0.037929920579028234
2000-08-18,-0.0027198059633820257
2000-08-21,-0.0028943771756403287
2000-08-22,0.0071029716296539674
2000-08-23,0.0058730256611562
2000-08-24,0.010912499894360982
2000-08-25,0.017479925047303373
2000-08-28,0.002122139112133995
2000-08-29,-0.017353047458292536
2000-08-30,0.006076159606480797
2000-08-31,0.016172990421525063
2000-09-01,-0.02344370112140517
2000-09-04,-0.019028092108950814
2000-09-05,-0.00719906267919258
2000-09-06,0.0079624862161102
2000-09-07,-0.005058255678743739
2000-09-08,0.0008553102046667538
2000-09-11,0.008371266160097486
2000-09-12,-0.01807726387674125
2000-09-13,0.0028477583367382577
2000-09-14,-0.03508660890895382
2000-09-15,-0.013155270526312903
2000-09-18,0.016006654605993376
2000-09-19,0.004968310429706864
2000-09-20,0.0008256303898024446
2000-09-21,0.016813182427141755
2000-09-22,0.012292823396157998
2000-09-25,0.010940408084586666
2000-09-26,0.012706045221417843
2000-09-27,0.0004000588195543567
2000-09-28,0.01346038363001322
2000-09-29,0.0032093686410253827
2000-10-02,-0.002573508149669678
2000-10-03,0.007556489701724064
2000-10-04,-0.004221541140816482
2000-10-05,0.0033747420623929693
2000-10-06,-0.003355822123731006
2000-10-09,0.007015984274908564
2000-10-10,-0.012537995074541026
2000-10-11,0.015111818450008769
2000-10-12,-0.00977851221962701
2000-10-13,0.014522396988908125
2000-10-16,-0.003667531974619633
2000-10-17,0.0058320259787458355
2000-10-18,-0.015912941720469417
2000-10-19,-0.010430731243738885
2000-10-20,-0.002295041714759173
2000-10-23,-0.01758594459318343
2000-10-24,0.00727653893896733
2000-10-25,0.01368736869835346
2000-10-26,0.01926189069398682
2000-10-27,0.009368024811490329
2000-10-30,0.016171289046241467
2000-10-31,-0.007352302059854664
2000-11-01,-0.009716596713614304
2000-11-02,0.01133588766425922
2000-11-03,-0.009078035590798925
2000-11-06,0.0013202513111185109
2000-11-07,0.00995020505889192
2000-11-08,0.0025843562360892483
2000-11-09,0.0026284903823324546
2000-11-10,0.005418564910344228
2000-11-13,0.008037784036669517
2000-11-14,0.016934653454011253
2000-11-15,0.0017137644354928705
2000-11-16,0.006456437244135381
2000-11-17,0.004463592259074542
2000-11-20,-0.030759302819924315
2000-11-21,-0.007883805286797645
2000-11-22,0.009649828598658521
2000-11-23,-0.005865877860898646
2000-11-24,-0.014893600343700669
2000-11-27,0.006476376901430811
2000-11-28,0.0023291609880732277
2000-11-29,-0.004831161099362612
2000-11-30,-0.0028155336318429376
2000-12-01,0.016302069406987932
2000-12-04,-0.0216281828335714
2000-12-05,0.0039152457277368685
2000-12-06,0.006311389374005612
2000-12-07,0.018398085470643664
2000-12-08,0.002402033381170593
2000-12-11,-0.027269073536838443
2000-12-12,0.013506644915070393
2000-12-13,0.016074727627669958
2000-12-14,0.005489233921512057
2000-12-15,-0.0013137715300929192
2000-12-18,-0.048389871447444915
2000-12-19,0.013542067032474488
2000-12-20,-0.003290828000685926
2000-12-21,-0.0031467455635708803
2000-12-22,0.009838617233393437
2000-12-25,0.0119495421027155
2000-12-26,0.01081018140678144
2000-12-27,-0.006256510151725358
2000-12-28,0.00021841072785570848
2000-12-29,0.012513225090198546
2001-01-01,-0.0015386710832296785
2001-01-02,0.0003401766911072454
2001-01-03,0.009427734649012861
2001-01-04,-0.015691891654053196
2001-01-05,-0.002441622692523803
2001-01-08,0.0005872758516729838
2001-01-09,-0.008311462685152243
2001-01-10,0.0012741215421719354
2001-01-11,-0.013230319694718887
2001-01-12,0.017070939593340842
2001-01-15,0.0018918562752019627
2001-01-16,0.004943250663492417
2001-01-17,0.00515270183533913
2001-01-18,0.00774702270311416
2001-01-19,-0.017443541275579944
2001-01-22,-0.0007608687726655024
2001-01-23,0.006273367921301665
2001-01-24,-0.0034702699533465317
2001-01-25,-0.004779095973932602
2001-01-26,0.008888808420018324
2001-01-29,0.007409455134616404
2001-01-30,0.016695592826676015
2001-01-31,-0.016403932866278604
2001-02-01,0.009247252737186566
2001-02-02,-0.05497494169497416
2001-02-05,0.004566162729018407
2001-02-06,0.009831141277663326
2001-02-07,0.010504094257636513
2001-02-08,-0.0049510704958762655
2001-02-09,-0.012719102617508988
2001-02-12,0.005832440336881711
2001-02-13,-0.004357149466464982
2001-02-14,0.017810786853297345
2001-02-15,-0.020531420065391198
2001-02-16,0.007986200226322616
2001-02-19,0.010581304794530863
2001-02-20,-0.0033738650532856677
2001-02-21,-0.028761474890943644
2001-02-22,0.013760436473587077
2001-02-23,-0.0034629505298798824
2001-02-26,-0.008839256847979485
2001-02-27,0.004759904739490239
2001-02-28,0.015699937038191423
2001-03-01,0.015587042665034969
2001-03-02,0.011719172372300947
2001-03-05,0.018644980995177068
2001-03-06,0.008873488379434514
2001-03-07,0.0030487392776772475
2001-03-08,0.0010844473200583953
2001-03-09,0.000902403954140471
2001-03-12,-0.002023809135600744
2001-03-13,0.013283639282085237
2001-03-14,0.017581474291131376
2001-03-15,0.013339555496249263
2001-03-16,0.01247925465274023
2001-03-19,0.014994933871971912
2001-03-20,0.014718748177012114
2001-03-21,-0.0026462524777091934
2001-03-22,0.002673165577088514
2001-03-23,-0.01244450515064292
2001-03-26,0.007232080461918009
2001-03-27,-0.001460688193907926
2001-03-28,-0.047132964929539514
2001-03-29,0.012329712593409354
2001-03-30,-0.011862021214666205
2001-04-02,-0.009508122000237974
2001-04-03,-0.016025164277562735
2001-04-04,0.004099152286479647
2001-04-05,-0.005803997529905926
2001-04-06,0.004356328852767127
2001-04-09,0.018567283093375065
2001-04-10,-0.005748536137355979
2001-04-11,0.00033834249874515124
2001-04-12,-0.009461136452627177
2001-04-13,-0.0003197704772335899
2001-04-16,-0.02236105062988335
2001-04-17,0.01603370342500995
2001-04-18,0.01399345640312504
2001-04-19,0.005482448173694976
2001-04-20,0.009105361964650387
2001-04-23,-0.0027989924814556325
2001-04-24,0.0032349089443178686
2001-04-25,-0.00946259809863868
2001-04-26,-0.002782710537703424
2001-04-27,0.019437190597401618
2001-04-30,-0.017550789778195516
2001-05-01,-0.0007128324533791364
2001-05-02,-0.0005025663516752647
2001-05-03,-0.030587090912653294
2001-05-04,-0.007473903887829255
2001-05-07,0.008791294619143537
2001-05-08,0.004174375108985225
2001-05-09,0.017043435309678084
2001-05-10,-0.02249199933499688
2001-05-11,0.007626869189662808
2001-05-14,0.010131900249154384
2001-05-15,-0.03415896496305912
2001-05-16,0.009983803600562731
2001-05-17,0.0028497967318210325
2001-05-18,0.007724746427924586
2001-05-21,-0.002774339744646824
2001-05-22,-0.0009471478810912856
2001-05-23,-0.009613196897676504
2001-05-24,0.0030684732760408832
2001-05-25,0.014400340817032538
2001-05-28,0.004422416347065455
2001-05-29,-0.01707945974032891
2001-05-30,-0.007158903434669368
2001-05-31,0.012040949836491826
2001-06-01,0.0031481343633034814
2001-06-04,0.006286402128664388
2001-06-05,0.007109886095873819
2001-06-06,0.00666664639259797
2001-06-07,-0.039393148147672946
2001-06-08,0.014267195081273195
2001-06-11,0.0014327743388400163
2001-06-12,0.0005802232869105937
2001-06-13,0.006311524843926799
2001-06-14,-2.619023623038133e-05
2001-06-15,0.015771927409796896
2001-06-18,-0.02544852489526674
2001-06-19,0.005250422730547533
2001-06-20,-0.018605597402678396
2001-06-21,0.0005598534824882741
2001-06-22,0.00962276381386493
2001-06-25,-0.008568257674876126
2001-06-26,0.002802188617418197
2001-06-27,-0.009965986682942202
2001-06-28,0.003903179209858096
2001-06-29,0.013287059295855544
2001-07-02,0.011142707926194248
2001-07-03,0.006591172097435111
2001-07-04,0.0011947982185174788
2001-07-05,0.007538807071615833
2001-07-06,0.009868366820317588
2001-07-09,-0.013562741086564575
2001-07-10,0.005349742812890329
2001-07-11,-0.004993463663038548
2001-07-12,0.003141599755677578
2001-07-13,-0.0028694490831003457
2001-07-16,0.01357401505111034
2001-07-17,0.001872067855895141
2001-07-18,-0.010312423254762868
2001-07-19,-0.007022115954974113
2001-07-20,-0.0009814510684072915
2001-07-23,-0.011102833859481982
2001-07-24,-0.029591931857926936
2001-07-25,0.007388505344878785
2001-07-26,-0.004435856197219205
2001-07-27,-0.008059032238009276
2001-07-30,-0.016106572885363993
2001-07-31,-0.0035737512666927616
2001-08-01,-0.019130190680254237
2001-08-02,-0.0005197232240890665
2001-08-03,0.003371643665723789
2001-08-06,0.017640259213891722
2001-08-07,-0.009388578243066877
2001-08-08,0.004847189274764817
2001-08-09,0.006758726490532434
2001-08-10,-0.0179275430271487
2001-08-13,-0.0053784827425212255
2001-08-14,0.009105552554243883
2001-08-15,-0.004005538307533637
2001-08-16,-0.011587614848757286
2001-08-17,-0.03781830523983348
2001-08-20,0.006422274575209986
2001-08-21,0.009310545475725442
2001-08-22,0.002910498208085914
2001-08-23,0.00706900739225352
2001-08-24,0.007871404238108407
2001-08-27,0.006059867263519352
2001-08-28,0.006967158842539907
2001-08-29,-0.0024958732039619402
2001-08-30,0.019211273362974575
2001-08-31,-0.015476096033468754
2001-09-03,-0.009118012932514501
2001-09-04,0.0023927025229118146
2001-09-05,0.007045734427881943
2001-09-06,0.02019168188297456
2001-09-07,-0.014853438090688443
2001-09-10,0.009444402077309531
2001-09-11,0.009714243097711243
2001-09-12,0.008780535194806791
2001-09-13,-0.007873321737882629
2001-09-14,0.007542306486921457
2001-09-17,-0.02191027846549722
2001-09-18,-0.000989039246367094
2001-09-19,-0.021212459663610853
2001-09-20,0.006573118305448284
2001-09-21,0.007377874569648148
2001-09-24,-0.02544223767885918
2001-09-25,-0.003719770798545935
2001-09-26,0.013862027078914119
2001-09-27,-0.008961960408900498
2001-09-28,0.015209441166890988
2001-10-01,0.013360124235668746
2001-10-02,0.016673472954913927
2001-10-03,0.011780398610514978
2001-10-04,-0.006362872230933608
2001-10-05,0.008345589820428309
2001-10-08,0.00016273127938670057
2001-10-09,0.019969558490760035
2001-10-10,-0.027192961510571167
2001-10-11,0.008679199755158695
2001-10-12,0.008368472472588543
2001-10-15,0.0064851234230144175
2001-10-16,0.012037816934173086
2001-10-17,0.00947528440177205
2001-10-18,0.001626499941000531
2001-10-19,-0.016632280310509343
2001-10-22,0.014535311449657569
2001-10-23,-0.01189712665583954
2001-10-24,0.009646041797806714
2001-10-25,0.003226336012017491
2001-10-26,0.008123793733419954
2001-10-29,-0.008497558231585916
2001-10-30,0.0055638672017964096
2001-10-31,0.014212575005966533
2001-11-01,-0.0024401364435565585
2001-11-02,0.008345428311607526
2001-11-05,-0.00265884443959569
2001-11-06,-0.004926817213981534
2001-11-07,-0.0018054210894220858
2001-11-08,-0.0005804363897777207
2001-11-09,0.007852014970936957
2001-11-12,-0.010788850618049479
2001-11-13,0.0014041181127054762
2001-11-14,0.004856032873191484
2001-11-15,0.0069514334151278
2001-11-16,0.003259059403362522
2001-11-19,-0.02330417753117742
2001-11-20,0.006327409754654404
2001-11-21,0.004728254858666282
2001-11-22,0.014053621296332745
2001-11-23,-0.0021611532427783485
2001-11-26,-0.011288083130910755
2001-11-27,-0.014572474665528943
2001-11-28,-0.0013246075905710246
2001-11-29,-0.020162475105155116
2001-11-30,0.015210272766567121
2001-12-03,0.013604880576580523
2001-12-04,0.0002845132315860248
2001-12-05,-0.008285727393298917
2001-12-06,0.010587686227702953
2001-12-07,0.00558762415112481
2001-12-10,-0.0022134894793517136
2001-12-11,0.003831072613091256
2001-12-12,0.009027215169364299
2001-12-13,-0.0056960730038523935
2001-12-14,-0.017497554826484917
2001-12-17,0.007220588107441268
2001-12-18,0.007084270475843063
2001-12-19,-0.02243964977156618
2001-12-20,0.001993332439276175
2001-12-21,-0.009420701256001241
2001-12-24,0.0011749373650906739
2001-12-25,-0.0015692698372992385
2001-12-26,0.004018491919308958
2001-12-27,-0.03374239698466132
2001-12-28,0.004443631951631385
2001-12-31,-0.005342704524119342
2002-01-01,0.0043160046554965095
2002-01-02,-0.011066613258420632
2002-01-03,-0.012671955011257483
2002-01-04,0.0054820016153239726
2002-01-07,0.01004194334476596
2002-01-08,0.01733995325704858
2002-01-09,-0.015101234247129069
2002-01-10,0.0041460783702907955
2002-01-11,0.01532585980791937
2002-01-14,0.020972718182058453
2002-01-15,0.017059956087542287
2002-01-16,0.008437023014193381
2002-01-17,-0.012191490343405931
2002-01-18,0.009098804215549774
2002-01-21,-0.0070580168930750205
2002-01-22,-0.005073154369750612
2002-01-23,-0.0014566408783039664
2002-01-24,0.0023716584088962524
2002-01-25,0.003179091426936124
2002-01-28,-0.003620762372311792
2002-01-29,0.0009340404040296228
2002-01-30,0.005481795269750438
2002-01-31,-0.007699560566697034
2002-02-01,-0.004186156253193393
2002-02-04,0.007594980368229823
2002-02-05,-0.002457476465240787
2002-02-06,0.004006602002733919
2002-02-07,0.00041392662060311947
2002-02-08,-0.013423830889929832
2002-02-11,-0.010801795967484259
2002-02-12,-0.030677229936754643
2002-02-13,-0.005949980452547406
2002-02-14,0.01568242094361394
2002-02-15,-0.010494465151468176
2002-02-18,0.0029648458345222194
2002-02-19,0.005465737425410535
2002-02-20,-0.002388926883576784
2002-02-21,0.012621158853542072
2002-02-22,-0.016000651779483326
2002-02-25,0.0085950879615985
2002-02-26,0.004440195651640149
2002-02-27,0.0001874513180164794
2002-02-28,-0.0001120270583405969
2002-03-01,-0.036322478724604715
2002-03-04,-0.0062195157109061865
2002-03-05,0.011855863303154853
2002-03-06,0.009752095617521196
2002-03-07,0.008932867307655981
2002-03-08,0.008153467127354007
2002-03-11,-0.018995964341172903
2002-03-12,0.011490910011897887
2002-03-13,-0.016382440413126757
2002-03-14,-0.011323698332243105
2002-03-15,-0.0053083664212099126
2002-03-18,0.007783791820799475
2002-03-19,0.00020867558007675938
2002-03-20,-0.007239870117755707
2002-03-21,-0.008509793979997324
2002-03-22,-0.013686457246109607
2002-03-25,-0.019701489407375112
2002-03-26,-0.0009866127225542885
2002-03-27,0.012542328786284451
2002-03-28,0.002008344072582234
2002-03-29,0.004487920693254113
2002-04-01,-0.007398325045117653
2002-04-02,0.008642227224336246
2002-04-03,-0.0029677707762909254
2002-04-04,0.016380840031923274
2002-04-05,0.004420695403103126
2002-04-08,0.01984689945243821
2002-04-09,-0.004867912840503159
2002-04-10,0.008673120821097585
2002-04-11,0.00983771154888232
2002-04-12,-0.017519938832869873
2002-04-15,-0.01409475775757164
2002-04-16,-0.00024221361674395953
2002-04-17,-0.006004316671476408
2002-04-18,0.007570372818122062
2002-04-19,0.0002549089722493972
2002-04-22,0.018661691169039374
2002-04-23,-0.001655036167092467
2002-04-24,0.01355607780622909
2002-04-25,0.017153916539724562
2002-04-26,0.007743981221851937
2002-04-29,-0.018138902515155726
2002-04-30,-0.004753283562720749
2002-05-01,0.0019717669946546224
2002-05-02,0.014260126668345578
2002-05-03,0.006565610772709778
2002-05-06,0.010649529781202711
2002-05-07,0.006952020864872704
2002-05-08,0.0028025466394650707
2002-05-09,0.01772839328964088
2002-05-10,-0.0032908353780162075
2002-05-13,0.007006128313949266
2002-05-14,-0.0004781317541904598
2002-05-15,0.018604405952191136
2002-05-16,0.016817614577966343
2002-05-17,-0.026395044741417042
2002-05-20,0.00916003537603561
2002-05-21,-0.004806493488318561
2002-05-22,0.002418254849878995
2002-05-23,0.021311626546298573
2002-05-24,-0.0010887502266349984
2002-05-27,-0.0010466774095478706
2002-05-28,-0.00925431775408166
2002-05-29,-0.004841576137594169
2002-05-30,-0.0008405009527198692
2002-05-31,-0.000581957836747117
2002-06-03,0.0010173171325562544
2002-06-04,0.008233640188528481
2002-06-05,-0.014224037982313666
2002-06-06,0.009379731710773869
2002-06-07,-0.0022361510099360576
2002-06-10,-0.002721911997919362
2002-06-11,0.004088991065564637
2002-06-12,0.007198735775192169
2002-06-13,-0.005339054161496222
2002-06-14,0.00692478538780358
2002-06-17,0.003960375940142629
2002-06-18,0.00396127319498088
2002-06-19,0.011334482676777278
2002-06-20,-0.011340541251095727
2002-06-21,-0.006463904585945857
2002-06-24,-0.0006508409071144944
2002-06-25,0.0070720055392219094
2002-06-26,0.011620518985100603
2002-06-27,0.003181360700745671
2002-06-28,0.0019167227107891281
2002-07-01,-0.01083042516748942
2002-07-02,-0.007698463050133993
2002-07-03,0.009517404148964601
2002-07-04,0.011188131755963431
2002-07-05,0.01136756561715513
2002-07-08,0.010323028952670623
2002-07-09,0.012805266033422186
2002-07-10,0.005041516003856047
2002-07-11,-0.013363963104498607
2002-07-12,0.020538298238367773
2002-07-15,0.00015634254276190862
2002-07-16,0.013307685202436994
2002-07-17,0.011166950909218114
2002-07-18,0.015981464430234703
2002-07-19,0.011305418024287733
2002-07-22,-0.0017586979656889871
2002-07-23,0.002623656150191535
2002-07-24,-0.018184670739246078
2002-07-25,0.004535559338016703
2002-07-26,0.011634076556901185
2002-07-29,0.007674500123401082
2002-07-30,-0.004718152581722656
2002-07-31,0.004125825272288889
2002-08-01,0.00036831629997058704
2002-08-02,-0.004370793210832186
2002-08-05,0.013026943981692572
2002-08-06,-0.011218397326612384
2002-08-07,-0.01667309998796136
2002-08-08,0.0003717884704461556
2002-08-09,-0.00010959472743294826
2002-08-12,0.01204378539765692
2002-08-13,0.012046885533746218
2002-08-14,-0.0011819301910627675
2002-08-15,0.0005829421863850909
2002-08-16,-0.0008848027487512906
2002-08-19,0.007782605728966281
2002-08-20,-0.009352668477636192
2002-08-21,-0.0038354627943601935
2002-08-22,-0.009349159733205183
2002-08-23,0.002003818081719337
2002-08-26,-0.0037364325503636796
2002-08-27,0.001838102807987945
2002-08-28,0.01028468804131999
2002-08-29,-0.001128823702072148
2002-08-30,0.0033642593302996363
2002-09-02,-0.0177570335073191
2002-09-03,-0.004919586609373222
2002-09-04,-0.0017061214999932843
2002-09-05,0.0026719246343405063
2002-09-06,0.015021127561281754
2002-09-09,-0.004162359235092637
2002-09-10,0.013876282119464253
2002-09-11,0.0008334888986915624
2002-09-12,-0.006920176797619564
2002-09-13,-0.02427050273369635
2002-09-16,-0.008495611119769497
2002-09-17,0.002738116986642787
2002-09-18,0.00634338045662133
2002-09-19,0.012116063261385963
2002-09-20,0.017208661723049315
2002-09-23,0.011361489575599718
2002-09-24,0.009698438330209079
2002-09-25,-0.01152351412271441
2002-09-26,0.01682049991198465
2002-09-27,-0.0023734560806680377
2002-09-30,0.004960577422595511
2002-10-01,-0.005352484489452594
2002-10-02,-0.044125812169010015
2002-10-03,-0.02223191053023184
2002-10-04,0.009550407456835934
2002-10-07,-0.0055214620061937725
2002-10-08,0.009463322812846137
2002-10-09,0.006731619901501212
2002-10-10,0.010743112781827375
2002-10-11,0.004025262881217531
2002-10-14,0.015760517856702426
2002-10-15,0.01586466728436116
2002-10-16,-0.024263358320637644
2002-10-17,0.005143330576286912
2002-10-18,0.014843716442750137
2002-10-21,-0.00946967424490926
2002-10-22,0.001209343420693048
2002-10-23,0.00590057516322634
2002-10-24,0.014499616471666194
2002-10-25,0.007479650912919678
2002-10-28,0.007580058996103197
2002-10-29,0.0018535761266076575
2002-10-30,-0.0005655764728236222
2002-10-31,0.00297141563152686
2002-11-01,0.01352329488620079
2002-11-04,-0.0030454582196475233
2002-11-05,-0.0146112345613837
2002-11-06,-0.005195605152009522
2002-11-07,0.010119531628923472
2002-11-08,0.013514012653442842
2002-11-11,-0.00438572862269291
2002-11-12,-0.004431720711154309
2002-11-13,0.011891346875628032
2002-11-14,0.0030931671014578464
2002-11-15,0.012366595554366857
2002-11-18,0.019152491642335227
2002-11-19,0.009189780403607035
2002-11-20,-0.01396007284452518
2002-11-21,0.011280050345197004
2002-11-22,0.006239307745145608
2002-11-25,-0.0008800447191567584
2002-11-26,0.0020965979995255894
2002-11-27,0.012692210450184078
2002-11-28,-0.013609739926125842
2002-11-29,0.00993798410746814
2002-12-02,-0.031522305562440914
2002-12-03,0.009136849521387165
2002-12-04,-0.008007675130467181
2002-12-05,0.017462170241028786
2002-12-06,0.016787230029548204
2002-12-09,0.007363664204482194
2002-12-10,-0.002701567170444518
2002-12-11,0.019939717886047092
2002-12-12,0.004275000284185464
2002-12-13,-0.0034954182498861917
2002-12-16,0.005093990221654878
2002-12-17,0.002155645998525208
2002-12-18,0.01780284135751424
2002-12-19,-0.01974013454889192
2002-12-20,0.008131707131064939
2002-12-23,-0.02140255389847426
2002-12-24,0.002189677233000821
2002-12-25,0.008163910860250322
2002-12-26,-0.0013841847635753107
2002-12-27,-0.0009759068619114783
2002-12-30,0.005430022363112047
2002-12-31,0.010443052866598778
2003-01-01,0.009690213042738961
2003-01-02,0.005029188417239285
2003-01-03,0.0006225641610635539
2003-01-06,-0.009272659811987775
2003-01-07,-0.022975252580583614
2003-01-08,0.010825359969274077
2003-01-09,0.014095126257718202
2003-01-10,-0.01322861543476703
2003-01-13,0.0015752436490335357
2003-01-14,0.010050641912742707
2003-01-15,-0.008994873399262766
2003-01-16,0.004440113810431988
2003-01-17,-0.009173279488047779
2003-01-20,0.006658943936163977
2003-01-21,-0.001385684191231324
2003-01-22,0.0032531614109139843
2003-01-23,1.1962883744470743e-05
2003-01-24,0.007506776452224882
2003-01-27,0.020491615139410446
2003-01-28,0.0014318506445406588
2003-01-29,-0.0337341374461836
2003-01-30,-0.00010764329794756347
2003-01-31,-0.0036280624392581867
2003-02-03,-0.033939696495287996
2003-02-04,-0.011237127526857574
2003-02-05,0.013888164554884388
2003-02-06,0.0023705112568671444
2003-02-07,0.005730476937052104
2003-02-10,-0.020249800694411537
2003-02-11,0.012758185912074756
2003-02-12,0.006008522880921057
2003-02-13,-0.021787258492326145
2003-02-14,-0.005677784281052464
2003-02-17,-0.0073479117187767
2003-02-18,0.003171255951316815
2003-02-19,-0.008742379774912958
2003-02-20,0.0077229913023648955
2003-02-21,-0.02899305476630588
2003-02-24,0.00556515904888449
2003-02-25,-0.0161905590251188
2003-02-26,0.011636242550670873
2003-02-27,0.0025574642822115204
2003-02-28,-0.0017413319109100718
2003-03-03,0.012989504985615017
2003-03-04,0.004333433773860494
2003-03-05,0.013701832555288609
2003-03-06,-0.00025172273658602765
2003-03-07,-0.017796394502751476
2003-03-10,0.011196842381793819
2003-03-11,-0.00013875460355408306
2003-03-12,0.015439868480274926
2003-03-13,0.005959120528023078
2003-03-14,0.009740062558148483
2003-03-17,-0.004329640838517893
2003-03-18,0.001491791748008165
2003-03-19,0.014311305476375632
2003-03-20,-0.0184052335860701
2003-03-21,0.01168120809176635
2003-03-24,-0.009826527549592848
2003-03-25,0.007434807139789331
2003-03-26,0.005744730787876701
2003-03-27,-0.0124271537005631
2003-03-28,-0.006209553618609514
2003-03-31,0.012971408745325328
2003-04-01,-0.0050358377583225936
2003-04-02,0.014633630078933351
2003-04-03,-0.00025986600202547797
2003-04-04,0.007615711034440368
2003-04-07,-0.009039713902621923
2003-04-08,0.010853553787202704
2003-04-09,-0.014580233239918524
2003-04-10,0.006951175641373639
2003-04-11,-0.015082148365515882
2003-04-14,0.00019440452455011734
2003-04-15,0.009160595502960632
2003-04-16,0.015786340705457248
2003-04-17,0.017384406398230138
2003-04-18,0.014406154875244694
2003-04-21,0.00011593346631470769
2003-04-22,-0.0009837987862042485
2003-04-23,0.00019828381387757
2003-04-24,0.010500400191993662
2003-04-25,0.00418093166990614
2003-04-28,-0.00672224079824504
2003-04-29,0.00150135061752572
2003-04-30,-0.0058951346726098565
2003-05-01,-0.006376043105349168
2003-05-02,-0.018252710363779286
2003-05-05,-0.009347266225797523
2003-05-06,0.017915275625762485
2003-05-07,0.0028113213723311437
2003-05-08,0.0020037271284624528
2003-05-09,0.0031062722538948463
2003-05-12,0.010408554534860738
2003-05-13,-0.012229944374490435
2003-05-14,-0.0029665581850889487
2003-05-15,-0.006219759252708169
2003-05-16,-0.004150416908752501
2003-05-19,0.01358035258357925
2003-05-20,-0.014592424909824663
2003-05-21,0.006315793964891701
2003-05-22,0.007104069957045423
2003-05-23,0.018882691954330236
2003-05-26,0.010225603130080443
2003-05-27,-0.0285417212232987
2003-05-28,-0.005791047323839643
2003-05-29,0.007818824697464664
2003-05-30,-0.010782939847636359
2003-06-02,-0.01931644374526002
2003-06-03,-0.01986015142339451
2003-06-04,-0.013498218351996643
2003-06-05,0.0037351956813540255
2003-06-06,-0.01723959414993022
2003-06-09,0.006238304092843941
2003-06-10,0.011812275517196298
2003-06-11,0.01095470154243591
2003-06-12,0.0025994370909448034
2003-06-13,-0.0013487819978370806
2003-06-16,-0.007160140130672569
2003-06-17,-0.0012013816781705454
2003-06-18,-0.006147484390904092
2003-06-19,-0.008007597451506258
2003-06-20,-0.0175430978351003
2003-06-23,-0.008876778071556016
2003-06-24,-0.007625278474005483
2003-06-25,0.012071489971643872
2003-06-26,0.006440803339367328
2003-06-27,0.0022809493665376726
2003-06-30,0.008271304859018627
2003-07-01,-0.009001662573617331
2003-07-02,-0.01870356093499934
2003-07-03,-0.002267902257310283
2003-07-04,0.01151742027902395
2003-07-07,-0.005714042383052679
2003-07-08,0.003042018251009769
2003-07-09,-0.017846055448084073
2003-07-10,0.004292164870057166
2003-07-11,0.0024620227633394207
2003-07-14,0.004708725566085863
2003-07-15,-0.001717051047514257
2003-07-16,-0.008925360916727677
2003-07-17,0.005902862974532581
2003-07-18,-0.017026129059242858
2003-07-21,0.011496204677450791
2003-07-22,0.01665602298281283
2003-07-23,0.00032146722430560076
2003-07-24,-0.007351765584405371
2003-07-25,0.014835757422261987
2003-07-28,-0.02571648765381344
2003-07-29,-0.004727603601154977
2003-07-30,-0.010912396401146867
2003-07-31,0.00954959920454565
2003-08-01,-0.004054049277033581
2003-08-04,0.011151039890861178
2003-08-05,0.011773947761804406
2003-08-06,0.01389074310275847
2003-08-07,0.0005578300305792809
2003-08-08,0.012678565020285899
2003-08-11,-0.010233109440819874
2003-08-12,-0.005874471430206998
2003-08-13,0.012527854559388145
2003-08-14,-0.004709039747469109
2003-08-15,0.014252025117925208
2003-08-18,-0.007289235837516211
2003-08-19,0.005709672504686746
2003-08-20,-0.003330248071713237
2003-08-21,0.0002647552166558237
2003-08-22,0.008915602172762275
2003-08-25,-0.009248781982977409
2003-08-26,-0.010166494572180999
2003-08-27,0.016910530321839284
2003-08-28,0.004504240919743805
2003-08-29,0.00016807377938637263
2003-09-01,0.0018711732918572574
2003-09-02,0.002997509726639227
2003-09-03,-0.01941957433001824
2003-09-04,-0.002016495510256528
2003-09-05,-0.05064209770390071
2003-09-08,-0.01143544161307299
2003-09-09,-0.016591536360925235
2003-09-10,-0.020237849925013793
2003-09-11,0.0026296149882097455
2003-09-12,-0.009006473744979256
2003-09-15,0.0022862872184476364
2003-09-16,0.008118085603930816
2003-09-17,0.016845160346864455
2003-09-18,-0.006720549840733118
2003-09-19,0.019633037810359206
2003-09-22,0.003503342893105676
2003-09-23,-0.003666305484742477
2003-09-24,0.015610020502913458
2003-09-25,-0.02369070542698359
2003-09-26,0.01502287547593614
2003-09-29,0.0022559009681266777
2003-09-30,0.015213983096195937
2003-10-01,0.008868195020716771
2003-10-02,0.00931461421947537
2003-10-03,0.011657147740593368
2003-10-06,0.005655551812571789
2003-10-07,-0.009311006990471143
2003-10-08,-0.011120533736512724
2003-10-09,0.005998511317636075
2003-10-10,-0.0029006611132800196
2003-10-13,-0.02963854213832753
2003-10-14,-0.0023615869757219396
2003-10-15,-0.006658683878206003
2003-10-16,-0.004437297600506554
2003-10-17,0.01477948754214883
2003-10-20,0.005153076010604107
2003-10-21,0.00433383443711478
2003-10-22,0.01123015441139729
2003-10-23,-0.02610623725935206
2003-10-24,0.019801725362081038
2003-10-27,0.010051315800578782
2003-10-28,-0.03998352026838947
2003-10-29,0.010433603989889462
2003-10-30,-0.03169870926365778
2003-10-31,0.007611026007887833
2003-11-03,-0.01190540195256309
2003-11-04,0.015470685075955564
2003-11-05,-0.0020931483484337363
2003-11-06,-0.0160822718243035
2003-11-07,0.007613418540094154
2003-11-10,0.011075985938345499
2003-11-11,0.006029765994950129
2003-11-12,-0.0123575712432482
2003-11-13,-0.007244214239822192
2003-11-14,-0.010007916843554104
2003-11-17,-0.003629049763153789
2003-11-18,-0.0074109465561169215
2003-11-19,-0.006942143977006519
2003-11-20,0.0010800473501436751
2003-11-21,-0.023752434434894814
2003-11-24,0.00036118149058731244
2003-11-25,0.009157837627448422
2003-11-26,-0.0020910695820877956
2003-11-27,0.008709221354227796
2003-11-28,0.0216775562597855
2003-12-01,-0.004163820880040556
2003-12-02,0.0012337551442462395
2003-12-03,0.007766171904008121
2003-12-04,0.015960762382461954
2003-12-05,-0.0007952784073949823
2003-12-08,0.013083103072652303
2003-12-09,0.01190744367509902
2003-12-10,0.016702827263463144
2003-12-11,0.01886031304792183
2003-12-12,0.018072057254739038
2003-12-15,-0.0006463035054767412
2003-12-16,-0.0045864731760921415
2003-12-17,-0.003153838033274646
2003-12-18,0.008768907796096348
2003-12-19,-0.0050700648246031
2003-12-22,-0.02724404574129401
2003-12-23,-0.0039461045047397905
2003-12-24,-0.018708136187540938
2003-12-25,-0.022060558111466174
2003-12-26,0.010480035791536781
2003-12-29,0.0013476366526144236
2003-12-30,-0.0051440593231035885
2003-12-31,-0.009084126788895152
2004-01-01,0.009578871011980017
2004-01-02,-0.011770841588152132
2004-01-05,0.012993511131485473
2004-01-06,0.002499301442334314
2004-01-07,0.000697415807930455
2004-01-08,-0.016545132125190525
2004-01-09,0.010986458297217151
2004-01-12,0.007498661458393542
2004-01-13,0.013684751013928156
2004-01-14,-0.015791306457485613
2004-01-15,0.005334689109117566
2004-01-16,0.01318976626935037
2004-01-19,0.017491606695951845
2004-01-20,-0.017794003099668377
2004-01-21,0.0033759656898868784
2004-01-22,-0.00834787793158823
2004-01-23,0.014397874031752033
2004-01-26,0.016006578279378975
2004-01-27,0.0009160722829838035
2004-01-28,-0.009379048970189447
2004-01-29,-0.010005958013865873
2004-01-30,0.010885280077770624
2004-02-02,0.0026996095229607393
2004-02-03,-0.01188932583576335
2004-02-04,-0.010232190446541011
2004-02-05,0.0037579393904632365
2004-02-06,0.0032952096549407825
2004-02-09,-0.010744898218610705
2004-02-10,0.022593463114439875
2004-02-11,-0.012376584032019692
2004-02-12,-0.01863592024576245
2004-02-13,-0.02024716349461154
2004-02-16,-0.005821538932413339
2004-02-17,0.0031231747535808915
2004-02-18,-0.005911041944989818
2004-02-19,0.007754967413859427
2004-02-20,0.005101553443953806
2004-02-23,0.0014842586705328294
2004-02-24,-0.005064805778248058
2004-02-25,0.007327971610043307
2004-02-26,3.303136591192857e-05
2004-02-27,0.005815308924364895
2004-03-01,-0.007659999484141641
2004-03-02,0.006481612209432688
2004-03-03,0.016999327367344545
2004-03-04,0.01566915046688892
2004-03-05,0.0018065595592414961
2004-03-08,-0.023254738970933764
2004-03-09,0.0003725471993948175
2004-03-10,-0.019923689093734803
2004-03-11,0.007861423856984778
2004-03-12,0.009584175224694645
2004-03-15,-0.014213900096503747
2004-03-16,0.012152201878919149
2004-03-17,0.015407638780702686
2004-03-18,0.002716852155395605
2004-03-19,0.009884571129456616
2004-03-22,-0.016814986633841237
2004-03-23,0.002488840070773546
2004-03-24,-0.006368891890982744
2004-03-25,-0.002530646027999593
2004-03-26,-0.009985246223554147
2004-03-29,-0.024311087616663753
2004-03-30,0.02005564631730567
2004-03-31,0.006933873886746718
2004-04-01,-0.0033775928052275465
2004-04-02,-0.0197767448484437
2004-04-05,0.01416643090950379
2004-04-06,0.007301776025889363
2004-04-07,-0.03837660192419415
2004-04-08,0.005976966681369877
2004-04-09,0.014870505102049807
2004-04-12,0.003315815415497872
2004-04-13,0.006279201449334488
2004-04-14,0.008029204715205313
2004-04-15,-0.0015278405606288896
2004-04-16,0.00899826954790502
2004-04-19,-0.012220840208989548
2004-04-20,0.006379943451454862
2004-04-21,-0.016675621010477804
2004-04-22,0.0014895848094783858
2004-04-23,0.009961728504744015
2004-04-26,0.017859966099323388
2004-04-27,0.010516372839791344
2004-04-28,-0.0014826652693716164
2004-04-29,0.011401449415419804
2004-04-30,0.008404165218417376
2004-05-03,-0.005391679319299899
2004-05-04,0.01589717943479651
2004-05-05,-0.01201672774150649
2004-05-06,0.020562272067390835
2004-05-07,-0.00479392181148066
2004-05-10,-0.004172839801682055
2004-05-11,0.0034720739470822035
2004-05-12,-0.008924279034385089
2004-05-13,0.0023362566031496744
2004-05-14,-0.012464752766829856
2004-05-17,0.012302873666727141
2004-05-18,0.0045644040372053475
2004-05-19,-0.0011667803325974904
2004-05-20,-0.001433999113313062
2004-05-21,0.009014802641662736
2004-05-24,0.004193401214851147
2004-05-25,0.006687324157210003
2004-05-26,0.014716971444835832
2004-05-27,0.02295252157527921
2004-05-28,-0.0011764520716268413
2004-05-31,-0.0012744159355347513
2004-06-01,-0.017164858832876637
2004-06-02,-0.004683371146243405
2004-06-03,0.003952466702944437
2004-06-04,-0.013377287161423067
2004-06-07,-0.019956820197604936
2004-06-08,0.012723025717798857
2004-06-09,0.016586433206094743
2004-06-10,-0.002085082160834792
2004-06-11,-0.0003136696674627959
2004-06-14,0.002133263438774756
2004-06-15,0.011682702625448814
2004-06-16,0.0009584701537027132
2004-06-17,-0.0003575890471642189
2004-06-18,0.006202533978632893
2004-06-21,0.014357367679463297
2004-06-22,-0.011576689086084457
2004-06-23,0.00783354410804726
2004-06-24,-0.020217458579690362
2004-06-25,0.014507777046447231
2004-06-28,0.0011664259045352822
2004-06-29,0.005559662678471026
2004-06-30,-0.00012153715935481549
2004-07-01,-0.008435279196348806
2004-07-02,-0.01830254576788708
2004-07-05,0.003880027656949229
2004-07-06,-0.03573594191881645
2004-07-07,0.006710382028000488
2004-07-08,0.007909713698199105
2004-07-09,0.012490015222482578
2004-07-12,0.0063885361616896515
2004-07-13,0.007767226035683368
2004-07-14,0.015590034898870526
2004-07-15,0.0071929162550676586
2004-07-16,-0.0039200035049572896
2004-07-19,-0.01293480872837657
2004-07-20,-0.0030401998297211012
2004-07-21,-0.01592714990021905
2004-07-22,2.9658195757967243e-07
2004-07-23,-0.006265722345787251
2004-07-26,0.010110754206688959
2004-07-27,0.012271279336788284
2004-07-28,-0.014459864856376053
2004-07-29,0.01207643699033061
2004-07-30,0.012183046467591106
2004-08-02,0.01902417304024534
2004-08-03,0.01111051980370729
2004-08-04,0.02092984601370712
2004-08-05,-0.006410223777070439
2004-08-06,0.009445647429429344
2004-08-09,0.0019400328142245675
2004-08-10,0.009118090265451666
2004-08-11,0.0035199568840651348
2004-08-12,0.002154282640872477
2004-08-13,0.01223384037050141
2004-08-16,-0.002903728110983158
2004-08-17,0.008085824041351344
2004-08-18,0.004381879474769323
2004-08-19,0.010630963000599871
2004-08-20,0.01565002502781624
2004-08-23,-0.005292144775493772
2004-08-24,-0.006783402923539374
2004-08-25,-0.012263631054468236
2004-08-26,-0.010112792900795763
2004-08-27,0.008675380568540933
2004-08-30,0.005907604584788392
2004-08-31,-0.0007230955260257611
2004-09-01,-0.009456212604430848
2004-09-02,0.021248511155242195
2004-09-03,-0.01084394461600376
2004-09-06,0.01121884314088034
2004-09-07,0.017557647746108275
2004-09-08,0.0062963401287824995
2004-09-09,-0.014328147864588418
2004-09-10,0.007961211729501254
2004-09-13,0.006872405904128444
2004-09-14,-0.008855896326472708
2004-09-15,0.005086332853069295
2004-09-16,-0.0032581246564096535
2004-09-17,0.010604954352380671
2004-09-20,0.006817582430368008
2004-09-21,0.0002715284450783735
2004-09-22,0.011259685506023043
2004-09-23,0.0023211932988452845
2004-09-24,0.008047888941213614
2004-09-27,0.0020346819509833164
2004-09-28,0.004568587565232346
2004-09-29,0.005620764286323462
2004-09-30,-0.03310912539235315
2004-10-01,0.012807325398163464
2004-10-04,-0.0025542205162694225
2004-10-05,0.009408750918779903
2004-10-06,-0.019689285239355276
2004-10-07,0.004762668300091765
2004-10-08,0.006957039928351623
2004-10-11,0.015035421307395934
2004-10-12,0.003259979116622312
2004-10-13,-0.006758450110184059
2004-10-14,0.00747122788671211
2004-10-15,0.018986703038573957
2004-10-18,0.006996238300950312
2004-10-19,0.0025535402120625446
2004-10-20,0.003413243170403587
2004-10-21,-0.014819886287575832
2004-10-22,0.002743520319545764
2004-10-25,-0.01091291536318598
2004-10-26,-0.009514800067955648
2004-10-27,0.002084430706635148
2004-10-28,0.008873071831027014
2004-10-29,0.0013207329779501946
2004-11-01,0.005210727496402525
2004-11-02,-0.01432918243756499
2004-11-03,0.010233627601110403
2004-11-04,0.0007637284425168894
2004-11-05,0.010335418566699863
2004-11-08,0.01205940114997047
2004-11-09,0.009084337673312695
2004-11-10,0.01070998075760292
2004-11-11,0.0008459425993135421
2004-11-12,-0.01235603627577615
2004-11-15,0.010117711986749295
2004-11-16,0.008767675936954072
2004-11-17,-0.008473083048238506
2004-11-18,-0.004225197355967835
2004-11-19,-0.009164833746832645
2004-11-22,0.009353191170738465
2004-11-23,-0.011351734824952105
2004-11-24,-0.00021383518977617297
2004-11-25,0.004719511731155122
2004-11-26,-0.0007325371370724525
2004-11-29,-0.006974480097748276
2004-11-30,-0.007967790002306106
2004-12-01,0.013278326842915938
2004-12-02,0.002720228000892694
2004-12-03,-0.00485116485914748
2004-12-06,0.009736806369020384
2004-12-07,-0.013703932001176273
2004-12-08,0.011283022651826973
2004-12-09,-0.010486265942712073
2004-12-10,0.004005717011486536
2004-12-13,-0.005026610612379495
2004-12-14,-0.001862183477223174
2004-12-15,0.02077926031969725
2004-12-16,0.003429849098974879
2004-12-17,0.01638176155106084
2004-12-20,0.0038875635532501195
2004-12-21,0.0009126006789439839
2004-12-22,-0.012357525853337551
2004-12-23,-0.015114598878785381
2004-12-24,0.023033085697567738
2004-12-27,0.01240892547906966
2004-12-28,0.0016822121773960863
2004-12-29,0.010732071834536889
2004-12-30,0.010581562645811797
2004-12-31,-0.014442314427155743
2005-01-03,-0.020732479868650257
2005-01-04,0.008079383907083251
2005-01-05,0.019502476954379143
2005-01-06,-0.0008778638907820796
2005-01-07,0.008610460650838196
2005-01-10,0.011282004715372915
2005-01-11,-0.007334820036282542
2005-01-12,0.011208052087310648
2005-01-13,-0.001850718798535312
2005-01-14,0.007740468218221032
2005-01-17,-0.00025351390634845844
2005-01-18,-0.01493642571343121
2005-01-19,0.010353191374591085
2005-01-20,0.00969440829037706
2005-01-21,-0.00447392855355061
2005-01-24,-0.010483282404457363
2005-01-25,-0.008480914039181785
2005-01-26,-0.012977817966504355
2005-01-27,0.0054792014135569
2005-01-28,0.0029347516895457428
2005-01-31,-0.00045431165441001467
2005-02-01,0.014364811039397336
2005-02-02,-0.009799190393502865
2005-02-03,-0.023308288818031406
2005-02-04,0.014667822890155946
2005-02-07,0.009673846520715172
2005-02-08,-0.005713355301451468
2005-02-09,-0.0227187369807231
2005-02-10,-0.026805490691015472
2005-02-11,0.002142355819232552
2005-02-14,-0.0013685797183332037
2005-02-15,0.011844922964665133
2005-02-16,0.007719940020214821
2005-02-17,0.009267215207007455
2005-02-18,0.009667752236238163
2005-02-21,0.004442436765418882
2005-02-22,-0.05653015639862574
2005-02-23,0.008294526324798105
2005-02-24,0.0033497266288831373
2005-02-25,0.0025676917456454104
2005-02-28,0.009380233406845996
2005-03-01,-0.012168693377081752
2005-03-02,0.001079650311425595
2005-03-03,-0.0015904621543872538
2005-03-04,0.008947416834856912
2005-03-07,-0.0035549036380277087
2005-03-08,0.0017266067222206083
2005-03-09,0.001449424855038517
2005-03-10,-0.007079623210490601
2005-03-11,0.008676318662223941
2005-03-14,0.013352915735613853
2005-03-15,-0.01383130627197696
2005-03-16,-0.002306925200815945
2005-03-17,0.020444391414973697
2005-03-18,0.0025469756901540103
2005-03-21,-0.004946604771822422
2005-03-22,-0.02662573563206735
2005-03-23,0.003863383314343185
2005-03-24,0.0014744083221765701
2005-03-25,-0.004741889614445622
2005-03-28,-0.009087816562001558
2005-03-29,0.012427722182051586
2005-03-30,-0.002588568763331623
2005-03-31,0.020749873664905657
2005-04-01,-0.0034330785882716215
2005-04-04,0.01249708481551181
2005-04-05,0.0017745724857622797
2005-04-06,0.010613920325705888
2005-04-07,0.014181612973555222
2005-04-08,0.004115685016072939
2005-04-11,0.0002335116232780876
2005-04-12,0.010332389967290625
2005-04-13,0.007745679133483868
2005-04-14,0.006234860830887711
2005-04-15,-0.005858253939486229
2005-04-18,0.006260527151717585
2005-04-19,-0.0019817499416850855
2005-04-20,0.017238426311454724
2005-04-21,0.02179051271453238
2005-04-22,-0.015253252018176799
2005-04-25,-0.005782518483139178
2005-04-26,0.014773989662415924
2005-04-27,0.007115177993507259
2005-04-28,0.007497353606155607
2005-04-29,0.012901207601191095
2005-05-02,0.01015949111208785
2005-05-03,0.012491080557009496
2005-05-04,0.0009516376548832813
2005-05-05,-0.006904593447882908
2005-05-06,0.0049002428997963615
2005-05-09,-0.0063025080918276445
2005-05-10,0.0023418383736515842
2005-05-11,-0.0017998357812373036
2005-05-12,0.021469001937407726
2005-05-13,0.0021572009460846878
2005-05-16,0.007545638365731685
2005-05-17,-0.00986778407571447
2005-05-18,-0.014102208880309015
2005-05-19,-0.019531830434160343
2005-05-20,0.013521073499933672
2005-05-23,-0.003115295951288028
2005-05-24,-0.011920227001966929
2005-05-25,-0.007103800162702446
2005-05-26,0.013297692103513744
2005-05-27,0.018686673080120914
2005-05-30,0.002601315935447341
2005-05-31,0.005267584135735286
2005-06-01,-0.002392809487059458
2005-06-02,0.010282210265929738
2005-06-03,-0.007735043609726749
2005-06-06,-0.004368306233228408
2005-06-07,0.012355914802087052
2005-06-08,-0.002794496925935065
2005-06-09,-0.02999299274374805
2005-06-10,0.012877732378373719
2005-06-13,0.011016739961775362
2005-06-14,0.007498540254165506
2005-06-15,-0.007515023576816961
2005-06-16,-0.007267964009183846
2005-06-17,0.00612565696962146
2005-06-20,-0.008431177346403109
2005-06-21,0.01352974279956912
2005-06-22,0.00535354207630773
2005-06-23,0.014705509291037025
2005-06-24,0.006772254533328907
2005-06-27,-0.0006737883356488263
2005-06-28,0.001025791064433696
2005-06-29,0.018428812349983854
2005-06-30,0.004902912740724814
2005-07-01,0.0025691523458885555
2005-07-04,-0.0038731654712044344
2005-07-05,0.00828424501706208
2005-07-06,0.000692374304114049
2005-07-07,0.0063937271180742605
2005-07-08,0.010850945901722852
2005-07-11,-0.013667064738657236
2005-07-12,-0.0024605676497985556
2005-07-13,-0.01073039865273567
2005-07-14,0.0052648397202048475
2005-07-15,-0.0005421421756441405
2005-07-18,0.014211904616409279
2005-07-19,-0.005679004515761102
2005-07-20,-0.019724254320871454
2005-07-21,0.014556744392762878
2005-07-22,0.015980887826052004
2005-07-25,-0.0018559671920959156
2005-07-26,0.0016596251517145555
2005-07-27,0.012001877205920934
2005-07-28,0.002085559444410582
2005-07-29,-0.03522410406042585
2005-08-01,0.002314732641164819
2005-08-02,0.010443760000983834
2005-08-03,-0.007071142058612968
2005-08-04,-0.006465631637271003
2005-08-05,0.0088672993489952
2005-08-08,-0.004920435241418962
2005-08-09,0.009884370600125389
2005-08-10,0.014728352567410449
2005-08-11,-0.022397669497791383
2005-08-12,-0.0035812290464304238
2005-08-15,-0.010093172705281716
2005-08-16,-0.00788228469813992
2005-08-17,0.01908735503898644
2005-08-18,-0.0015090540386440213
2005-08-19,0.005783035794256344
2005-08-22,-0.0030000529038130865
2005-08-23,-0.0009724580755502525
2005-08-24,0.01405648167272401
2005-08-25,-0.0271925068794495
2005-08-26,0.0038724140137282315
2005-08-29,0.01687806205925121
2005-08-30,0.014683906656177028
2005-08-31,-0.011036130296505815
2005-09-01,-0.0036767358919395088
2005-09-02,-0.0033230994859509526
2005-09-05,0.004076327857988626
2005-09-06,-0.025359321863165276
2005-09-07,0.005770951294995039
2005-09-08,0.013073600543869994
2005-09-09,0.005198169290990928
2005-09-12,0.0040560951234780256
2005-09-13,-0.031146648606589045
2005-09-14,-0.001414261206237187
2005-09-15,0.0044186451044565395
2005-09-16,0.0009843278728924008
2005-09-19,-0.007428625449328419
2005-09-20,0.0024780821555922573
2005-09-21,-0.015913737093451123
2005-09-22,0.018744586640954873
2005-09-23,-0.009174404459909632
2005-09-26,-0.0420791174578591
2005-09-27,0.008648443457321232
2005-09-28,0.0029203189460039435
2005-09-29,-0.007954669304408576
2005-09-30,0.0072859914773791
2005-10-03,-0.023585905100771343
2005-10-04,0.00034589812332380676
2005-10-05,0.012793843965515913
2005-10-06,0.0015607797113150398
2005-10-07,0.009278067265056245
2005-10-10,0.004802487056531142
2005-10-11,0.008893494880238821
2005-10-12,-0.008642564473372454
2005-10-13,-0.012097418039302161
2005-10-14,0.02026653475345001
2005-10-17,0.013744723251927753
2005-10-18,0.0022717205983092785
2005-10-19,-0.02821331645134156
2005-10-20,-0.014259167181112916
2005-10-21,0.015345339888373182
2005-10-24,-0.021604848486229556
2005-10-25,0.005105145020986149
2005-10-26,-0.005636951896066843
2005-10-27,0.009922941496031788
2005-10-28,0.005015460982804518
2005-10-31,0.018362049112815082
2005-11-01,0.012448189445627561
2005-11-02,0.005633205616893226
2005-11-03,0.004696923185634437
2005-11-04,-0.02124295453737547
2005-11-07,-0.005847193666204346
2005-11-08,-0.00746513378984329
2005-11-09,0.011634068766505311
2005-11-10,-0.024919495437753857
2005-11-11,0.0010434740180485583
2005-11-14,-0.020324145546785435
2005-11-15,-0.0032673526618464815
2005-11-16,-0.020042705653153896
2005-11-17,-0.01024068982404341
2005-11-18,-0.0016872939585903177
2005-11-21,0.017658206158018108
2005-11-22,0.012016901843995393
2005-11-23,-0.003862143488218818
2005-11-24,0.009068444798374087
2005-11-25,4.31379304046825e-05
2005-11-28,-0.000986258302122213
2005-11-29,0.012026063706213109
2005-11-30,0.015677274536323824
2005-12-01,-0.004772253875329594
2005-12-02,0.01703399330895786
2005-12-05,-0.0033329134839785272
2005-12-06,-0.0412649066191544
2005-12-07,0.01198640490469208
2005-12-08,-0.004297643404839898
2005-12-09,-0.008082694555970982
2005-12-12,0.011305120106264227
2005-12-13,-0.00679969516126348
2005-12-14,0.008997878096507626
2005-12-15,0.010155757757739626
2005-12-16,0.016402690968626357
2005-12-19,-0.004008748282988906
2005-12-20,0.004879100040494005
2005-12-21,-0.003089391942410747
2005-12-22,0.010190390831215214
2005-12-23,-0.005291457725903909
2005-12-26,0.0022885638990960792
2005-12-27,0.01515668165431873
2005-12-28,-0.001802829044702258
2005-12-29,-0.021090971018837095
2005-12-30,0.0033400159766917258
2006-01-02,-0.01708747504555617
2006-01-03,-0.004142898899889204
2006-01-04,-0.018934681847353283
2006-01-05,-0.0141941756593154
2006-01-06,0.0020906691520040377
2006-01-09,0.003065384017902583
2006-01-10,0.01734316277198686
2006-01-11,-0.01688854935829175
2006-01-12,0.0006021459644997423
2006-01-13,0.011341022732594583
2006-01-16,-0.001723847862515445
2006-01-17,-0.0020381749810696737
2006-01-18,-0.0014418966966648697
2006-01-19,-0.0026169895332054695
2006-01-20,0.010161504420027914
2006-01-23,-0.010451060089558355
2006-01-24,-0.015779148439978127
2006-01-25,-0.00695409942333693
2006-01-26,-0.0009213122035893577
2006-01-27,0.0060252928935446495
2006-01-30,-0.0018586993752718432
2006-01-31,0.0012577637838232097
2006-02-01,0.009691437404245638
2006-02-02,-0.02097398990797181
2006-02-03,0.0002649852838519408
2006-02-06,-0.010657369577151032
2006-02-07,-0.0011965115734164054
2006-02-08,0.005032646361343478
2006-02-09,0.002698522038821434
2006-02-10,0.004753572823407801
2006-02-13,-0.020551322900740115
2006-02-14,0.008970798612939108
2006-02-15,0.002427664564063396
2006-02-16,-0.01596687747021942
2006-02-17,-0.005246829331752297
2006-02-20,-0.0542851249217272
2006-02-21,0.007124206472462539
2006-02-22,0.0045097910042294735
2006-02-23,-0.01762067725201252
2006-02-24,-0.03593955174829616
2006-02-27,-0.013279966973324089
2006-02-28,-0.019146803356887645
2006-03-01,-0.009931771783101683
2006-03-02,0.005847705582593676
2006-03-03,0.010855671902837132
2006-03-06,-0.0006558902274416342
2006-03-07,0.0020973588594716576
2006-03-08,0.012113054335555795
2006-03-09,0.014055369000586319
2006-03-10,0.008349075801425146
2006-03-13,-0.019065233081195076
2006-03-14,0.009637123880571481
2006-03-15,0.007331347682856478
2006-03-16,0.0013401917940353628
2006-03-17,-0.009384128984620214
2006-03-20,0.009865935982147082
2006-03-21,0.004793866932761362
2006-03-22,0.01585555211642276
2006-03-23,0.007718926198446486
2006-03-24,-0.001293858605193706
2006-03-27,0.01619477331643325
2006-03-28,0.014765918399887246
2006-03-29,0.019254986549868354
2006-03-30,0.004074863204528354
2006-03-31,-0.0027449084601518584
2006-04-03,-0.001558328483584226
2006-04-04,-0.004853085376441555
2006-04-05,0.012768266496905059
2006-04-06,-0.0038117980429489343
2006-04-07,-0.055425809461338446
2006-04-10,0.008554198402664994
2006-04-11,0.0012237626749749785
2006-04-12,-0.0190277501437414
2006-04-13,0.015759284181694658
2006-04-14,0.007557719823258129
2006-04-17,0.008574742214739785
2006-04-18,-0.010011628209101637
2006-04-19,0.0015686733927590991
2006-04-20,-0.006189180343456748
2006-04-21,-0.0006303733743158874
2006-04-24,0.009369427661305458
2006-04-25,0.0038737539495118448
2006-04-26,-0.00797677311231507
2006-04-27,-0.009304134885220989
2006-04-28,0.009668317076889546
2006-05-01,0.004034895650226709
2006-05-02,-0.0015061913295179481
2006-05-03,0.010304248677710777
2006-05-04,-0.007065835035702368
2006-05-05,0.0006921927157906085
2006-05-08,0.005514955176637117
2006-05-09,-0.0062627610803963445
2006-05-10,0.003416132224990185
2006-05-11,0.002925214704177323
2006-05-12,0.009276929908715922
2006-05-15,0.004877691808466797
2006-05-16,0.006589117495958724
2006-05-17,0.006311200942045465
2006-05-18,0.0008210327594256571
2006-05-19,-0.008665720441802253
2006-05-22,-0.00015476958760911666
2006-05-23,0.005379888320419343
2006-05-24,0.015289577246856405
2006-05-25,0.010860234613313995
2006-05-26,0.009693131742942021
2006-05-29,0.00816201230892101
2006-05-30,0.012677450163992555
2006-05-31,0.011601405727056506
2006-06-01,0.00872826832069237
2006-06-02,0.0006921094304788294
2006-06-05,5.545592768962937e-05
2006-06-06,-0.01037774055484492
2006-06-07,-0.009968061937282491
2006-06-08,-0.005366626349879368
2006-06-09,0.020955410245843433
2006-06-12,0.01808550550318572
2006-06-13,-0.005001205977392512
2006-06-14,0.01104070955707325
2006-06-15,0.008738702079948722
2006-06-16,-0.011077592536256575
2006-06-19,-0.00410448055905337
2006-06-20,0.009630524391441062
2006-06-21,0.005690034770457913
2006-06-22,0.00488263014959622
2006-06-23,0.014628089100986043
2006-06-26,-0.013983513953306399
2006-06-27,-0.012230452808614543
2006-06-28,0.018257853957773868
2006-06-29,0.012688230026269329
2006-06-30,-0.022742929644010573
2006-07-03,0.0016529938729123068
2006-07-04,-0.04396050309662809
2006-07-05,-0.0068801572978829766
2006-07-06,-0.028366434704860163
2006-07-07,-0.00658533839719316
2006-07-10,0.02167756374828977
2006-07-11,0.015500922892715662
2006-07-12,0.02043149179266513
2006-07-13,-0.0010813203870500311
2006-07-14,-0.035650655595811834
2006-07-17,0.009807108419841877
2006-07-18,-0.0017163979492261089
2006-07-19,0.014677831246091934
2006-07-20,-0.021549357757209956
2006-07-21,0.009605921507379874
2006-07-24,-0.029407080766433887
2006-07-25,-0.0088087757103389
2006-07-26,0.00972708003076169
2006-07-27,0.0033120339382822425
2006-07-28,0.0047404915012536145
2006-07-31,-0.003962850093982832
2006-08-01,-0.014075842441540806
2006-08-02,0.009493192355048714
2006-08-03,0.007238331218383392
2006-08-04,0.015943250825058715
2006-08-07,0.009182818746863868
2006-08-08,-0.0037048851082351238
2006-08-09,0.0028404367366527405
2006-08-10,0.0006896238660868484
2006-08-11,0.0007504268642370381
2006-08-14,-0.0032998043589232487
2006-08-15,0.011533923298643651
2006-08-16,0.011095218812327508
2006-08-17,0.009026997739831368
2006-08-18,0.004180274680763818
2006-08-21,-0.005870569047947392
2006-08-22,-0.007715946852424927
2006-08-23,0.00846849716966019
2006-08-24,0.015570232457981345
2006-08-25,-0.00251748938309259
2006-08-28,0.0046618270395997405
2006-08-29,0.003122557227193703
2006-08-30,-0.0036615190630078787
2006-08-31,0.004948052249666834
2006-09-01,0.008120677789810318
2006-09-04,0.010377473593198171
2006-09-05,-0.024723147655644085
2006-09-06,0.003739134721054204
2006-09-07,0.012868832585200144
2006-09-08,0.015840963402302757
2006-09-11,0.009820825265470451
2006-09-12,-0.019033521398814212
2006-09-13,-0.0005364961939602585
2006-09-14,-0.008487715788504855
2006-09-15,0.013638921797823542
2006-09-18,-0.0008136367327998204
2006-09-19,-0.0037721941815466765
2006-09-20,0.005029620946991522
2006-09-21,0.009411662047756661
2006-09-22,-0.002144781405266416
2006-09-25,0.00247668963547679
2006-09-26,0.005937574674738089
2006-09-27,0.009834363839748042
2006-09-28,0.01267439053171432
2006-09-29,0.00442352745219984
2006-10-02,-0.00011067730159646655
2006-10-03,0.012020813315702364
2006-10-04,0.009627336695642637
2006-10-05,-0.005261719271643914
2006-10-06,0.01187327226882746
2006-10-09,-0.010760081836837559
2006-10-10,0.012861727609742517
2006-10-11,0.007269174297635555
2006-10-12,0.01595502386915269
2006-10-13,-1.9826117470915505e-05
2006-10-16,0.012738356193398363
2006-10-17,-0.0007551020726113376
2006-10-18,-0.01033538281830056
2006-10-19,-0.0017092346312808822
2006-10-20,-0.008063381713588922
2006-10-23,0.011842632164489181
2006-10-24,-0.0037243924132007965
2006-10-25,-0.012672964486117867
2006-10-26,0.01260111204195603
2006-10-27,-0.0016770960202576145
2006-10-30,-0.014159644255257665
2006-10-31,0.0030369984590164663
2006-11-01,0.007285347072775842
2006-11-02,0.0119210600377013
2006-11-03,0.0024231922108756826
2006-11-06,0.012174827103244398
2006-11-07,0.008721983195953558
2006-11-08,0.009918512851850657
2006-11-09,-0.03443749969792892
2006-11-10,-0.005678313187989285
2006-11-13,0.007266026896791466
2006-11-14,-0.007497860193569881
2006-11-15,0.004263225603181365
2006-11-16,0.009896270285219763
2006-11-17,0.0127123367142236
2006-11-20,-0.00811134031508819
2006-11-21,-0.0516015172175201
2006-11-22,0.01875071467200548
2006-11-23,0.019395654951661977
2006-11-24,0.0052874418765912964
2006-11-27,-0.018640820448114156
2006-11-28,-0.02789059249797361
2006-11-29,0.008828040664358619
2006-11-30,0.013576368143155812
2006-12-01,-0.007979712944429052
2006-12-04,-0.0024711390534801272
2006-12-05,0.009094128476342112
2006-12-06,0.00843496954291812
2006-12-07,0.014329618219778243
2006-12-08,-0.029334225547958535
2006-12-11,-0.010172659387298732
2006-12-12,0.015667188962091037
2006-12-13,0.004760826937546859
2006-12-14,0.01796239413706658
2006-12-15,-0.011220373311767156
2006-12-18,-0.0035552986194136334
2006-12-19,0.007799460380186571
2006-12-20,0.003991635927857298
2006-12-21,0.014361355672938792
2006-12-22,0.011923927947515595
2006-12-25,0.0003159979583798461
2006-12-26,-0.0011702843084534995
2006-12-27,0.005886648985219543
2006-12-28,-0.0044380613922296586
2006-12-29,0.01564729662026324
2007-01-01,0.005429699551119063
2007-01-02,-0.003855287018509384
2007-01-03,-0.04007406439026945
2007-01-04,0.002194404001178995
2007-01-05,0.004329023466574839
2007-01-08,-0.01894823120299514
2007-01-09,0.0019197961938966467
2007-01-10,0.016151670025038672
2007-01-11,0.0024537729752754783
2007-01-12,0.017640769370637445
2007-01-15,-0.004788380636011082
2007-01-16,0.014548587276691076
2007-01-17,-0.008713434012570461
2007-01-18,-0.0018581515103011335
2007-01-19,0.004348136457034045
2007-01-22,-0.009610207723021808
2007-01-23,0.013548495682232448
2007-01-24,0.010279920385726208
2007-01-25,0.010366009683695393
2007-01-26,-0.0013781239532931304
2007-01-29,-0.0018712580322865768
2007-01-30,-0.017363903799190904
2007-01-31,0.01751728765942186
2007-02-01,0.009625836229375812
2007-02-02,0.01091982087029311
2007-02-05,0.008687446153339433
2007-02-06,0.0081615888271577
2007-02-07,-0.003212522890148728
2007-02-08,0.008220877538960173
2007-02-09,-0.0015980372638067543
2007-02-12,0.01263509652022992
2007-02-13,0.004901680732810748
2007-02-14,0.004067874523663705
2007-02-15,-0.010050473449321858
2007-02-16,0.0007743195932365873
2007-02-19,0.014386945864860287
2007-02-20,-0.0011967576013295692
2007-02-21,-0.03338759046565247
2007-02-22,0.01747092224884845
2007-02-23,0.003511117333466037
2007-02-26,0.01013973126322927
2007-02-27,-0.01167729593004722
2007-02-28,-0.01576844013405081
2007-03-01,0.0071356553637420515
2007-03-02,-0.0037160535263669886
2007-03-05,0.013841994030626612
2007-03-06,0.016138227221698907
2007-03-07,0.002457886316201162
2007-03-08,-0.000819700374001784
2007-03-09,-0.001112509063015063
2007-03-12,0.0020431742765977014
2007-03-13,0.006437279824227718
2007-03-14,0.009157056557332174
2007-03-15,-0.01607780975586873
2007-03-16,-0.002062822491474485
2007-03-19,0.016204131166824964
2007-03-20,0.00426479065226806
2007-03-21,0.007942078762820538
2007-03-22,0.01871008484320596
2007-03-23,-0.004808896841121672
2007-03-26,-0.020576604311367683
2007-03-27,0.01428409862938161
2007-03-28,-0.009360464633457476
2007-03-29,-0.0014522200762315182
2007-03-30,-0.0039252045058321035
2007-04-02,-0.004178385538988451
2007-04-03,0.01819327139615369
2007-04-04,-0.01312032379940507
2007-04-05,-0.01097270786229122
2007-04-06,0.0016824243093517474
2007-04-09,0.007502499647204022
2007-04-10,-0.0033494568738214395
2007-04-11,-0.004328731051938664
2007-04-12,-0.010544903953535616
2007-04-13,-0.012822839645983363
2007-04-16,0.014875685896619983
2007-04-17,0.004141983494796095
2007-04-18,0.012464425300936732
2007-04-19,0.018102317054749437
2007-04-20,0.009450320954546794
2007-04-23,0.008695098018155097
2007-04-24,-0.0013706098671060762
2007-04-25,-0.01839258473787724
2007-04-26,0.003924673987021433
2007-04-27,0.0016231315527508762
2007-04-30,-0.021488870095433998
2007-05-01,0.008732197662594119
2007-05-02,0.01692609057100755
2007-05-03,0.01869614990998368
2007-05-04,-0.03209336025681758
2007-05-07,0.01675954962968356
2007-05-08,-0.010345595555411351
2007-05-09,0.007184797891252238
2007-05-10,-0.002036875111514118
2007-05-11,-0.0035729829096267304
2007-05-14,-0.0015459075483262967
2007-05-15,0.00987274550070583
2007-05-16,0.00798502647988365
2007-05-17,0.004937705513340312
2007-05-18,-0.003262322673951684
2007-05-21,0.002118842550093071
2007-05-22,0.006154996697886536
2007-05-23,0.004747512632297311
2007-05-24,-0.016599726060543402
2007-05-25,0.010392715182065916
2007-05-28,0.012900746979219396
2007-05-29,0.006756246966254625
2007-05-30,0.005092842753743082
2007-05-31,0.012839794664269858
2007-06-01,0.0009259641689013387
2007-06-04,0.008327276818587578
2007-06-05,0.012777133641513007
2007-06-06,-0.004286833402568673
2007-06-07,-0.006057330255606803
2007-06-08,-0.0063587032752755075
2007-06-11,0.012098702230616822
2007-06-12,-0.009719836967832667
2007-06-13,0.014277935300487616
2007-06-14,0.012986093001315355
2007-06-15,-0.0013689187850948331
2007-06-18,-0.0009429468493791331
2007-06-19,-0.0023171698068264086
2007-06-20,0.013156057306016513
2007-06-21,0.010623102386245042
2007-06-22,0.004240756899005015
2007-06-25,0.005181944583352402
2007-06-26,0.0028660390819419783
2007-06-27,0.011551352811512051
2007-06-28,-0.005005592614574551
2007-06-29,0.00848161585903564
2007-07-02,-0.0031675099613222985
2007-07-03,-0.011920859424924827
2007-07-04,-0.004136944875326017
2007-07-05,-0.01089860899337201
2007-07-06,0.0077660908911962034
2007-07-09,0.0027361459622551043
2007-07-10,-0.004197153209085227
2007-07-11,-0.0012113760247157782
2007-07-12,-0.0011503993315485142
2007-07-13,-0.0001501202206310795
2007-07-16,-0.005136212568181732
2007-07-17,0.006024326397264173
2007-07-18,-0.008917474735427023
2007-07-19,0.01614325810161823
2007-07-20,0.005422032439175668
2007-07-23,0.007919488314789377
2007-07-24,0.010238847677263676
2007-07-25,0.00205648213786766
2007-07-26,0.0017222754946243715
2007-07-27,0.009708128369149114
2007-07-30,-0.053615155609066975
2007-07-31,0.016839150097406698
2007-08-01,0.0027601405857836485
2007-08-02,-0.008550210538772942
2007-08-03,0.009528715801248148
2007-08-06,-0.0270992050985033
2007-08-07,0.011225074026955252
2007-08-08,0.014429676436018963
2007-08-09,-0.005205546770242462
2007-08-10,-0.005858150243105223
2007-08-13,-0.015539664826261543
2007-08-14,0.008556435732109235
2007-08-15,-0.014836475932474214
2007-08-16,0.012941437719542143
2007-08-17,0.00573559453461904
2007-08-20,-0.00817071797427878
2007-08-21,-0.0007269776231557182
2007-08-22,0.007814173399784925
2007-08-23,-0.017736718382664326
2007-08-24,-0.01812728703886615
2007-08-27,0.008491921175343621
2007-08-28,0.0008957767112245142
2007-08-29,0.0026720567591701147
2007-08-30,-0.01150717278514923
2007-08-31,-0.0010871344464426919
2007-09-03,-0.0013230942204845962
2007-09-04,0.00043143588762763543
2007-09-05,0.014446857474886188
2007-09-06,0.01911098300965207
2007-09-07,-0.0071593398364643394
2007-09-10,-0.02000382881109711
2007-09-11,-0.007187912049520521
2007-09-12,0.0022354771037013423
2007-09-13,-0.020301326456573423
2007-09-14,0.005575263843646119
2007-09-17,0.011004411135757194
2007-09-18,0.01798714841970046
2007-09-19,0.0013383151439802232
2007-09-20,-0.009838295729247864
2007-09-21,-0.01247938830160161
2007-09-24,-0.027892229704152564
2007-09-25,0.0013963084369693797
2007-09-26,-0.004062585023197594
2007-09-27,-0.0038030798424346264
2007-09-28,0.0025620460945749678
2007-10-01,-0.0054313904383222825
2007-10-02,-0.001605900615695377
2007-10-03,-0.014841256529596721
2007-10-04,-0.02346324131126711
2007-10-05,0.02039613530734584
2007-10-08,0.0032381168225150865
2007-10-09,0.01372898601266335
2007-10-10,-0.012111929698261994
2007-10-11,0.0023843568043573626
2007-10-12,-0.008702788764269543
2007-10-15,0.010032900663317539
2007-10-16,0.009406429196010698
2007-10-17,0.00404783895247967
2007-10-18,0.013878365798779511
2007-10-19,0.0029582100503626405
2007-10-22,-0.01681529519073398
2007-10-23,-0.0026277046684067967
2007-10-24,-0.010125069161444834
2007-10-25,0.0038227730797428805
2007-10-26,-0.004344851883579408
2007-10-29,0.009645983760485342
2007-10-30,0.004730132049141404
2007-10-31,-0.003258230333256555
2007-11-01,-0.005043933549839369
2007-11-02,0.006311265525158542
2007-11-05,0.012577590208984961
2007-11-06,0.0008668264934901075
2007-11-07,-0.011975662010098673
2007-11-08,0.008160292719849287
2007-11-09,0.0007198779744771941
2007-11-12,-0.011896495239764968
2007-11-13,0.019240482021766467
2007-11-14,0.014536058510566696
2007-11-15,0.010516351378684606
2007-11-16,0.008201275789031955
2007-11-19,0.012668066527271772
2007-11-20,-0.0032593291503671927
2007-11-21,0.01281352374434196
2007-11-22,0.01836078832133652
2007-11-23,-0.01568631160844011
2007-11-26,0.009153506368980775
2007-11-27,-0.02208027569310757
2007-11-28,-0.01274959168584974
2007-11-29,-0.01800455704263142
2007-11-30,0.01090645251790746
2007-12-03,-0.029035319092690883
2007-12-04,0.010233921060648504
2007-12-05,-0.013265601081585459
2007-12-06,-0.02136949227025829
2007-12-07,-0.024279422603268496
2007-12-10,-0.04639385554121052
2007-12-11,3.332313933687367e-05
2007-12-12,0.006335505267752922
2007-12-13,0.010421248937162803
2007-12-14,-0.004979207784779876
2007-12-17,-0.017511936945671273
2007-12-18,0.009632045073672487
2007-12-19,0.005434595241230068
2007-12-20,-0.00859155779180627
2007-12-21,0.0037436144019007238
2007-12-24,0.00481022175861439
2007-12-25,-0.00431870828692095
2007-12-26,0.0036318313762601397
2007-12-27,0.009205573670182973
2007-12-28,0.0055442644470520275
2007-12-31,0.0034812518052355947
2008-01-01,0.014471159943990581
2008-01-02,-0.0014361054411124487
2008-01-03,0.0019429047901087342
2008-01-04,0.00011481492689591546
2008-01-07,0.014503215129464937
2008-01-08,0.01106807821336862
2008-01-09,0.006925808689956486
2008-01-10,0.012885487129020443
2008-01-11,-0.003707119372023983
2008-01-14,0.014890068637234952
2008-01-15,0.00021237543012990814
2008-01-16,0.0016457233965309279
2008-01-17,0.0028921171992072094
2008-01-18,0.004634678233497905
2008-01-21,0.001138092005376453
2008-01-22,-0.009932777316835516
2008-01-23,0.0015499802408902481
2008-01-24,0.004364089440312437
2008-01-25,-0.021885254142157102
2008-01-28,-0.005851237052449852
2008-01-29,0.007678463866540433
2008-01-30,-0.002355614941631917
2008-01-31,0.004298458696786994
2008-02-01,-0.01848646625756024
2008-02-04,0.017823337609481682
2008-02-05,0.0018200310711022592
2008-02-06,0.019019235074400953
2008-02-07,0.013612433938552342
2008-02-08,0.002519765910788032
2008-02-11,0.010140724966564624
2008-02-12,0.0025035386731066117
2008-02-13,-0.038409257868428
2008-02-14,0.0005802857952049607
2008-02-15,-0.00011053820883764193
2008-02-18,-0.013294116160006541
2008-02-19,0.014399173206753777
2008-02-20,-0.00196759146873798
2008-02-21,0.001290538570900692
2008-02-22,0.010481757365033886
2008-02-25,-0.01510567776255094
2008-02-26,-0.0005110939905934274
2008-02-27,0.017679436148105444
2008-02-28,0.014214877239100341
2008-02-29,-0.01651406649902974
2008-03-03,-0.041572857096122476
2008-03-04,0.009751238951163841
2008-03-05,0.0008716682495683754
2008-03-06,-0.012909274098510188
2008-03-07,0.004018015400161751
2008-03-10,-0.001165829953573512
2008-03-11,0.010248303787810359
2008-03-12,0.0011394381758935458
2008-03-13,0.0019293349193525086
2008-03-14,0.008902366348359083
2008-03-17,0.009483422256469198
2008-03-18,0.004299712149938711
2008-03-19,0.0008261823645751357
2008-03-20,-0.02401844840148418
2008-03-21,0.014487625820357486
2008-03-24,0.0035717740402467432
2008-03-25,0.003864328249587396
2008-03-26,-0.007137482952090945
2008-03-27,-0.006486144138969394
2008-03-28,-0.00638046360121149
2008-03-31,-0.0034117098841414256
2008-04-01,0.008912990479942439
2008-04-02,-0.0007017699795699335
2008-04-03,0.014810008066179735
2008-04-04,0.013342318294371276
2008-04-07,-0.01883903610162443
2008-04-08,-0.01470608472969651
2008-04-09,0.012755964087462768
2008-04-10,-0.010956620632736853
2008-04-11,0.004479149077290159
2008-04-14,0.002906447274662438
2008-04-15,-0.017617809286126513
2008-04-16,0.019026542004640986
2008-04-17,0.016692178551072738
2008-04-18,-0.013547840242140289
2008-04-21,-0.0021770561091839363
2008-04-22,-0.006761628974331312
2008-04-23,0.010788831134664213
2008-04-24,0.017459665760178565
2008-04-25,0.002038355916153433
2008-04-28,-0.009909700299133153
2008-04-29,0.00018873251888729473
2008-04-30,0.016519513644012523
2008-05-01,-0.0013251361625220316
2008-05-02,0.0071826979659787675
2008-05-05,-0.015455613032138552
2008-05-06,-0.004609428955380506
2008-05-07,0.003894808374409555
2008-05-08,0.005686223612061395
2008-05-09,-0.0017361882128841023
2008-05-12,-0.005783959998251792
2008-05-13,-0.06192736733327685
2008-05-14,0.014470051034644733
2008-05-15,0.005517211030836584
2008-05-16,0.019753130356342987
2008-05-19,0.01246667358953314
2008-05-20,0.011480642899796266
2008-05-21,-0.013068543853929967
2008-05-22,-0.0034572907974821376
2008-05-23,-0.026947086816244702
2008-05-26,0.007019112202105042
2008-05-27,-0.012324679467193077
2008-05-28,0.004646764189519002
2008-05-29,0.006563228139390011
2008-05-30,-0.007175657418445825
2008-06-02,0.004042646822710574
2008-06-03,0.011644386391370522
2008-06-04,0.00739676600917754
2008-06-05,0.0032184039976982694
2008-06-06,0.01567017253308103
2008-06-09,0.004352647599401065
2008-06-10,-0.0017159788470217027
2008-06-11,0.016779122184931477
2008-06-12,0.011917393014585595
2008-06-13,0.007658678544332807
2008-06-16,-0.005147219576076344
2008-06-17,0.019209238084819683
2008-06-18,-0.00845096107735412
2008-06-19,-0.01577385895946883
2008-06-20,-0.0006659692390849521
2008-06-23,0.011142213961357986
2008-06-24,0.01481901171472408
2008-06-25,-0.006884394963865292
2008-06-26,-0.00761566044746528
2008-06-27,0.005760022706990081
2008-06-30,-0.0008165289034827473
2008-07-01,-0.0005144978790144854
2008-07-02,0.02031630938665372
2008-07-03,0.013774446151328681
2008-07-04,-0.010741159289865989
2008-07-07,0.003734512542576191
2008-07-08,0.004259572105946886
2008-07-09,0.016838700611170262
2008-07-10,-0.04011844434250357
2008-07-11,0.02061667898442327
2008-07-14,-0.01732648424447186
2008-07-15,0.004497235618697165
2008-07-16,0.014197613222323498
2008-07-17,0.00678140066552714
2008-07-18,0.009080839723793165
2008-07-21,0.0064158572054099396
2008-07-22,0.017069397313717396
2008-07-23,-0.0017576753875472514
2008-07-24,-0.01597259430713124
2008-07-25,-0.009508290049003176
2008-07-28,0.013105765649988402
2008-07-29,-0.023184670415213136
2008-07-30,0.008949130756323906
2008-07-31,0.0035153940725426262
2008-08-01,-0.00935198704145496
2008-08-04,0.011369159968501135
2008-08-05,0.006412289670459224
2008-08-06,0.003274619208704574
2008-08-07,0.006568430179708793
2008-08-08,0.004083719831241055
2008-08-11,0.004480331300092941
2008-08-12,-0.024216273233820067
2008-08-13,0.001595175773424426
2008-08-14,-0.029820624594793715
2008-08-15,0.01133589793180421
2008-08-18,0.008531595074969353
2008-08-19,-0.008979649286297613
2008-08-20,-0.006805064224217814
2008-08-21,-0.008074942091613437
2008-08-22,0.009829879003866157
2008-08-25,0.001183098135185981
2008-08-26,-0.009111210172297653
2008-08-27,-0.027377639774464963
2008-08-28,0.014200976932670865
2008-08-29,0.014027063710871906
2008-09-01,0.007232728828587508
2008-09-02,0.0051540339769110925
2008-09-03,0.005481018547190221
2008-09-04,-0.014666704965085962
2008-09-05,-0.005494996493196718
2008-09-08,0.0002245589147125207
2008-09-09,0.009663155752254127
2008-09-10,0.01390356230690749
2008-09-11,0.007781219210130974
2008-09-12,0.01258313679822083
2008-09-15,0.004179333844339075
2008-09-16,0.005575603620676044
2008-09-17,0.013286881131208118
2008-09-18,-0.008262241477355148
2008-09-19,0.004892370790892376
2008-09-22,-0.008366256934287764
2008-09-23,0.012753045926849848
2008-09-24,0.017359489044127208
2008-09-25,-0.01973224539277497
2008-09-26,0.004198886013145029
2008-09-29,-0.002737381261130642
2008-09-30,0.005180285020026931
2008-10-01,-0.014669593439958818
2008-10-02,0.0008921910362107571
2008-10-03,0.022828912451154187
2008-10-06,-0.002521918142358203
2008-10-07,0.008224013419298782
2008-10-08,0.007487245357892174
2008-10-09,0.005986792248505856
2008-10-10,-0.006890948866691952
2008-10-13,-0.033097498754980026
2008-10-14,0.015236006671325231
2008-10-15,-0.01664417836454214
2008-10-16,-0.02339713203902866
2008-10-17,0.005367644832349725
2008-10-20,0.009453121743068626
2008-10-21,0.01030472168874732
2008-10-22,-0.00618020829879538
2008-10-23,0.007520484677245011
2008-10-24,-0.028500123660416116
2008-10-27,-0.02153821658658506
2008-10-28,0.01477161459088935
2008-10-29,0.006674998553543032
2008-10-30,-0.014404996806485684
2008-10-31,0.001727518894180359
2008-11-03,0.0015921012491305238
2008-11-04,0.002345887528938259
2008-11-05,0.014943066707961578
2008-11-06,-0.0034287697090867597
2008-11-07,0.009923360704534128
2008-11-10,0.004717432735364967
2008-11-11,-0.0005731664207852226
2008-11-12,0.0013725048115538693
2008-11-13,0.00882170168375206
2008-11-14,-0.00322211998103911
2008-11-17,0.0008171107313267104
2008-11-18,0.017313976551200042
2008-11-19,0.0034722995352129415
2008-11-20,0.0068946407424015435
2008-11-21,-0.00887658347945951
2008-11-24,0.0038184258907904244
2008-11-25,-0.010449338583392299
2008-11-26,0.011180229800425405
2008-11-27,0.0009046364409086502
2008-11-28,0.013161181781442677
2008-12-01,-0.01993271503222201
2008-12-02,0.019552810048932383
2008-12-03,-0.00455157306909398
2008-12-04,-0.008468874189304993
2008-12-05,0.0167552788562879
2008-12-08,-0.0036971324254758374
2008-12-09,-0.010653164944952238
2008-12-10,0.014624108524619692
2008-12-11,-0.0010846767117918196
2008-12-12,-0.01799634538570335
2008-12-15,0.000262967794707282
2008-12-16,0.0010983254517973919
2008-12-17,0.01376647864155744
2008-12-18,-0.003438185665706972
2008-12-19,0.001868717637826655
2008-12-22,0.010342298655300694
2008-12-23,0.009926912869663858
2008-12-24,-0.008210894352484576
2008-12-25,0.01246279621479877
2008-12-26,0.019570720384577196
2008-12-29,-0.013987322720231909
2008-12-30,-0.021614906337874978
2008-12-31,-0.01312999126885497
2009-01-01,0.012810865496902602
2009-01-02,-0.01668006722528294
2009-01-05,-0.0019053410399608867
2009-01-06,0.017302319898959834
2009-01-07,0.011486365460535285
2009-01-08,-0.036900497328879026
2009-01-09,0.003914638258280364
2009-01-12,-0.01597862703083969
2009-01-13,-0.01724402418346058
2009-01-14,0.008704530806059364
2009-01-15,0.006227288112538358
2009-01-16,-0.008292508500128266
2009-01-19,0.0007343998276430654
2009-01-20,0.0012120468622495335
2009-01-21,0.01016587161654388
2009-01-22,0.0057667232739931
2009-01-23,-0.006975159570442809
2009-01-26,0.003392326243655621
2009-01-27,-0.003427796488807016
2009-01-28,0.00040065385781572205
2009-01-29,0.006422637209414106
2009-01-30,0.007888618727188781
2009-02-02,-0.008472641066204541
2009-02-03,0.005233099287221994
2009-02-04,-0.0015068990250450623
2009-02-05,-0.002478148478414089
2009-02-06,0.01641131705980832
2009-02-09,-0.014033575532652092
2009-02-10,-0.0036925306904083237
2009-02-11,-0.010742184326799114
2009-02-12,0.00315451665657333
2009-02-13,0.007551338074070171
2009-02-16,0.00656265010438422
2009-02-17,0.003509015131328088
2009-02-18,-0.011064758170025866
2009-02-19,-0.0021003517245174914
2009-02-20,0.0004573441407802921
2009-02-23,-0.015398845065126284
2009-02-24,-0.0029468300810450605
2009-02-25,0.01773731605660112
2009-02-26,-0.012264285689296574
2009-02-27,-0.00520554293699077
2009-03-02,0.02215686598269912
2009-03-03,0.01472177969871294
2009-03-04,0.010355599295636276
2009-03-05,-0.008941599041516136
2009-03-06,-0.0004181207234382617
2009-03-09,-0.023787369309253546
2009-03-10,0.0040779933042639875
2009-03-11,0.022566119934353413
2009-03-12,0.0004889389896427336
2009-03-13,0.004877977327621411
2009-03-16,0.008823594502925632
2009-03-17,-0.029445538987150858
2009-03-18,0.013257193460418997
2009-03-19,-0.0026180385215702796
2009-03-20,0.018082995623203542
2009-03-23,0.014190373297105055
2009-03-24,-0.0034635798694151072
2009-03-25,0.004611484638371074
2009-03-26,-0.02219546807502729
2009-03-27,0.008057199177526262
2009-03-30,0.010187831394561595
2009-03-31,0.005334045536504864
2009-04-01,-0.00021267965512729997
2009-04-02,0.0084598532985787
2009-04-03,0.0003136639305729577
2009-04-06,0.015559357814494596
2009-04-07,0.020995409782210227
2009-04-08,0.010242584240295385
2009-04-09,0.00974723512490979
2009-04-10,0.013806830634260237
2009-04-13,-0.01779849088472302
2009-04-14,0.016927877689326652
2009-04-15,0.00027158685149959033
2009-04-16,-0.0035583083258778556
2009-04-17,0.006738146883896359
2009-04-20,-0.0005094313283305063
2009-04-21,0.010779486793837376
2009-04-22,0.008323307318682763
2009-04-23,0.003542193275247331
2009-04-24,-0.002884568293450615
2009-04-27,-0.013105070567261266
2009-04-28,0.0010435866808951831
2009-04-29,0.012130774456785065
2009-04-30,-0.0069839572699021794
2009-05-01,0.0082512884604861
2009-05-04,0.0025836199789635132
2009-05-05,0.008389141151935498
2009-05-06,-0.014084416658505319
2009-05-07,0.010249424918132872
2009-05-08,0.0012543645819333427
2009-05-11,0.009537365964057323
2009-05-12,-0.008311917576904668
2009-05-13,0.01798185353163515
2009-05-14,-0.03385791397143284
2009-05-15,-0.009684264619310465
2009-05-18,0.004836058427693808
2009-05-19,0.0027009690190705794
2009-05-20,-0.0100454867403835
2009-05-21,0.0004677649243403567
2009-05-22,-0.013167745735574107
2009-05-25,0.010404666856905359
2009-05-26,0.00540890533379999
2009-05-27,-0.016991693208437856
2009-05-28,0.012931354017506579
2009-05-29,-0.008227870167864564
2009-06-01,0.012273927422800106
2009-06-02,-0.00826935646642175
2009-06-03,0.016617025958237334
2009-06-04,-0.0013278344566047817
2009-06-05,0.0038023917845705357
2009-06-08,0.0023979949803236457
2009-06-09,0.006786932469917024
2009-06-10,-0.006118505547573299
2009-06-11,0.013725209114153421
2009-06-12,0.001034623135759985
2009-06-15,-0.003468077246956667
2009-06-16,0.0012651780041537941
2009-06-17,0.007062992981191899
2009-06-18,0.005930292651443084
2009-06-19,0.009480804495014452
2009-06-22,-0.009992690991603857
2009-06-23,0.00768678132971724
2009-06-24,-0.014712194263787
2009-06-25,0.01723830816124275
2009-06-26,0.009067168858839288
2009-06-29,0.008925924046822482
2009-06-30,0.0011958631301402234
2009-07-01,-0.001679061678518324
2009-07-02,0.006208578926785932
2009-07-03,0.012268129786936258
2009-07-06,0.0199474457396053
2009-07-07,-0.006288681659370365
2009-07-08,-0.003403522444560464
2009-07-09,-0.011035480403609358
2009-07-10,0.011440583013041182
2009-07-13,0.01044314757825108
2009-07-14,0.0156600622939052
2009-07-15,-0.017105229081126914
2009-07-16,-0.008183933515901128
2009-07-17,0.0013982848981646187
2009-07-20,0.002679620009137556
2009-07-21,0.012748704535014125
2009-07-22,-0.007837770014215689
2009-07-23,-0.007564294392744638
2009-07-24,0.0006202538736823707
2009-07-27,0.002844254820481437
2009-07-28,0.004013475778602921
2009-07-29,-0.0232979586537367
2009-07-30,-0.0061741080868848615
2009-07-31,-0.015528125706618715
