2000-01-03,-0.010573171069186694
2000-01-04,-0.015132908750203074
2000-01-05,-0.008123587317411557
2000-01-06,-0.010050524503831345
2000-01-07,0.0018538003517280625
2000-01-10,-0.005945118151514536
2000-01-11,-0.019614912417969733
2000-01-12,-0.017011681860631473
2000-01-13,-0.004346331286350771
2000-01-14,0.012663623758378949
2000-01-17,-0.008110328129369428
2000-01-18,0.006528339382371847
2000-01-19,0.02886866497165351
2000-01-20,0.0004369602022525343
2000-01-21,-0.012995120153649465
2000-01-24,0.029170038395799285
2000-01-25,-0.007991237547219678
2000-01-26,-0.0028762653005593337
2000-01-27,-0.007207066969097304
2000-01-28,0.013625745071612544
2000-01-31,-0.0035741699085461466
2000-02-01,-0.0002774668935745378
2000-02-02,-0.0031009626070383177
2000-02-03,-0.0008113442569767162
2000-02-04,-0.01810438050756081
2000-02-07,-0.014593700788705893
2000-02-08,0.0014925364877338837
2000-02-09,-0.006907687759443424
2000-02-10,-0.00985411129601185
2000-02-11,-0.00952654245819464
2000-02-14,-0.014639857659310392
2000-02-15,0.02402821726691331
2000-02-16,0.004906138863715541
2000-02-17,-0.009298536022271998
2000-02-18,-0.0043025325134493884
2000-02-21,-0.010189828552874019
2000-02-22,0.037500054172424885
2000-02-23,-0.017168654722378843
2000-02-24,-0.0005028581796886478
2000-02-25,0.008954590295131938
2000-02-28,-0.003227418203324353
2000-02-29,0.010470978686824325
2000-03-01,0.014349968676059928
2000-03-02,-0.010404212628408939
2000-03-03,0.0072134662283091025
2000-03-06,0.005212410561450217
2000-03-07,-0.001631523975501637
2000-03-08,-0.012692056108760225
2000-03-09,0.011100191261756896
2000-03-10,-0.006931867506460358
2000-03-13,0.010022183984505377
2000-03-14,0.022337603945074835
2000-03-15,-0.00445979742737302
2000-03-16,0.01244868081430641
2000-03-17,0.0027337144838789074
2000-03-20,0.009201612153459687
2000-03-21,-0.011477868268984039
2000-03-22,0.014035042154118056
2000-03-23,0.025958804011098235
2000-03-24,-0.019183257213077967
2000-03-27,-1.667815379818166e-05
2000-03-28,0.010932178066611294
2000-03-29,0.000619925563142245
2000-03-30,0.0013088727313053314
2000-03-31,0.0009289450210918856
2000-04-03,0.0033927974383833152
2000-04-04,-0.00021528074934506342
2000-04-05,-0.010725567900812019
2000-04-06,0.002973799906174225
2000-04-07,-0.011384771250914494
2000-04-10,0.01840118304021801
2000-04-11,-0.012584051842325574
2000-04-12,-0.0010882190685000473
2000-04-13,-0.005977558651339084
2000-04-14,-0.006380383865917744
2000-04-17,-0.010662927171553755
2000-04-18,0.0011940228677969032
2000-04-19,0.010599889701245355
2000-04-20,0.006870005589078992
2000-04-21,-0.008533989474984158
2000-04-24,-0.017756420705028416
2000-04-25,0.011896120898117861
2000-04-26,0.005862536591440731
2000-04-27,0.010159670878673949
2000-04-28,-0.014002468044997851
2000-05-01,-0.0031310652486430945
2000-05-02,0.0019062902965527005
2000-05-03,0.02980758721228568
2000-05-04,-0.01566087655393841
2000-05-05,0.03464902122210605
2000-05-08,-0.0008288787290530245
2000-05-09,-0.016127403369908193
2000-05-10,0.02246917190387305
2000-05-11,0.007012470226639353
2000-05-12,-0.014784904040446618
2000-05-15,-0.006013303136642594
2000-05-16,0.0037615168800329453
2000-05-17,0.017716381375849195
2000-05-18,0.0184936721871492
2000-05-19,-0.013498214478133748
2000-05-22,0.002620790685496567
2000-05-23,0.005230792754052888
2000-05-24,-0.019525749307567685
2000-05-25,-0.006182759089673452
2000-05-26,0.002071961069840155
2000-05-29,0.0024259593972640534
2000-05-30,-0.011017403861023161
2000-05-31,-0.009436309566468576
2000-06-01,-0.0032494130841685884
2000-06-02,0.030592331074722763
2000-06-05,-0.004917161983185609
2000-06-06,0.0012015000463862745
2000-06-07,-0.006449177366176867
2000-06-08,0.019952341325203383
2000-06-09,0.0009768663784412122
2000-06-12,-0.001643914812543515
2000-06-13,0.003487963424457917
2000-06-14,0.016313794072843377
2000-06-15,-0.010314053299037852
2000-06-16,-0.004947938976243852
2000-06-19,-0.0028330214924726545
2000-06-20,-0.006919531931705577
2000-06-21,0.00905062075187877
2000-06-22,0.010149549888516851
2000-06-23,-0.014358891735488693
2000-06-26,-0.004899012696396594
2000-06-27,0.0031939878081676705
2000-06-28,0.0030591069417866094
2000-06-29,0.01704948614772589
2000-06-30,0.008425627780951336
2000-07-03,0.01704667615404172
2000-07-04,-0.014825291612153008
2000-07-05,0.0034164588600257007
2000-07-06,-0.006070687762911031
2000-07-07,0.027537926175805943
2000-07-10,0.0015787280002250055
2000-07-11,-0.0030712110882546335
2000-07-12,-0.01391601413094478
2000-07-13,-0.019835842687105247
2000-07-14,-0.015628587686462643
2000-07-17,-0.01946808974501574
2000-07-18,0.024554963169859535
2000-07-19,0.023427785244352774
2000-07-20,-0.011444378507022146
2000-07-21,0.023445631043096986
2000-07-24,-0.001639013684620716
2000-07-25,-0.009372727117399306
2000-07-26,-0.01739254331021944
2000-07-27,-0.002861826628290768
2000-07-28,-0.01885597500360043
2000-07-31,-0.004001345706301066
2000-08-01,-0.00048298156703940887
2000-08-02,0.01621945218436665
2000-08-03,-0.0030255509208536834
2000-08-04,-0.010122289942830423
2000-08-07,0.0034667040333710847
2000-08-08,-0.0014995817289228178
2000-08-09,-0.00018221391963509775
2000-08-10,0.02055427375332041
2000-08-11,-0.0027179951160154793
2000-08-14,-0.000266173437394053
2000-08-15,-0.012518759587231464
2000-08-16,0.009231592087936606
2000-08-17,-0.002017487353672298
2000-08-18,0.0444148434907877
2000-08-21,0.0056331014671927165
2000-08-22,-0.004471773568081941
2000-08-23,0.012068374722600653
2000-08-24,0.01696235262391571
2000-08-25,0.022688155448135815
2000-08-28,0.00573536945869451
2000-08-29,-0.013535896150770036
2000-08-30,-0.00028786825509214894
2000-08-31,0.0367663317433408
2000-09-01,0.0028803455326254605
2000-09-04,-0.008445194147987636
2000-09-05,-0.0025833995269578316
2000-09-06,-0.010860597872770167
2000-09-07,0.005495732803910903
2000-09-08,0.005502363536059422
2000-09-11,0.02035797366777717
2000-09-12,0.004513286717640137
2000-09-13,0.006033045021487073
2000-09-14,-0.0027335066790263145
2000-09-15,0.0154825160054776
2000-09-18,-0.01109160555472521
2000-09-19,-0.0023005070036914363
2000-09-20,-0.015684030985015446
2000-09-21,0.011649852999984639
2000-09-22,0.014615986455341068
2000-09-25,0.002026241536739859
2000-09-26,-0.007562141061152498
2000-09-27,-0.010165621485459958
2000-09-28,0.0025583899269603708
2000-09-29,0.0024099378614422934
2000-10-02,0.004026512621687409
2000-10-03,0.035703584912353585
2000-10-04,-0.0046706551685958275
2000-10-05,0.03276341244393606
2000-10-06,0.002735985639764668
2000-10-09,0.0013986725440732137
2000-10-10,-0.01750185309702436
2000-10-11,0.017873941445612572
2000-10-12,0.018654547813034453
2000-10-13,-0.019992277974995323
2000-10-16,0.014008427741371468
2000-10-17,-0.005527855553917046
2000-10-18,-0.009152077395052636
2000-10-19,-0.010164799434327479
2000-10-20,-0.012319048887144001
2000-10-23,-0.006020538217526603
2000-10-24,-0.007793318635747951
2000-10-25,0.0024003080639729037
2000-10-26,-0.0004287573482882473
2000-10-27,0.0029309513795984336
2000-10-30,0.025044092453526935
2000-10-31,0.017458228561433337
2000-11-01,-0.005690726879750179
2000-11-02,-0.00983814404779346
2000-11-03,0.003969205419205028
2000-11-06,0.0012180436817578466
2000-11-07,0.024711431517703178
2000-11-08,-0.004091492139116172
2000-11-09,-0.0022269040412612566
2000-11-10,-0.010182509015207186
2000-11-13,-0.0011933113550934883
2000-11-14,0.0014966131400197015
2000-11-15,0.0019732229911848774
2000-11-16,-0.009641585666373687
2000-11-17,0.0010030780707051719
2000-11-20,-0.005289865490972441
2000-11-21,-0.010965125412614444
2000-11-22,-0.007334660717194269
2000-11-23,0.01169801447105423
2000-11-24,-0.016449491976791186
2000-11-27,-0.006731395255425824
2000-11-28,0.0002981690439918805
2000-11-29,-0.011941610091886651
2000-11-30,0.010989020195448278
2000-12-01,0.012568035440924628
2000-12-04,-0.009305610744188633
2000-12-05,0.0323622559930332
2000-12-06,0.002839801277770407
2000-12-07,-0.012379878930566955
2000-12-08,-0.005657271419262772
2000-12-11,-0.01138952719357809
2000-12-12,0.005748931623445096
2000-12-13,-0.009950956299074009
2000-12-14,-0.01559145845525243
2000-12-15,0.005359359575183499
2000-12-18,-0.011604222759583423
2000-12-19,-0.009342990832065886
2000-12-20,0.017051654301023525
2000-12-21,0.007832327228252965
2000-12-22,0.0026138738121102394
2000-12-25,-0.002921591223888166
2000-12-26,-0.0025375976590107305
2000-12-27,0.00039807405753010394
2000-12-28,0.003913025007440896
2000-12-29,-0.011750703133935498
2001-01-01,0.05708186555651855
2001-01-02,0.00662093449319652
2001-01-03,0.0010485548736504612
2001-01-04,0.003994239141917922
2001-01-05,0.0434172429976698
2001-01-08,-0.009079726124642775
2001-01-09,0.005474280133839236
2001-01-10,0.010648283137553373
2001-01-11,-0.006655253735649902
2001-01-12,-0.00772518000622513
2001-01-15,-0.01552799950889842
2001-01-16,-0.012389944341039886
2001-01-17,-0.01001363228067249
2001-01-18,-0.023483246731979518
2001-01-19,-0.01792305287334265
2001-01-22,0.018307106839955678
2001-01-23,-0.011489308605962081
2001-01-24,0.012809294889690175
2001-01-25,0.0034680956901748626
2001-01-26,0.01501760733155582
2001-01-29,0.007896758756305494
2001-01-30,-0.00579278883768853
2001-01-31,0.009738564336169535
2001-02-01,0.03698601472450748
2001-02-02,0.0032263778631338932
2001-02-05,0.010297660594339744
2001-02-06,0.0017998085697186056
2001-02-07,-0.005592366220450624
2001-02-08,-0.007305589629871118
2001-02-09,-0.0003903147884627631
2001-02-12,0.0002629103833799648
2001-02-13,-0.0024397612416720803
2001-02-14,0.004314047947159904
2001-02-15,0.006800315574603897
2001-02-16,-0.010176934185562498
2001-02-19,0.019736963129881054
2001-02-20,-0.0024354488062385653
2001-02-21,0.005205183246688571
2001-02-22,0.01954648363599524
2001-02-23,-0.005238267834991671
2001-02-26,0.013944487521859249
2001-02-27,0.023792863107890076
2001-02-28,-0.01588978385428819
2001-03-01,-0.0109633502972391
2001-03-02,0.007853790950086863
2001-03-05,-0.009101578922907062
2001-03-06,0.0016069236782315331
2001-03-07,-0.0024025626868440474
2001-03-08,-0.012502891123790192
2001-03-09,0.0041551445986965155
2001-03-12,-0.017945064778295064
2001-03-13,-0.009594918143947204
2001-03-14,0.022469549359369567
2001-03-15,-0.006962645099498423
2001-03-16,-0.009212263187237687
2001-03-19,-0.014088942625034215
2001-03-20,0.003007858500510375
2001-03-21,0.0054252433448017945
2001-03-22,-0.019080448345285488
2001-03-23,0.014706434677876142
2001-03-26,0.013357884027818727
2001-03-27,-0.006097301420524528
2001-03-28,0.027777995130205672
2001-03-29,-0.016375878600759206
2001-03-30,0.013952398163663601
2001-04-02,0.008496718686099608
2001-04-03,0.005246289917997426
2001-04-04,0.0035551434394156534
2001-04-05,0.0033498371581364324
2001-04-06,-0.013273116880021514
2001-04-09,0.0004830857895794932
2001-04-10,-0.013767838859043334
2001-04-11,-0.007650371063498779
2001-04-12,-0.010160826719025663
2001-04-13,0.008068531968859878
2001-04-16,0.012056897351422784
2001-04-17,-0.010053615018481378
2001-04-18,-0.008775534242438194
2001-04-19,-0.00531451493727678
2001-04-20,-0.007275292038444629
2001-04-23,-0.012436408460744128
2001-04-24,-0.009524716003042683
2001-04-25,0.004649472769888977
2001-04-26,0.038343469097868774
2001-04-27,-0.008664586174645725
2001-04-30,-0.001750505973850687
2001-05-01,-0.01563057984342875
2001-05-02,-0.01191643955890965
2001-05-03,0.0004928610561269302
2001-05-04,0.005228551685589663
2001-05-07,0.0006694312565551572
2001-05-08,-0.00037685198793448865
2001-05-09,-0.005801948554182812
2001-05-10,-0.0007374778537844254
2001-05-11,-0.01041079320771821
2001-05-14,-0.016116499074055442
2001-05-15,0.01977203073686113
2001-05-16,0.022983510904567496
2001-05-17,-0.00957668919381784
2001-05-18,0.015297209944897194
2001-05-21,0.003727037957029014
2001-05-22,-0.0009377615066185861
2001-05-23,-0.006972030479657089
2001-05-24,0.0018594302415476383
2001-05-25,-0.002496015796901275
2001-05-28,0.007259679483431231
2001-05-29,0.001591215898102228
2001-05-30,0.00040947978246112446
2001-05-31,-0.005721066446322549
2001-06-01,-0.01686057644760201
2001-06-04,-0.005385144559047303
2001-06-05,0.0029079280006706586
2001-06-06,-0.010267820687443084
2001-06-07,-0.009188245946482905
2001-06-08,-0.0049605339116912325
2001-06-11,0.012999125281807626
2001-06-12,-0.004886794304392216
2001-06-13,-0.015213514453566494
2001-06-14,-0.00429001991021058
2001-06-15,-0.002755521115513221
2001-06-18,0.002795675823651707
2001-06-19,-0.006491271779275977
2001-06-20,-0.004754827777858923
2001-06-21,-0.0012660344142057037
2001-06-22,0.0031738539385026063
2001-06-25,-0.01570843190807223
2001-06-26,-0.011058437068070056
2001-06-27,-0.014047510034242325
2001-06-28,0.015310830264305908
2001-06-29,-0.008661461868614717
2001-07-02,-0.00806921139621919
2001-07-03,0.0070239468909536855
2001-07-04,0.004704981643630399
2001-07-05,-0.009463553398801552
2001-07-06,0.004324928854497336
2001-07-09,-0.01553348420687981
2001-07-10,0.009752303121171098
2001-07-11,-0.007745197827580531
2001-07-12,-0.015521998101324552
2001-07-13,0.02038064154869723
2001-07-16,-0.0071051178552813885
2001-07-17,-0.0021290643819911227
2001-07-18,-0.006510134149969378
2001-07-19,0.009408985129307025
2001-07-20,-0.0014831439041922134
2001-07-23,-0.01635199513806164
2001-07-24,0.025344635177938245
2001-07-25,0.0037009389291580604
2001-07-26,-0.01487462452996602
2001-07-27,-0.00416346157416958
2001-07-30,0.00596773715515269
2001-07-31,0.008066251211009144
2001-08-01,-0.014446699754414047
2001-08-02,-0.011005819482690313
2001-08-03,-0.013005440848548459
2001-08-06,-0.013472722737810772
2001-08-07,0.02834945919091087
2001-08-08,0.004749132034361139
2001-08-09,0.00837062985851466
2001-08-10,-0.005685790196886236
2001-08-13,-0.013723147547374168
2001-08-14,-0.016933034405226206
2001-08-15,-0.007417087180078941
2001-08-16,0.015835009457380853
2001-08-17,0.006895793854942746
2001-08-20,-0.014828560617405919
2001-08-21,0.0027864088315138376
2001-08-22,0.02421444843106252
2001-08-23,0.01829631890203888
2001-08-24,-0.004126817675859141
2001-08-27,-0.01069236140003125
2001-08-28,-0.004131738453412366
2001-08-29,-0.007401156143863125
2001-08-30,0.010345804291462271
2001-08-31,-0.017427626400272636
2001-09-03,0.008833868151610275
2001-09-04,0.007825292613203423
2001-09-05,0.024096596769977094
2001-09-06,-0.01717361721538116
2001-09-07,0.027351878653030487
2001-09-10,0.0008726283327416713
2001-09-11,-0.012598841950184441
2001-09-12,-0.005021144047447908
2001-09-13,0.009605891730241033
2001-09-14,-0.009881781821546134
2001-09-17,-0.0005909184514425597
2001-09-18,0.011706038474256789
2001-09-19,-0.01858288813057206
2001-09-20,-0.009475611387157783
2001-09-21,0.008050272755035434
2001-09-24,-0.00998118094278721
2001-09-25,0.0072822429225094035
2001-09-26,-0.010075831776630876
2001-09-27,0.019125980980535848
2001-09-28,-0.007519549739089738
2001-10-01,0.0034990700783999323
2001-10-02,-0.008735263613696842
2001-10-03,-0.012868892043820657
2001-10-04,-0.0009673937881782488
2001-10-05,-0.01069726589534425
2001-10-08,0.011461971725618844
2001-10-09,0.00676988291527942
2001-10-10,0.013814986466847937
2001-10-11,0.01077417828557943
2001-10-12,0.009492935560961029
2001-10-15,0.012001467397437009
2001-10-16,-0.006553485930705264
2001-10-17,-0.005423487215034585
2001-10-18,-0.0031362504633323934
2001-10-19,0.01802692899248367
2001-10-22,-0.005699025791187265
2001-10-23,-0.006298511923097244
2001-10-24,0.021596296107137126
2001-10-25,-0.0051898146787677235
2001-10-26,0.008299046689298699
2001-10-29,-0.004496007875601272
2001-10-30,0.02070105913616741
2001-10-31,-0.01464550846607202
2001-11-01,0.015643927051584954
2001-11-02,-0.004878446503874898
2001-11-05,-0.007184713940268324
2001-11-06,-0.004755703398477265
2001-11-07,0.015753087993286764
2001-11-08,0.00547406137189483
2001-11-09,0.003958251393520462
2001-11-12,-0.009430944540910808
2001-11-13,-0.008215549890387551
2001-11-14,0.013974102951178062
2001-11-15,0.012323760904445626
2001-11-16,0.002350758788889875
2001-11-19,-0.008704687876608186
2001-11-20,0.032245145116899014
2001-11-21,-0.0003313055778959989
2001-11-22,0.00020340413104669164
2001-11-23,-0.005554062184813181
2001-11-26,-0.01131079293257628
2001-11-27,-0.002958445813753187
2001-11-28,0.03854458129336283
2001-11-29,0.014683704471246693
2001-11-30,-0.0037387734031962827
2001-12-03,0.0035497557592721954
2001-12-04,-0.020748851229007857
2001-12-05,-0.018873311737410983
2001-12-06,-0.011917387647742785
2001-12-07,0.0024433494093443336
2001-12-10,0.025585646412560614
2001-12-11,0.011853000503471857
2001-12-12,0.015512557355648576
2001-12-13,0.006789204713605352
2001-12-14,0.005492148294787825
2001-12-17,0.0012037927002563065
2001-12-18,0.03700673467798415
2001-12-19,-0.00608288265218445
2001-12-20,0.006591673343942669
2001-12-21,-0.010783806851585106
2001-12-24,-0.008508839679563639
2001-12-25,0.008958856669725408
2001-12-26,0.0198797429296274
2001-12-27,0.0010245020558926517
2001-12-28,-0.00880085200370337
2001-12-31,-0.005752405380400505
2002-01-01,0.007045099800522571
2002-01-02,-0.00484512770479692
2002-01-03,0.010409811867438098
2002-01-04,-0.013670019110617465
2002-01-07,0.005178148721170797
2002-01-08,0.034230055967907895
2002-01-09,-0.003638252398657657
2002-01-10,-0.0063743727664264255
2002-01-11,0.031948359258253484
2002-01-14,0.003662243745017238
2002-01-15,-0.009571623069170898
2002-01-16,0.016420056363437026
2002-01-17,-0.014283701203025316
2002-01-18,0.004972391866298945
2002-01-21,0.012694450519692188
2002-01-22,0.010201248687735295
2002-01-23,0.016951423198985738
2002-01-24,-0.001930263916513946
2002-01-25,0.004741496158812541
2002-01-28,-0.012625654366532237
2002-01-29,-0.018468527917231754
2002-01-30,0.00763996694183975
2002-01-31,0.01351171748070857
2002-02-01,0.003739412533634842
2002-02-04,-0.004365259132832124
2002-02-05,0.008171719315073385
2002-02-06,-0.004973039888281329
2002-02-07,-0.011642604495794202
2002-02-08,0.0083065353099009
2002-02-11,-0.02075142531554984
2002-02-12,0.009359507659294643
2002-02-13,0.004982115373691035
2002-02-14,0.00046606195003816644
2002-02-15,-0.009815741749614061
2002-02-18,-0.015812913394726034
2002-02-19,0.0033255739646541153
2002-02-20,0.003044629364734857
2002-02-21,-0.0067339788549420215
2002-02-22,0.008440721176780193
2002-02-25,0.010688668766154402
2002-02-26,-0.007803958470405738
2002-02-27,0.01893793068403425
2002-02-28,0.005306448520176459
2002-03-01,0.00867978628597875
2002-03-04,-0.007525316634022932
2002-03-05,0.004357304597866655
2002-03-06,-0.009564859956855722
2002-03-07,0.006283259058673638
2002-03-08,-0.00331264407587974
2002-03-11,0.002811357251789475
2002-03-12,-0.009933010305057733
2002-03-13,-0.0027219221404921785
2002-03-14,-0.011799322777839079
2002-03-15,0.003212749393024728
2002-03-18,0.005684707999851556
2002-03-19,-0.016753006884244172
2002-03-20,0.017444205397683946
2002-03-21,0.01674272324126281
2002-03-22,0.0022148716748911224
2002-03-25,0.0022532049469572435
2002-03-26,-0.010906889200509017
2002-03-27,-0.014732500572899055
2002-03-28,-0.009915697367606901
2002-03-29,-0.014102409285809405
2002-04-01,-0.005370977256996555
2002-04-02,0.01498294768499666
2002-04-03,-0.008468026363730827
2002-04-04,-0.012616366204197524
2002-04-05,0.00267488926680768
2002-04-08,-0.01352718089979778
2002-04-09,-0.0001697876206717408
2002-04-10,0.006172214949506597
2002-04-11,-0.004149668004910633
2002-04-12,0.0020517224770648795
2002-04-15,0.0031903206381538943
2002-04-16,-0.010270818842866503
2002-04-17,-0.001357166670470599
2002-04-18,-0.0142867497026265
2002-04-19,-0.009623964715814257
2002-04-22,0.034721373598204104
2002-04-23,0.0016890848996920366
2002-04-24,-0.009805833366919396
2002-04-25,-0.013333545036007423
2002-04-26,-0.010432486910444756
2002-04-29,-0.0011459420912158617
2002-04-30,-0.010072007171879642
2002-05-01,0.008466937870512246
2002-05-02,-0.0012581259531458736
2002-05-03,-0.0084375544975646
2002-05-06,-0.0033280966469705145
2002-05-07,0.0004702394054775551
2002-05-08,0.028117098431626776
2002-05-09,-0.005334483547968821
2002-05-10,-0.012884805598045368
2002-05-13,-0.0109408103640575
2002-05-14,-0.009041645887615553
2002-05-15,-0.002540437504709111
2002-05-16,0.0037334494150015156
2002-05-17,0.0035589045258553886
2002-05-20,-0.004857904382690258
2002-05-21,0.019371253544452093
2002-05-22,0.016308168234024
2002-05-23,0.019248220908052012
2002-05-24,0.0012754885762417852
2002-05-27,-0.00010958837393237539
2002-05-28,-0.008547053362732728
2002-05-29,0.0026905799122441884
2002-05-30,-0.013843149143982911
2002-05-31,-0.013129000425582996
2002-06-03,-0.018748069284287495
2002-06-04,-0.0024078911267428477
2002-06-05,-0.014887306851303858
2002-06-06,-0.006994392964988817
2002-06-07,0.0012017870234293966
2002-06-10,-0.008501910891510762
2002-06-11,-0.018481666098295824
2002-06-12,-0.018225684565766457
2002-06-13,0.011447264335625859
2002-06-14,0.01761756402155859
2002-06-17,0.0014558525901548665
2002-06-18,-0.007695318859849819
2002-06-19,0.001512480339436694
2002-06-20,-0.002106788679678215
2002-06-21,-0.0032951688302256393
2002-06-24,-0.011994959303238689
2002-06-25,0.0009031116299499375
2002-06-26,0.014614465623423514
2002-06-27,-0.008579947339326412
2002-06-28,-0.002147946046789709
2002-07-01,0.004181111713766561
2002-07-02,-0.00201492701718152
2002-07-03,0.00463622292792993
2002-07-04,-0.008388419559425174
2002-07-05,0.0008145080675462518
2002-07-08,-0.0034581741421648993
2002-07-09,-0.021379108674482658
2002-07-10,0.008398871305863365
2002-07-11,-0.010806538819352
2002-07-12,-0.0041092481097510965
2002-07-15,-0.0008345065569033798
2002-07-16,-0.0036348067304238334
2002-07-17,0.004820718199034735
2002-07-18,-0.001899895326921995
2002-07-19,-0.007690838532541582
2002-07-22,0.005330188607000415
2002-07-23,-0.001165839165915155
2002-07-24,-0.0114971019261241
2002-07-25,0.016196099149867083
2002-07-26,-0.00874650169561379
2002-07-29,-0.008455777634768926
2002-07-30,-0.016313674207052868
2002-07-31,0.004528070376348298
2002-08-01,0.003907782554905936
2002-08-02,-0.004343007509466226
2002-08-05,0.03684521679194757
2002-08-06,-0.009460528249701188
2002-08-07,-0.014109219428175664
2002-08-08,-0.004076975184648338
2002-08-09,-0.002234020377872386
2002-08-12,0.025517243861290555
2002-08-13,0.010419839511711555
2002-08-14,-0.01862074582028796
2002-08-15,-0.002853122380404201
2002-08-16,0.00720211176717666
2002-08-19,-0.0016815542625278589
2002-08-20,-0.006734814071009607
2002-08-21,0.00985142135703404
2002-08-22,-0.005844455484685058
2002-08-23,-0.005236854457120143
2002-08-26,0.012411739309308667
2002-08-27,0.002044043803481603
2002-08-28,-0.006935678536728305
2002-08-29,-0.004891027712741743
2002-08-30,0.015497524666757155
2002-09-02,0.010035991118651125
2002-09-03,-0.0010102519040649377
2002-09-04,-0.012119165692927958
2002-09-05,-0.0031246682182982793
2002-09-06,-0.005451570597203678
2002-09-09,-0.0166174839047987
2002-09-10,0.018755932328501965
2002-09-11,-0.017130322303958143
2002-09-12,-0.013117854221395038
2002-09-13,0.03306776154138405
2002-09-16,-0.014773673308626112
2002-09-17,0.005734240755593898
2002-09-18,0.0017780137366795734
2002-09-19,0.02293928590418033
2002-09-20,0.014592521947372726
2002-09-23,0.025882372940464075
2002-09-24,-0.004473702805619671
2002-09-25,0.020558297616838667
2002-09-26,-0.008449302200693974
2002-09-27,0.004432990666787127
2002-09-30,-0.004109395332413897
2002-10-01,0.0030674164109446636
2002-10-02,-0.003987452260197415
2002-10-03,0.025641460837379525
2002-10-04,0.028814804436260305
2002-10-07,-0.014790456033311559
2002-10-08,-0.006238891187943303
2002-10-09,-0.006510436085908164
2002-10-10,0.0021522182029603057
2002-10-11,0.000772220878836067
2002-10-14,-0.01697117011951678
2002-10-15,-0.007353721580571265
2002-10-16,0.0415666225689371
2002-10-17,-0.01178119338384764
2002-10-18,-0.0014444481459592422
2002-10-21,-0.009545943385383168
2002-10-22,-0.01125409005888912
2002-10-23,-0.012494202339062952
2002-10-24,-0.009642566563894391
2002-10-25,-0.008390192150116632
2002-10-28,0.00027713978628382194
2002-10-29,0.010448226539907221
2002-10-30,-0.0062279307546815425
2002-10-31,-0.003283244171840883
2002-11-01,0.0024999210727966736
2002-11-04,-0.016703708634867507
2002-11-05,-0.0004398138150618833
2002-11-06,-0.0003974060560721984
2002-11-07,0.007376413303502513
2002-11-08,0.0019687931677286052
2002-11-11,0.006420622596513596
2002-11-12,-0.007764775326856658
2002-11-13,-0.013565510533376212
2002-11-14,-0.014319823015931496
2002-11-15,0.005141303707779796
2002-11-18,-0.017096141558466737
2002-11-19,-0.014261807433924072
2002-11-20,0.006188416428948431
2002-11-21,0.011356336089507812
2002-11-22,-0.0012980712187095449
2002-11-25,0.011622581881535976
2002-11-26,0.004512744076407515
2002-11-27,-0.0063355546915129304
2002-11-28,0.018872446279303283
2002-11-29,-0.004166948109790371
2002-12-02,-0.0021005604757222303
2002-12-03,0.006111651021370439
2002-12-04,-0.004477812763557978
2002-12-05,-0.005909557396818154
2002-12-06,-0.01631496925175066
2002-12-09,0.026556275374070924
2002-12-10,-0.008715315159667848
2002-12-11,0.007764474278296518
2002-12-12,0.0011792881379222263
2002-12-13,-0.0031644062998998877
2002-12-16,0.009132127830824621
2002-12-17,-0.0059751128313719586
2002-12-18,0.00687144073424837
2002-12-19,-0.010014773560474304
2002-12-20,0.017661851694262314
2002-12-23,-0.0049701482795091075
2002-12-24,-0.011484690850808079
2002-12-25,-0.006361078930021694
2002-12-26,-0.01341642428020156
2002-12-27,0.03123932319109441
2002-12-30,0.0013019504767930595
2002-12-31,-0.004845243429050974
2003-01-01,0.005699285385101265
2003-01-02,0.007750172747761602
2003-01-03,-0.012317201832377573
2003-01-06,0.013128739050999955
2003-01-07,-0.009904833624228882
2003-01-08,0.0003222449548085683
2003-01-09,0.0029132204549050453
2003-01-10,-0.00484489194321178
2003-01-13,-0.009199997544489559
2003-01-14,-0.008756531164620827
2003-01-15,-0.018354950731697295
2003-01-16,0.00846405262809976
2003-01-17,0.0006312712251453495
2003-01-20,0.002101783225205177
2003-01-21,0.019879457341974785
2003-01-22,0.014769065879194757
2003-01-23,0.03771329319796278
2003-01-24,-0.010642517375072796
2003-01-27,-0.010366006738429438
2003-01-28,-0.0001574341449668143
2003-01-29,-0.003703711759553637
2003-01-30,-0.0029652533402501277
2003-01-31,0.006145710224904465
2003-02-03,-0.001319184603981404
2003-02-04,0.021119927646165777
2003-02-05,0.012402936348256524
2003-02-06,-0.009070212832952066
2003-02-07,-0.01824526753582338
2003-02-10,-0.0034899294779875585
2003-02-11,-0.00025223326405330107
2003-02-12,0.013048699676032262
2003-02-13,-0.0010556452235310002
2003-02-14,-0.008827603558203488
2003-02-17,-0.007709801006731919
2003-02-18,-0.005495679079557038
2003-02-19,-0.004545365646885034
2003-02-20,0.008635310222433232
2003-02-21,0.017558954748983495
2003-02-24,0.003408029197900418
2003-02-25,0.002580737262369452
2003-02-26,0.001309378377181234
2003-02-27,-0.010378575033110248
2003-02-28,0.04100961522577276
2003-03-03,-0.0001560866982944567
2003-03-04,-0.010158438332938845
2003-03-05,0.01565444812979265
2003-03-06,0.014626352276317083
2003-03-07,-0.01576647566293142
2003-03-10,0.02726678575419471
2003-03-11,0.0039005085956215872
2003-03-12,0.008182671655129078
2003-03-13,0.0029754921642041014
2003-03-14,0.009346156964849625
2003-03-17,0.005333267815286254
2003-03-18,-0.0050713775320468495
2003-03-19,0.008244935807103504
2003-03-20,0.014838178709136285
2003-03-21,0.012143019027517403
2003-03-24,0.004485993045245721
2003-03-25,0.0009198983936927058
2003-03-26,0.006025035149035886
2003-03-27,-0.003994097894078119
2003-03-28,-0.009712474545067495
2003-03-31,0.008014288406014432
2003-04-01,0.0023014105359192814
2003-04-02,0.006825147404138154
2003-04-03,0.024605158324619847
2003-04-04,-0.009277865375091498
2003-04-07,-0.00789230157344192
2003-04-08,-0.00046159809802509555
2003-04-09,0.016200346121311396
2003-04-10,-0.005742670525203428
2003-04-11,0.00032439108153866844
2003-04-14,0.0044427706478229224
2003-04-15,-0.012138388312863168
2003-04-16,0.010697278781867325
2003-04-17,-0.0024782876098194233
2003-04-18,0.003142005231131499
2003-04-21,0.019773182261899953
2003-04-22,-0.014010991506319424
2003-04-23,0.024810020035337735
2003-04-24,-0.004648975913118698
2003-04-25,0.02262947381923995
2003-04-28,-0.012398564504449162
2003-04-29,-0.005096388264319265
2003-04-30,0.02639620624189884
2003-05-01,0.006010540525927335
2003-05-02,-0.006586333134745999
2003-05-05,-0.011698328804883237
2003-05-06,-0.008369802841840693
2003-05-07,0.006209014865981483
2003-05-08,-0.0046503650871548355
2003-05-09,0.0034227149796094043
2003-05-12,-0.012769019334985835
2003-05-13,0.001662330119962592
2003-05-14,0.0030741905748326442
2003-05-15,0.015469100243808938
2003-05-16,-0.006490169140858707
2003-05-19,0.00945545788686393
2003-05-20,0.00698457229771203
2003-05-21,-0.016204816050546963
2003-05-22,-0.010766865120252572
2003-05-23,0.0014899011948156793
2003-05-26,-0.01420390392104374
2003-05-27,0.011392760415269355
2003-05-28,-0.007099169533173289
2003-05-29,0.009337883190199119
2003-05-30,-0.017196989366293845
2003-06-02,0.013435162741235122
2003-06-03,0.022758583768849067
2003-06-04,-0.006176038612512105
2003-06-05,0.007359215408011759
2003-06-06,-0.0160425669082711
2003-06-09,0.023207929335501837
2003-06-10,-0.015336694679789391
2003-06-11,-0.004389876384578731
2003-06-12,-0.017907532161137028
2003-06-13,-0.0038582733914148543
2003-06-16,-0.0029610413014598755
2003-06-17,-0.006591188059602092
2003-06-18,0.032634724404854945
2003-06-19,0.0003175977519652151
2003-06-20,0.003627200005480207
2003-06-23,0.0068932692710734
2003-06-24,-0.00041815253729697924
2003-06-25,0.005798402010927375
2003-06-26,0.027230818576522223
2003-06-27,0.00506935531428598
2003-06-30,-0.009524118322224166
2003-07-01,-0.005064307187148374
2003-07-02,-0.015351469990797322
2003-07-03,-0.010400110177725488
2003-07-04,-0.00981793661371952
2003-07-07,-0.001617079201777484
2003-07-08,-0.008637588845785757
2003-07-09,-0.0037443590534929315
2003-07-10,-0.002709040190365948
2003-07-11,-0.019109904376922657
2003-07-14,0.013686880838247636
2003-07-15,-0.0030533461009607694
2003-07-16,-0.0038287143568454945
2003-07-17,0.016869335290389663
2003-07-18,0.005940393033677452
2003-07-21,-0.015041144118435656
2003-07-22,-1.854975622785776e-05
2003-07-23,-0.00715455689361446
2003-07-24,0.0006230841643152969
2003-07-25,-0.010106428233577923
2003-07-28,0.015879652564640474
2003-07-29,0.00376604456560695
2003-07-30,-0.009302947747568664
2003-07-31,-0.008830372998153098
2003-08-01,0.026366298721941538
2003-08-04,-0.01545966679315482
2003-08-05,-0.00327642883210158
2003-08-06,0.012775821021212351
2003-08-07,-0.007934763110158897
2003-08-08,0.0025178566020652125
2003-08-11,0.0025815070301763304
2003-08-12,-0.009192405413022757
2003-08-13,-0.00918239987763762
2003-08-14,0.01841793352080076
2003-08-15,0.009828160136739934
2003-08-18,-0.014879788913363038
2003-08-19,0.0017982535105059913
2003-08-20,-0.012091739284606993
2003-08-21,0.005778414488832616
2003-08-22,-0.010433127207696052
2003-08-25,-0.00038111854561974703
2003-08-26,0.0052471487551988445
2003-08-27,-0.00739046998646746
2003-08-28,-0.017002905331152524
2003-08-29,-0.004101579574144035
2003-09-01,-0.01295906221203582
2003-09-02,0.006443693528065973
2003-09-03,0.004598459918188615
2003-09-04,-0.0015000800061664224
2003-09-05,0.010925996422191692
2003-09-08,0.004961005654011173
2003-09-09,0.024284479632555353
2003-09-10,-0.011705008185927217
2003-09-11,0.023355212882486674
2003-09-12,-0.0070930765019784625
2003-09-15,0.01783392989359736
2003-09-16,0.011886209210491501
2003-09-17,-0.012636479179529949
2003-09-18,-0.008048658965605845
2003-09-19,-0.0024292791999182065
2003-09-22,-0.0042006268575433756
2003-09-23,0.01294147758256508
2003-09-24,0.0069737958052306336
2003-09-25,0.004124736110355423
2003-09-26,-0.013226228990368601
2003-09-29,0.0061355237456773015
2003-09-30,0.04596378063145114
2003-10-01,0.0013444173235411805
2003-10-02,-0.0067344582993895605
2003-10-03,-0.0027275223073738794
2003-10-06,0.03005206831272876
2003-10-07,-0.0072786030172771535
2003-10-08,0.0016611376321905152
2003-10-09,-0.007591493274299456
2003-10-10,-0.003602373306202066
2003-10-13,-0.0014643964507730367
2003-10-14,0.008916339917583692
2003-10-15,0.010073405220790178
2003-10-16,0.0364845343547744
2003-10-17,-0.0034861037679547874
2003-10-20,0.005122034370716424
2003-10-21,-0.006188712500359312
2003-10-22,-0.008773331670679238
2003-10-23,0.0018057000501318574
2003-10-24,-0.0007497542052497565
2003-10-27,-0.014630341502733879
2003-10-28,0.015013512032386107
2003-10-29,0.02240224767240278
2003-10-30,0.010592805628331842
2003-10-31,-0.017924977921794146
2003-11-03,0.021481905249284533
2003-11-04,-0.013884292469191881
2003-11-05,-0.005674845153884771
2003-11-06,-0.012700739444709654
2003-11-07,-0.0023756403593313685
2003-11-10,0.0038916478005499577
2003-11-11,-0.0037163624695947597
2003-11-12,0.03308493358971995
2003-11-13,0.004892038126865252
2003-11-14,-0.010029729045573131
2003-11-17,-0.0040838261956754295
2003-11-18,-0.009426974397700637
2003-11-19,0.008373054875852284
2003-11-20,-0.013995255056518267
2003-11-21,0.0002493970882031342
2003-11-24,-0.012484534325066538
2003-11-25,-0.0014621672005316576
2003-11-26,-0.01554700399244363
2003-11-27,-0.003640885865229603
2003-11-28,-0.0033988638127392667
2003-12-01,0.04967470119026998
2003-12-02,-0.006346373462402553
2003-12-03,0.002117147780887639
2003-12-04,-0.004598677763290624
2003-12-05,-0.004276592622645525
2003-12-08,-0.017809298498269562
2003-12-09,0.017549888219929997
2003-12-10,0.00206453649490472
2003-12-11,0.0227962401093356
2003-12-12,-0.0028242163684457783
2003-12-15,-0.004862718177653404
2003-12-16,-0.013000567996757
2003-12-17,-0.004838725367514313
2003-12-18,-0.0003886903862340557
2003-12-19,0.01617097505341135
2003-12-22,-0.012298823908048791
2003-12-23,-0.0007874654364543217
2003-12-24,0.00996643576114551
2003-12-25,0.005972907030334533
2003-12-26,0.005266363967895649
2003-12-29,-0.013275999050126072
2003-12-30,0.01587347513925729
2003-12-31,-0.005452269259897474
2004-01-01,0.012923917477649885
2004-01-02,-0.012089858652175822
2004-01-05,-0.017064429790978705
2004-01-06,-0.012369843713123907
2004-01-07,-0.01466292387929652
2004-01-08,0.03927727647573993
2004-01-09,0.009856186043407017
2004-01-12,0.02811613096131524
2004-01-13,-0.009627801815397057
2004-01-14,-0.00216712434643411
2004-01-15,0.0009167946522197525
2004-01-16,0.009026507131945985
2004-01-19,0.007675099896309649
2004-01-20,-0.005122336206752433
2004-01-21,0.009805369213519897
2004-01-22,0.0015958703949698512
2004-01-23,0.019233347567515602
2004-01-26,-0.01486065763477877
2004-01-27,0.03697968561441369
2004-01-28,-0.0027608950052503897
2004-01-29,-0.005437043357608043
2004-01-30,0.004311641873190979
2004-02-02,0.013991432898484521
2004-02-03,-0.01302556213709131
2004-02-04,0.011640077413609229
2004-02-05,0.002020073224418214
2004-02-06,-0.000491774707859164
2004-02-09,-0.010788582117161483
2004-02-10,-0.0020431290417271333
2004-02-11,-0.013718131183493232
2004-02-12,0.016923891615667118
2004-02-13,0.004701409637557826
2004-02-16,-0.015788537444883916
2004-02-17,-0.0027001248772909082
2004-02-18,0.020041582805022308
2004-02-19,0.047892864393180204
2004-02-20,-0.005168454282456977
2004-02-23,-0.0072400836532946905
2004-02-24,0.004753097618012309
2004-02-25,0.003919289722078938
2004-02-26,-0.013664421637979695
2004-02-27,0.018585217809802608
2004-03-01,0.014242213108304869
2004-03-02,-0.002753866910230874
2004-03-03,0.007648110642712473
2004-03-04,0.02057755503351487
2004-03-05,0.011574787462990087
2004-03-08,0.017536762092115354
2004-03-09,-0.005361379538355658
2004-03-10,-0.012066108564210849
2004-03-11,-0.003771742392909512
2004-03-12,-0.0037035481598193046
2004-03-15,-0.004617026968216392
2004-03-16,0.01659533351920254
2004-03-17,0.01211288887830625
2004-03-18,-0.0012356435798128208
2004-03-19,0.008765393486204094
2004-03-22,0.016789286109259262
2004-03-23,-0.010763675338076229
2004-03-24,0.01216019009005534
2004-03-25,-0.009540184803644838
2004-03-26,-0.007823506761913554
2004-03-29,-0.016641143235429784
2004-03-30,-0.011301970839340965
2004-03-31,0.00543394638392412
2004-04-01,-0.009808466512305266
2004-04-02,0.011031790441812572
2004-04-05,0.004369631099765937
2004-04-06,-0.0014210707786882562
2004-04-07,0.021972346027672333
2004-04-08,0.0066435462405738735
2004-04-09,-0.014704922551081304
2004-04-12,-0.006246748283880034
2004-04-13,0.028962894334923453
2004-04-14,-0.01153745212583583
2004-04-15,0.027352038373506776
2004-04-16,0.0010190642832832407
2004-04-19,-0.0035268456364411505
2004-04-20,-0.0040412704278137875
2004-04-21,0.010678469213155663
2004-04-22,-0.0018944037978901283
2004-04-23,0.0035822217515218795
2004-04-26,0.017134180929713354
2004-04-27,-0.01765435685870256
2004-04-28,-0.003968092477881411
2004-04-29,0.016458015207069694
2004-04-30,0.0010617461871330822
2004-05-03,-0.003900716804772369
2004-05-04,0.008177996670488123
2004-05-05,-0.019393439632153793
2004-05-06,-0.0035045941536630786
2004-05-07,0.013129373555357163
2004-05-10,-0.007982559793202542
2004-05-11,-0.0024746507921651756
2004-05-12,-0.003393124840552663
2004-05-13,0.006828468246600217
2004-05-14,-0.017325177544782046
2004-05-17,0.02634560758939694
2004-05-18,-0.011400735301023405
2004-05-19,-0.018183239980992468
2004-05-20,-0.009726801736748869
2004-05-21,0.0045704808924959435
2004-05-24,-0.0016487985901733615
2004-05-25,-0.014507373123617167
2004-05-26,-0.014784138606172005
2004-05-27,-0.0007165192610691373
2004-05-28,0.016567713796982332
2004-05-31,0.019482994842968032
2004-06-01,0.01777072513161173
2004-06-02,0.024944018470416877
2004-06-03,-0.008004451975856267
2004-06-04,-0.004003869586956203
2004-06-07,-0.017922156219570745
2004-06-08,0.01794418536741492
2004-06-09,-0.019794664669307214
2004-06-10,0.021994257877866227
2004-06-11,0.0070649766626390345
2004-06-14,-0.007680720656879116
2004-06-15,-0.004654134259246857
2004-06-16,0.016824327846378204
2004-06-17,-0.011656856445052958
2004-06-18,0.0041666385752875575
2004-06-21,0.01681933156650979
2004-06-22,-0.01150955057765389
2004-06-23,0.02375499297031445
2004-06-24,0.008872940915987025
2004-06-25,0.035409855976956894
2004-06-28,-0.015365872257929512
2004-06-29,-0.01039229090718764
2004-06-30,-0.013280435854600628
2004-07-01,0.002057035223756963
2004-07-02,0.02438976789071061
2004-07-05,-0.001664567201910213
2004-07-06,-0.002889352379569842
2004-07-07,0.006151317715298182
2004-07-08,0.007814496958525673
2004-07-09,-0.007189672945894045
2004-07-12,-0.0016403762213963793
2004-07-13,0.00538449997403646
2004-07-14,0.009188680098843438
2004-07-15,-0.004218697033792948
2004-07-16,-0.01226992831839176
2004-07-19,0.047669846642721975
2004-07-20,0.00307018466352579
2004-07-21,-7.63627476907322e-05
2004-07-22,0.001431466775630913
2004-07-23,0.004392144886217798
2004-07-26,-0.007865419970384587
2004-07-27,-0.00010766394883165997
2004-07-28,0.008052931347873035
2004-07-29,0.004728824181177385
2004-07-30,0.00013654704509787757
2004-08-02,-0.0076167255045534
2004-08-03,0.011733802583316584
2004-08-04,0.01221710285577144
2004-08-05,0.008035776208842965
2004-08-06,1.2428329432906393e-05
2004-08-09,-0.00014350230096625907
2004-08-10,0.006693329225769963
2004-08-11,-0.010235883484979454
2004-08-12,-0.010149608924041648
2004-08-13,-0.0029005901804727355
2004-08-16,-0.006634973456103685
2004-08-17,0.011946247365194534
2004-08-18,0.00849187998641096
2004-08-19,-0.015350432453289218
2004-08-20,-0.0015156819839090112
2004-08-23,0.0042035762821774625
2004-08-24,-0.005535658998692933
2004-08-25,-0.009408315209458323
2004-08-26,0.002276045249041108
2004-08-27,0.0036585227964525888
2004-08-30,0.0012211630554225736
2004-08-31,-0.007649253369415136
2004-09-01,0.013502335366360661
2004-09-02,-0.009782636647765594
2004-09-03,0.003370129776651503
2004-09-06,-0.005403922105002852
2004-09-07,-0.004720261625470224
2004-09-08,-0.014143634358237029
2004-09-09,-0.003344423419621219
2004-09-10,0.01231649619289954
2004-09-13,0.019200602501924992
2004-09-14,-0.004510266290397233
2004-09-15,-0.008772941347684637
2004-09-16,0.011447869891093768
2004-09-17,-0.009382170935972193
2004-09-20,0.005051400910772257
2004-09-21,0.019101282322621517
2004-09-22,-0.005287582289842226
2004-09-23,0.009016307150281976
2004-09-24,-0.0060269336407339155
2004-09-27,0.003841898715659278
2004-09-28,0.008565637647781316
2004-09-29,0.014989153290583548
2004-09-30,0.0026837873810018377
2004-10-01,-0.012531198280829133
2004-10-04,-0.0018269703833221594
2004-10-05,-0.009409092479472303
2004-10-06,-0.0027735232660078026
2004-10-07,0.003481497435482598
2004-10-08,-0.0010624187614278122
2004-10-11,0.009182148969938742
2004-10-12,-0.0071425842074831075
2004-10-13,-0.012211064349422297
2004-10-14,-0.011433899218400486
2004-10-15,-0.0010809832952559766
2004-10-18,0.013131613562677134
2004-10-19,0.0056618107887518275
2004-10-20,0.014979524311011773
2004-10-21,0.005667404813820647
2004-10-22,0.011326381215730374
2004-10-25,-0.012503515621678722
2004-10-26,-0.017654646944348932
2004-10-27,0.022034620668321604
2004-10-28,-0.008529261048372483
2004-10-29,0.0029468507963746893
2004-11-01,-0.016104165079904982
2004-11-02,-0.0035212442298007407
2004-11-03,0.011895145453561802
2004-11-04,0.0065378184621088
2004-11-05,0.00011824073335927471
2004-11-08,0.0006971376108125087
2004-11-09,-0.010524592144896473
2004-11-10,-0.007387954622109484
2004-11-11,-0.0132461215634985
2004-11-12,-0.010583648235451623
2004-11-15,0.00696699008227138
2004-11-16,0.005480600941077465
2004-11-17,-0.007316220790402613
2004-11-18,0.0023249162634395616
2004-11-19,0.0030099322927276163
2004-11-22,-0.008885470303542874
2004-11-23,0.007065435777721257
2004-11-24,0.007254301837712744
2004-11-25,0.007208264598295197
2004-11-26,0.005015073760314494
2004-11-29,0.010866789976411953
2004-11-30,0.011598618175312679
2004-12-01,-0.010907964032621039
2004-12-02,0.0006125037987815864
2004-12-03,0.019546092677696685
2004-12-06,-0.008346476161407518
2004-12-07,-0.014407446725607722
2004-12-08,0.0010040414946673216
2004-12-09,0.0025581895127334206
2004-12-10,-0.005458040422149105
2004-12-13,-0.006354644743164755
2004-12-14,0.016634569598915058
2004-12-15,-0.016088350919168555
2004-12-16,-0.009981528312664007
2004-12-17,0.0320832820700047
2004-12-20,-0.0016795629159586795
2004-12-21,0.00775260877702276
2004-12-22,-0.006803305149111649
2004-12-23,-0.010771795760065112
2004-12-24,-0.008843607641161495
2004-12-27,-0.0069276219415463185
2004-12-28,-0.012402706600454375
2004-12-29,-0.003407915929105901
2004-12-30,0.028219240502850594
2004-12-31,-0.0026938833218194923
2005-01-03,-0.00908311575800132
2005-01-04,0.019014786642140326
2005-01-05,-0.0028344871777653026
2005-01-06,0.0015625301676795572
2005-01-07,0.006814153207773382
2005-01-10,0.0014780986392302319
2005-01-11,0.009024588273050381
2005-01-12,0.0036436844819933457
2005-01-13,-0.01498956212397377
2005-01-14,0.003953012896061172
2005-01-17,0.023262620660159855
2005-01-18,-0.01457260408725713
2005-01-19,0.013861124435006505
2005-01-20,-0.018389539178531363
2005-01-21,0.01333400367155465
2005-01-24,-0.01929900062822637
2005-01-25,0.002529057002763402
2005-01-26,0.0002567379260066255
2005-01-27,-0.0014114323890837624
2005-01-28,-0.005027213054936728
2005-01-31,0.008709306973784671
2005-02-01,0.04035216578754448
2005-02-02,-0.016424635793384
2005-02-03,0.007706169554882854
2005-02-04,0.0240153837218156
2005-02-07,0.0030779292484903985
2005-02-08,0.013717744431369368
2005-02-09,0.0014918632870129615
2005-02-10,-0.01036049043024457
2005-02-11,-0.012999177662065379
2005-02-14,-0.007933451883641512
2005-02-15,-0.0031685298218401374
2005-02-16,0.0037934796364505405
2005-02-17,0.0045069598353885375
2005-02-18,0.007986730294593743
2005-02-21,0.00726652391131688
2005-02-22,0.004632034586946502
2005-02-23,-0.005328851841171989
2005-02-24,-0.006258078595361705
2005-02-25,0.004416391571294281
2005-02-28,-0.0038154076400211887
2005-03-01,-0.0010790842947864324
2005-03-02,0.0011070341053923856
2005-03-03,-0.0055292147077434725
2005-03-04,0.0019485101529375139
2005-03-07,0.006244336060428374
2005-03-08,0.0012933507368035856
2005-03-09,0.011309655547662507
2005-03-10,-0.011322483485838548
2005-03-11,0.014524534295348918
2005-03-14,-0.01062054240752637
2005-03-15,-0.013175768164893393
2005-03-16,-0.014140594145099633
2005-03-17,0.002897054916467044
2005-03-18,-0.004815501625067806
2005-03-21,-0.003454060501348253
2005-03-22,0.004773546773867644
2005-03-23,-0.001301427388588905
2005-03-24,-0.011063698725626705
2005-03-25,-0.008383098441399083
2005-03-28,-0.006910895248799273
2005-03-29,-0.010186889151279797
2005-03-30,0.0009479259242187142
2005-03-31,-0.011805307561936854
2005-04-01,0.0014603939272012437
2005-04-04,-0.006327672684844493
2005-04-05,-0.004709118607635503
2005-04-06,0.009214372922679848
2005-04-07,0.004095129004749044
2005-04-08,0.01217203366924284
2005-04-11,0.006744239745948035
2005-04-12,-0.003237765179119008
2005-04-13,-0.018081405419207004
2005-04-14,-0.012141658742615276
2005-04-15,-0.019466400262133993
2005-04-18,-0.010333052564685998
2005-04-19,0.011415397328611708
2005-04-20,-0.01550187695158344
2005-04-21,0.00715388418873459
2005-04-22,-0.012356010030800418
2005-04-25,0.004029041436111755
2005-04-26,-0.0014612895197388502
2005-04-27,-0.004999015352513757
2005-04-28,-0.004046395299416059
2005-04-29,0.0124281716095586
2005-05-02,0.0013554281750746446
2005-05-03,-0.007811530647580937
2005-05-04,-0.0053951938165064765
2005-05-05,-0.013875890737534534
2005-05-06,0.0010958523992480977
2005-05-09,-0.005311460610164312
2005-05-10,-0.0006314792318794296
2005-05-11,0.007897734698270278
2005-05-12,-0.0018390601427838958
2005-05-13,0.001867928023041629
2005-05-16,-0.0055774222528015074
2005-05-17,-0.0007383953377198965
2005-05-18,0.023767978489868072
2005-05-19,-0.005859148743847575
2005-05-20,-0.011615943122113535
2005-05-23,0.020755925435282423
2005-05-24,-0.008470623095464987
2005-05-25,-0.010299904299208778
2005-05-26,0.03355738234963556
2005-05-27,-0.010277866579201765
2005-05-30,0.012760469856183614
2005-05-31,-0.005215091935524677
2005-06-01,-0.0014163702487411042
2005-06-02,-0.007311177634924879
2005-06-03,-0.008964203104969103
2005-06-06,-0.011100623049981663
2005-06-07,-0.00869733158746199
2005-06-08,0.006633246078395501
2005-06-09,0.012687438879621343
2005-06-10,0.012832775515019261
2005-06-13,0.0006164635863505109
2005-06-14,0.011194611792420026
2005-06-15,-0.006097067428534834
2005-06-16,-0.008154575471809943
2005-06-17,-0.013278242350947973
2005-06-20,0.0037974672671661353
2005-06-21,0.0019325079448918418
2005-06-22,-0.005112018590860908
2005-06-23,-0.011788537811938166
2005-06-24,0.03645291287513935
2005-06-27,-0.014057262512424392
2005-06-28,-0.011020077928499999
2005-06-29,-0.007188195613988924
2005-06-30,-0.004661256948287642
2005-07-01,-0.0053596558863282795
2005-07-04,0.020661667745821857
2005-07-05,-0.016145744009188813
2005-07-06,-0.011517900821470825
2005-07-07,-0.002034392842081168
2005-07-08,-0.013565294787735329
2005-07-11,-0.008621633267703105
2005-07-12,0.01150701867000603
2005-07-13,-0.001771126144603695
2005-07-14,0.01117192795205979
2005-07-15,-0.008317718414443571
2005-07-18,-0.0006959635527271774
2005-07-19,-0.00019598778128823713
2005-07-20,0.0003940154667011163
2005-07-21,0.01601808066204711
2005-07-22,0.00015926426590614357
2005-07-25,0.024579160795546263
2005-07-26,-0.011953489230233458
2005-07-27,0.006960063457971084
2005-07-28,-0.009460720578702992
2005-07-29,-0.01570754600405248
2005-08-01,-0.00843144360617593
2005-08-02,-0.014855208079046231
2005-08-03,-0.010115436860534448
2005-08-04,-0.0067675696505005226
2005-08-05,-0.0039402134707053095
2005-08-08,0.009582418514215041
2005-08-09,-0.0014666605781829892
2005-08-10,-0.011951941437481394
2005-08-11,0.005244480740394124
2005-08-12,-0.012384374453969069
2005-08-15,0.009223702598930565
2005-08-16,0.0068558294916470815
2005-08-17,-0.005275348768689715
2005-08-18,0.01623556310793986
2005-08-19,0.0023865981226834053
2005-08-22,-0.007821441652051633
2005-08-23,0.014144171657744807
2005-08-24,-0.007006485590193071
2005-08-25,-0.002119959449819131
2005-08-26,-0.017880866656119793
2005-08-29,0.002904213334143469
2005-08-30,0.015729478604408126
2005-08-31,-0.013911698395884747
2005-09-01,-0.00761907886032203
2005-09-02,-0.003649245356060194
2005-09-05,-0.01121179771275903
2005-09-06,0.008011880297778398
2005-09-07,0.018562647030573268
2005-09-08,0.01348986319331235
2005-09-09,-0.012652660868746784
2005-09-12,-0.003374907767061241
2005-09-13,0.018824767099172517
2005-09-14,-0.0009251401605834889
2005-09-15,-0.0060694392638846704
2005-09-16,-0.01633020433971636
2005-09-19,-0.013159373883290235
2005-09-20,-0.011536349210696996
2005-09-21,0.0058467684968239834
2005-09-22,-0.016137824994838193
2005-09-23,-0.010370150030793349
2005-09-26,0.013595267197274545
2005-09-27,-0.010414026486536448
2005-09-28,0.004105027360228733
2005-09-29,0.018738876869426664
2005-09-30,0.01210544328076258
2005-10-03,-0.006589494208344791
2005-10-04,-0.012729091507560011
2005-10-05,0.002349117359389523
2005-10-06,0.010353729108077546
2005-10-07,0.03637638987373686
2005-10-10,0.019419904908794694
2005-10-11,-0.007551198629661637
2005-10-12,-0.007467689999139059
2005-10-13,-0.003231202231983133
2005-10-14,0.017980234342874664
2005-10-17,-0.01213848764919456
2005-10-18,-0.019000503075843493
2005-10-19,-0.0017764147160144739
2005-10-20,-0.01669045168788747
2005-10-21,-0.007797790095559157
2005-10-24,-0.016725088304079063
2005-10-25,-0.015066221899666249
2005-10-26,0.0005139109378562157
2005-10-27,0.012058371339610248
2005-10-28,-0.0181054847768707
2005-10-31,-0.004354638399776949
2005-11-01,0.006430562481618565
2005-11-02,0.014545808823983673
2005-11-03,0.0027956541681523617
2005-11-04,0.04549475916072157
2005-11-07,-0.0018269972494063987
2005-11-08,-0.011610884368472093
2005-11-09,0.012602585425611143
2005-11-10,0.008092256537891994
2005-11-11,-0.006927881489376599
2005-11-14,-0.017462430052208513
2005-11-15,0.0036049758286351673
2005-11-16,0.007055690651496624
2005-11-17,-0.008928913188429295
2005-11-18,-0.013225359061569516
2005-11-21,0.025330190183899814
2005-11-22,-0.004611831074627891
2005-11-23,-0.0005947642603518211
2005-11-24,-0.009462457869621637
2005-11-25,0.005388580522502812
2005-11-28,0.003336269874348076
2005-11-29,-0.015953483047180323
2005-11-30,-0.0010067819880046278
2005-12-01,-0.016530388526528026
2005-12-02,0.0015717590743898231
2005-12-05,0.02296965809745967
2005-12-06,0.0007944043863403992
2005-12-07,-0.008259363145745317
2005-12-08,-0.013480112045586865
2005-12-09,0.008653911356012324
2005-12-12,0.005478030410880443
2005-12-13,0.021945723016145065
2005-12-14,-0.01797556151914556
2005-12-15,0.02296679063830038
2005-12-16,0.006434508729596573
2005-12-19,0.03033652578216626
2005-12-20,-0.00222666578312624
2005-12-21,-0.010652858687917374
2005-12-22,0.00939229071720931
2005-12-23,-0.014327130911720248
2005-12-26,0.0031387876546381914
2005-12-27,-0.016051728514402654
2005-12-28,0.004051297084439801
2005-12-29,-0.002221465732292715
2005-12-30,0.004277060219746106
2006-01-02,0.0048772868820772634
2006-01-03,-0.005280893053087623
2006-01-04,-0.0074352624492867656
2006-01-05,-0.004845664025483719
2006-01-06,0.013374470476905487
2006-01-09,0.0263358583929651
2006-01-10,0.005132069770781032
2006-01-11,-0.007201033762942125
2006-01-12,0.008293765620819106
2006-01-13,0.0007197360929431552
2006-01-16,-0.016937936651227913
2006-01-17,0.01598944872090334
2006-01-18,0.008802944628398507
2006-01-19,0.005636738696779553
2006-01-20,-0.005611080487340249
2006-01-23,0.009609637421654056
2006-01-24,0.04071679937717021
2006-01-25,0.008999737558736266
2006-01-26,-0.015126472825716287
2006-01-27,0.008476522533933314
2006-01-30,-0.006253328982052324
2006-01-31,0.0024046665122058504
2006-02-01,-0.010829331017013551
2006-02-02,-0.005939847866874293
2006-02-03,-0.007191215347173114
2006-02-06,0.019191136879758895
2006-02-07,0.004327315419208253
2006-02-08,-0.010532616575415878
2006-02-09,-0.0014364334587337393
2006-02-10,-0.017628005964120473
2006-02-13,0.003631013087017295
2006-02-14,0.04058031093854268
2006-02-15,-0.0028591752239054344
2006-02-16,0.002426772310226609
2006-02-17,0.005604510112141695
2006-02-20,-0.010862495285954184
2006-02-21,0.006504970594250058
2006-02-22,0.0022482261247972098
2006-02-23,-0.005151182756136845
2006-02-24,0.004586420231106978
2006-02-27,-0.021685271488300736
2006-02-28,0.005619431895164329
2006-03-01,-0.017336212609356357
2006-03-02,-0.01213641859290167
2006-03-03,0.017287861973330196
2006-03-06,-0.0034786019860405144
2006-03-07,-0.02093111332494456
2006-03-08,-0.012717149124510952
2006-03-09,-0.0042952134477827475
2006-03-10,-0.014911007756036999
2006-03-13,0.01669264308002128
2006-03-14,-0.014869127049753366
2006-03-15,0.005220596772880351
2006-03-16,-0.012550922697229672
2006-03-17,0.0069486969265771525
2006-03-20,-0.000596039792918588
2006-03-21,0.021820554844260945
2006-03-22,0.01588924551365095
2006-03-23,0.004305146311484518
2006-03-24,-0.0030812789180123916
2006-03-27,-0.0029429321081540505
2006-03-28,0.016444430457298313
2006-03-29,0.017497521555831494
2006-03-30,0.018023480503062822
2006-03-31,0.005454212432728759
2006-04-03,0.016960775479758772
2006-04-04,-0.003827836742610325
2006-04-05,-0.003028443179388808
2006-04-06,-0.010440173738324855
2006-04-07,0.01711387623711539
2006-04-10,-0.00197629614255904
2006-04-11,-0.011549845666088316
2006-04-12,0.029651023149674327
2006-04-13,-0.00497538347502929
2006-04-14,0.007614579796005029
2006-04-17,-0.007194396297676965
2006-04-18,0.035674685044137774
2006-04-19,0.017236264567191253
2006-04-20,-0.012820439304223323
2006-04-21,-5.0883842954443925e-05
2006-04-24,0.01820287568941536
2006-04-25,0.002214282257931209
2006-04-26,0.01290221066578591
2006-04-27,0.011720654824054197
2006-04-28,0.013710472252460061
2006-05-01,0.013482262142137734
2006-05-02,0.005463005220927648
2006-05-03,-0.011193957574818031
2006-05-04,0.004378891892558256
2006-05-05,0.006119455535762285
2006-05-08,0.012020282821907924
2006-05-09,0.001344794468655465
2006-05-10,-0.0054051759473496795
2006-05-11,-9.719830669568247e-05
2006-05-12,0.004415541885505098
2006-05-15,0.0297742330768861
2006-05-16,-0.01387929093911071
2006-05-17,-0.01631139033802571
2006-05-18,-0.005082314089547187
2006-05-19,-0.012682456363493484
2006-05-22,0.0010779509052423857
2006-05-23,0.022247656963828265
2006-05-24,0.0018947196657874282
2006-05-25,0.007719283460503892
2006-05-26,-0.01894653814231788
2006-05-29,0.02016697263331669
2006-05-30,-0.0016538053707584738
2006-05-31,-0.011055090053482718
2006-06-01,-0.0013856779525466233
2006-06-02,-0.0031958582915994314
2006-06-05,-0.0016735945283260778
2006-06-06,0.016328423292203388
2006-06-07,-0.0004757252087349735
2006-06-08,-0.015111653242461361
2006-06-09,0.001029928070782414
2006-06-12,0.01955894469109868
2006-06-13,0.007400737416982148
2006-06-14,-0.009457461262425037
2006-06-15,0.007576967169516474
2006-06-16,0.030420848148252397
2006-06-19,0.0096478587003841
2006-06-20,-0.011448820070504245
2006-06-21,-0.011948416412509133
2006-06-22,0.0033759547431639267
2006-06-23,0.0008935879872936335
2006-06-26,0.028893270700478153
2006-06-27,0.011943660952203165
2006-06-28,0.034674315649570464
2006-06-29,-0.01794030182571195
2006-06-30,0.0036670914942095838
2006-07-03,-0.014944023542439703
2006-07-04,-0.0024168222955154584
2006-07-05,0.016799343362156986
2006-07-06,0.013736415895913727
2006-07-07,0.012622824988258716
2006-07-10,-0.007593690466791859
2006-07-11,-0.007367625557318767
2006-07-12,0.015629766650641266
2006-07-13,0.01666926237159566
2006-07-14,0.016791738092581658
2006-07-17,-0.0008318792486884385
2006-07-18,0.007929035107705908
2006-07-19,-0.013738695232906044
2006-07-20,-0.012631299142749146
2006-07-21,0.004524996879988755
2006-07-24,-0.012355129031596716
2006-07-25,0.003687791672014922
2006-07-26,0.002586839356785931
2006-07-27,0.019433045366165073
2006-07-28,0.0011046534142523518
2006-07-31,0.0050227705955110495
2006-08-01,0.00944130115026999
2006-08-02,-0.006227865782620422
2006-08-03,0.005004497940245031
2006-08-04,-0.01718761216018099
2006-08-07,0.013784338174525367
2006-08-08,-0.004997911463740939
2006-08-09,0.020800030855620516
2006-08-10,0.008414439893738489
2006-08-11,-0.013393343065605764
2006-08-14,0.0004418918332784426
2006-08-15,-0.0032351920105788655
2006-08-16,-0.016800930240400018
2006-08-17,-0.003190999078300276
2006-08-18,-0.01696980481911508
2006-08-21,-0.00471249561467417
2006-08-22,-0.014529315218372574
2006-08-23,0.00606963132785222
2006-08-24,-0.001615586881752909
2006-08-25,-0.007865873868969728
2006-08-28,-0.01154602285811627
2006-08-29,-0.01573128125533086
2006-08-30,0.014658799363103069
2006-08-31,0.004123403156578366
2006-09-01,-0.02068263783436738
2006-09-04,-0.014355674311984421
2006-09-05,-0.01236351159255179
2006-09-06,-0.01214522162797703
2006-09-07,0.0021451866940340666
2006-09-08,-0.0051508191760467024
2006-09-11,0.0017522020236560472
2006-09-12,-0.010608456165803496
2006-09-13,-0.015964418330633973
2006-09-14,-0.00016252203337372914
2006-09-15,0.025087207227818833
2006-09-18,-0.013906655115408832
2006-09-19,-0.0077076700293241054
2006-09-20,0.008653372671855931
2006-09-21,-0.00038808277679446695
2006-09-22,-0.006064505895238246
2006-09-25,-0.005671431582082956
2006-09-26,0.0011736547778140698
2006-09-27,0.016041256789092212
2006-09-28,0.0033913117258185174
2006-09-29,0.023751569446367707
2006-10-02,-0.01056065652961607
2006-10-03,0.004065262742703999
2006-10-04,0.007453514939402606
2006-10-05,-0.0035064554703295725
2006-10-06,-0.021993821373051746
2006-10-09,-0.011536805454733066
2006-10-10,0.028293831456303757
2006-10-11,0.0388185155968981
2006-10-12,-0.013474524274403182
2006-10-13,-0.003142989937986989
2006-10-16,0.013195593814322677
2006-10-17,0.011239691711575003
2006-10-18,-0.0035674466548567887
2006-10-19,0.01645572586815844
2006-10-20,-0.0066259645438614505
2006-10-23,0.006901419466284881
2006-10-24,0.005461741129284027
2006-10-25,0.0028288443020579937
2006-10-26,-0.0026737545086596044
2006-10-27,-0.01851523548789422
2006-10-30,-0.014593050579460573
2006-10-31,-0.01476544714601679
2006-11-01,-0.01015836040199415
2006-11-02,-0.006288919102032671
2006-11-03,0.003782666913390801
2006-11-06,-0.01364876315775979
2006-11-07,-0.006166950074624346
2006-11-08,-0.006983332983280362
2006-11-09,-0.0027689806233191817
2006-11-10,0.016843717284172832
2006-11-13,0.027936687470160135
2006-11-14,-0.004135649298212706
2006-11-15,0.006729277288421556
2006-11-16,0.03432802373393695
2006-11-17,-0.006191040011981671
2006-11-20,-0.019705259362358778
2006-11-21,-0.002040542535122515
2006-11-22,0.003589063250818987
2006-11-23,-0.003741782685309468
2006-11-24,-0.006117504637908125
2006-11-27,-0.0028462156633096737
2006-11-28,-0.01801920370092184
2006-11-29,0.00420886400405086
2006-11-30,-0.0003692513052027564
2006-12-01,0.004092172777857533
2006-12-04,0.03060023891276209
2006-12-05,0.01155869503999589
2006-12-06,0.006525431500116599
2006-12-07,0.015875917904930772
2006-12-08,0.0017396629921059906
2006-12-11,-0.004990321183293799
2006-12-12,-0.0026202004383502793
2006-12-13,-0.0005673946354073887
2006-12-14,0.013731991468626803
2006-12-15,0.030688219107158063
2006-12-18,-0.017139052533949484
2006-12-19,-0.005761635164296633
2006-12-20,0.008739461743645281
2006-12-21,-0.01923486797372082
2006-12-22,-0.0065438544830485855
2006-12-25,-0.002697628176259098
2006-12-26,0.017633698505150203
2006-12-27,-0.011890576851155608
2006-12-28,0.005625875519787681
2006-12-29,-0.005644759220288759
2007-01-01,-0.0049819297839710265
2007-01-02,-0.013312687492829125
2007-01-03,0.01309755179820711
2007-01-04,0.016814778611347843
2007-01-05,-0.0015978276000012705
2007-01-08,0.0011527624967193756
2007-01-09,-0.008456027302207056
2007-01-10,-0.005384553294286058
2007-01-11,-0.017854506392874996
2007-01-12,-0.016053238211084078
2007-01-15,-0.01124383020189051
2007-01-16,0.020104145508451035
2007-01-17,-0.010994610019896881
2007-01-18,-0.013840937140640278
2007-01-19,-0.006470848311650491
2007-01-22,0.0005553176033398811
2007-01-23,-0.006294800783264654
2007-01-24,-0.018692465015343506
2007-01-25,0.001941845228070213
2007-01-26,-0.010602976888517182
2007-01-29,0.004571329192368915
2007-01-30,-0.01255571744016506
2007-01-31,-0.011436765942448407
2007-02-01,-0.00593298066863587
2007-02-02,0.0016482688108065795
2007-02-05,0.01738969920515275
2007-02-06,0.009983584333236019
2007-02-07,0.0011714599231047555
2007-02-08,-0.008396929472369117
2007-02-09,-0.008573166390824147
2007-02-12,-0.005132430983674188
2007-02-13,0.012410578020929618
2007-02-14,0.010948276610288687
2007-02-15,0.008462500911647908
2007-02-16,0.0020403758285929795
2007-02-19,-0.00412377156828924
2007-02-20,-0.006825629630627248
2007-02-21,0.012848386497822162
2007-02-22,-0.002272845020594775
2007-02-23,0.00858837366161317
2007-02-26,-0.0024718111200845855
2007-02-27,0.0021255140112873758
2007-02-28,0.032892256303643896
2007-03-01,0.019867148292082193
2007-03-02,-0.0027582682376297227
2007-03-05,0.00543287428042882
2007-03-06,0.03577084268888044
2007-03-07,-0.007224460528145585
2007-03-08,-0.009514704807908322
2007-03-09,-0.02052089610774098
2007-03-12,0.046539419419807285
2007-03-13,-0.009846023021687267
2007-03-14,0.012280533596115771
2007-03-15,0.01627960828424114
2007-03-16,0.01676246493195293
2007-03-19,-0.013490071453369537
2007-03-20,0.005291103288619228
2007-03-21,0.0020721706576115016
2007-03-22,-0.014319153648101456
2007-03-23,0.005013355771142133
2007-03-26,-0.006638837698431661
2007-03-27,-0.002971654061951535
2007-03-28,-0.005585417100662866
2007-03-29,-0.011687429620130634
2007-03-30,-0.01027909897664135
2007-04-02,-0.009988207128842732
2007-04-03,-0.009822587926097835
2007-04-04,-0.0023769607762243565
2007-04-05,0.011597816884676121
2007-04-06,0.00013569399637361826
2007-04-09,-0.006176097840923378
2007-04-10,0.019515189750305494
2007-04-11,0.0401060173036033
2007-04-12,-0.0017706013393523692
2007-04-13,-0.012322789816596614
2007-04-16,-0.0017884641116738785
2007-04-17,-0.0024358320315114035
2007-04-18,-0.012335562883229005
2007-04-19,0.007131994177886486
2007-04-20,-0.0217138857393532
2007-04-23,0.03198612592978769
2007-04-24,0.009501066388603506
2007-04-25,-0.00021207223625584887
2007-04-26,-0.008720500363181057
2007-04-27,0.00020381666818491961
2007-04-30,0.009562209737366337
2007-05-01,0.002501848015398586
2007-05-02,0.004148073904842807
2007-05-03,0.0034558026121499393
2007-05-04,0.007213514203106369
2007-05-07,0.010604826702809218
2007-05-08,0.009103577052662543
2007-05-09,-0.002372792454761425
2007-05-10,0.014134731748865086
2007-05-11,0.005801445053166068
2007-05-14,0.011366509425999163
2007-05-15,-0.0096957686281992
2007-05-16,0.0027338008499361924
2007-05-17,-0.012948028486877516
2007-05-18,-0.012053267257537104
2007-05-21,0.005598993588663306
2007-05-22,0.0014680837356947397
2007-05-23,-0.004462798740317044
2007-05-24,-0.0026820636950804742
2007-05-25,-0.00754716450049394
2007-05-28,-0.004504614773080656
2007-05-29,-0.002189926069533891
2007-05-30,-0.00991774147037395
2007-05-31,0.010866636621147938
2007-06-01,0.017865299645643935
2007-06-04,0.00021655841062486608
2007-06-05,-0.002964724712545861
2007-06-06,-0.009774763622372363
2007-06-07,0.0021684654994506107
2007-06-08,-0.006388328852316889
2007-06-11,0.014982094395726862
2007-06-12,0.03422059644578487
2007-06-13,0.006923276534217444
2007-06-14,-0.005553089424697968
2007-06-15,-0.002491474677064707
2007-06-18,-0.0010472395064173058
2007-06-19,0.0019845871498444245
2007-06-20,-0.005257737578046498
2007-06-21,6.168778540979747e-05
2007-06-22,0.030503905123191635
2007-06-25,0.00033057380922259585
2007-06-26,-0.002502757459851835
2007-06-27,0.010343503127215964
2007-06-28,0.0035648225087703475
2007-06-29,-0.008358657107324311
2007-07-02,0.016781357931012694
2007-07-03,-0.011073747819181128
2007-07-04,0.02840464609758043
2007-07-05,0.007464395270262512
2007-07-06,0.012062285414980736
2007-07-09,-0.014863743094511135
2007-07-10,0.004501623171334967
2007-07-11,0.006969042171103102
2007-07-12,-0.001685463332103853
2007-07-13,0.012186923849619322
2007-07-16,-0.015912338632986123
2007-07-17,-0.002525567713005491
2007-07-18,0.01291122798474107
2007-07-19,-0.00040417078706292756
2007-07-20,-0.0011261680382882062
2007-07-23,-0.006019762398984434
2007-07-24,0.014665594064116917
2007-07-25,-0.021703386135318033
2007-07-26,-0.01150327088516106
2007-07-27,-0.0023937679783364134
2007-07-30,-0.007927816497515838
2007-07-31,-0.009857934469187729
2007-08-01,-0.02006629341881144
2007-08-02,-0.008334815512425792
2007-08-03,-0.0038683783133776697
2007-08-06,-0.010637831024908787
2007-08-07,-0.011605363079038113
2007-08-08,0.003216003128458756
2007-08-09,0.0011614196935959935
2007-08-10,-0.008892354420677193
2007-08-13,0.03217444440627916
2007-08-14,-0.006767982560419057
2007-08-15,-0.001158243153359377
2007-08-16,-0.005408622293921018
2007-08-17,0.012345518299738421
2007-08-20,-0.0025718803120140313
2007-08-21,-0.01070111301804398
2007-08-22,0.008593988202833809
2007-08-23,-0.00957583626071602
2007-08-24,-0.007345517662966865
2007-08-27,-0.003305628185774588
2007-08-28,-0.005159248801600572
2007-08-29,-0.008460054603440525
2007-08-30,-0.0011625960188956855
2007-08-31,0.006656016744230369
2007-09-03,-0.001456572740423507
2007-09-04,-3.0681890791986466e-06
2007-09-05,0.0032504575923623033
2007-09-06,0.005724667387211866
2007-09-07,0.005647206314687337
2007-09-10,-0.013179023188509635
2007-09-11,0.012762590393262586
2007-09-12,-0.0004821686807733802
2007-09-13,0.02382697700066555
2007-09-14,-0.019100943090301404
2007-09-17,0.0016365202897188486
2007-09-18,0.007018683449708973
2007-09-19,-0.012714070649798386
2007-09-20,0.012806359807417005
2007-09-21,-0.006333121457754078
2007-09-24,0.01607078985062403
2007-09-25,0.0030067708701030788
2007-09-26,-0.012126697537090008
2007-09-27,-0.002830715420130789
2007-09-28,-0.011185631984236149
2007-10-01,-0.0015594671998247212
2007-10-02,-0.014693275933950761
2007-10-03,0.015863685130263455
2007-10-04,-0.008506805471771645
2007-10-05,0.002852974858886609
2007-10-08,0.0030382608826729357
2007-10-09,-0.01563077884180674
2007-10-10,0.02557259903644238
2007-10-11,0.003971025006439748
2007-10-12,0.01593045100999608
2007-10-15,-0.0012731767481729411
2007-10-16,0.0016906665305512075
2007-10-17,-0.012332070104189312
2007-10-18,-0.01603220698774907
2007-10-19,-0.004007473539939122
2007-10-22,-0.002666412623397292
2007-10-23,-0.00467802302803948
2007-10-24,-0.014235061884189664
2007-10-25,0.01018500444103413
2007-10-26,0.01719435690307137
2007-10-29,0.00035948241289255126
2007-10-30,-0.00301942340060464
2007-10-31,-0.018440493728638888
2007-11-01,0.01864292220284615
2007-11-02,-0.01345030491825587
2007-11-05,-0.0031654529979319827
2007-11-06,0.019800733246668416
2007-11-07,-0.012947866405024084
2007-11-08,0.015575776787888095
2007-11-09,-0.012730878645168458
2007-11-12,-0.003231973224574601
2007-11-13,-0.005605023747087431
2007-11-14,-0.012338289600851994
2007-11-15,-0.006701771415528652
2007-11-16,-0.013147604439230853
2007-11-19,-0.001860194424531815
2007-11-20,-0.012771899126574495
2007-11-21,-0.006581075677266856
2007-11-22,0.009084134454272176
2007-11-23,0.02206998178994983
2007-11-26,-0.01055949759153287
2007-11-27,0.0010816820671915688
2007-11-28,-0.006674479691999014
2007-11-29,-0.0013363943832200194
2007-11-30,0.007112923885041034
2007-12-03,0.00223544759016198
2007-12-04,-0.0009026264893120146
2007-12-05,-0.017387464296025435
2007-12-06,0.005646174017224167
2007-12-07,-0.008203230313386475
2007-12-10,0.018455467199344697
2007-12-11,-0.017220245743524498
2007-12-12,-0.012901619654116455
2007-12-13,0.025654520753263625
2007-12-14,-0.005192408906322419
2007-12-17,-0.007773518666081294
2007-12-18,0.01637031377624571
2007-12-19,-7.864359019469497e-05
2007-12-20,-0.003462415310335386
2007-12-21,-0.02002015274831256
2007-12-24,0.006381107574175829
2007-12-25,-0.01326280655711989
2007-12-26,-0.01841653540226924
2007-12-27,-0.01134248303064942
2007-12-28,-0.0007582524309703367
2007-12-31,0.00867670449807792
2008-01-01,-0.008769190290928602
2008-01-02,-0.0024975531719533435
2008-01-03,0.0019230778988720623
2008-01-04,-0.017243805474691704
2008-01-07,-0.0032913371650685926
2008-01-08,-0.012305067876515972
2008-01-09,-0.008749583463615805
2008-01-10,-0.0036737154939745983
2008-01-11,0.01897905532909922
2008-01-14,0.0050637174764079605
2008-01-15,0.01820450482748924
2008-01-16,-0.01177795798376351
2008-01-17,0.008249679005046064
2008-01-18,-0.009480339916581463
2008-01-21,0.005615695774592009
2008-01-22,0.016993362822832536
2008-01-23,-0.007780238291684484
2008-01-24,0.010472474676041614
2008-01-25,0.02069329399362488
2008-01-28,-0.020908269892200036
2008-01-29,-0.013632657073677005
2008-01-30,0.004817113486829731
2008-01-31,-0.0028408972847673193
2008-02-01,-0.005604892509993419
2008-02-04,-0.001120349053352003
2008-02-05,0.0034077173723300914
2008-02-06,0.01979474082188177
2008-02-07,0.006728048601425032
2008-02-08,-0.012016937877036926
2008-02-11,-0.004675184981304634
2008-02-12,-0.01025733224335526
2008-02-13,-0.00940244227629532
2008-02-14,0.006792583448328136
2008-02-15,0.0014569477854682877
2008-02-18,-0.01178952737314453
2008-02-19,0.06372565544096293
2008-02-20,-0.014981353332662926
2008-02-21,-0.01194942571470257
2008-02-22,-0.017742994716812066
2008-02-25,-0.013812609870096738
2008-02-26,-0.0017420910639311012
2008-02-27,-0.016198365484835307
2008-02-28,0.002167425682410566
2008-02-29,0.00042722075668351345
2008-03-03,-0.004775161297965631
2008-03-04,0.014972059333062643
2008-03-05,-0.015128861365454898
2008-03-06,0.014305310789201366
2008-03-07,0.001332663806443566
2008-03-10,0.004048086584809634
2008-03-11,-0.010551198080389764
2008-03-12,-0.0029084391346436873
2008-03-13,0.0029111721647673908
2008-03-14,-0.017154875785700005
2008-03-17,-0.008549505635519788
2008-03-18,-0.005400445325346306
2008-03-19,0.019532788852823925
2008-03-20,-0.020233313722491177
2008-03-21,-0.011067337732190282
2008-03-24,0.007002827735281374
2008-03-25,-0.013489245113634578
2008-03-26,0.0014289624052974438
2008-03-27,-0.014707960223866627
2008-03-28,-0.005867090791777638
2008-03-31,-0.013952487653148507
2008-04-01,-0.004243299751575561
2008-04-02,-0.011486918198718473
2008-04-03,-0.004243933393109047
2008-04-04,0.01294439273733964
2008-04-07,0.006143861795942212
2008-04-08,-0.009273372202686373
2008-04-09,0.0017105742017562986
2008-04-10,0.013157502636943513
2008-04-11,-0.002616912789830138
2008-04-14,0.010245988203266304
2008-04-15,-0.013389111814022766
2008-04-16,0.009465293005079083
2008-04-17,-0.011440851772156304
2008-04-18,0.013212407815810526
2008-04-21,-0.00928463418998722
2008-04-22,-0.0031520380116727524
2008-04-23,-0.016423540581977668
2008-04-24,-0.00396094085398695
2008-04-25,0.012394384003997755
2008-04-28,-0.006410264732458652
2008-04-29,0.005704570361675952
2008-04-30,-0.005432495266100186
2008-05-01,-0.006170641513786594
2008-05-02,-0.008538784174895179
2008-05-05,-0.002834537427910736
2008-05-06,0.0004637418147320112
2008-05-07,-0.0038986756222772825
2008-05-08,-0.007292196618048349
2008-05-09,0.013850369804781465
2008-05-12,0.00895542425611777
2008-05-13,-0.0036483319289534466
2008-05-14,0.0169289572338231
2008-05-15,0.03145828153655812
2008-05-16,-0.013968915959802293
2008-05-19,0.015089313199040104
2008-05-20,0.00033916160866879694
2008-05-21,0.012879885851169226
2008-05-22,-0.0006063205345004409
2008-05-23,-0.004275271388197027
2008-05-26,-0.0058326611652116805
2008-05-27,0.008632489629503207
2008-05-28,-0.0030941812466518948
2008-05-29,-0.011008258171171934
2008-05-30,-0.01038033596740848
2008-06-02,-0.02122293228355519
2008-06-03,0.0028850308672192584
2008-06-04,-0.011455062362351076
2008-06-05,0.04164872284458132
2008-06-06,0.005855134361981314
2008-06-09,0.02769118244692792
2008-06-10,-0.004377250980636266
2008-06-11,-0.009387869173767912
2008-06-12,0.0012530975018928033
2008-06-13,-0.007362899990332433
2008-06-16,0.004828021673080583
2008-06-17,-0.01829543809101085
2008-06-18,-0.012409191074772683
2008-06-19,-0.0024717854772084748
2008-06-20,-0.014815215316770387
2008-06-23,0.02393983274214541
2008-06-24,-0.001406396230117249
2008-06-25,0.0047517673575004984
2008-06-26,-0.006898935734513882
2008-06-27,-0.006099505082297802
2008-06-30,0.010190241428156485
2008-07-01,-0.0021554398109017714
2008-07-02,0.011785793583359183
2008-07-03,-0.014532167193643291
2008-07-04,-0.018770847757317112
2008-07-07,0.005540208938272416
2008-07-08,0.02578745925174388
2008-07-09,0.008614403458470754
2008-07-10,-0.010073434769539
2008-07-11,-0.015266456457930913
2008-07-14,-0.00973662668299895
2008-07-15,0.03638926481377402
2008-07-16,-0.0003680025133246806
2008-07-17,-0.007333078284023568
2008-07-18,0.008415651727297462
2008-07-21,0.021321694745562017
2008-07-22,-0.0060925041431936534
2008-07-23,0.003867803574772559
2008-07-24,-0.0027189598560066093
2008-07-25,-0.006112587296896146
2008-07-28,-0.013682743839116792
2008-07-29,0.01959871039649945
2008-07-30,-0.007385514459950008
2008-07-31,0.0048319655455123095
2008-08-01,0.0008217349995432444
2008-08-04,-0.0024525689552609177
2008-08-05,-0.009396001317843825
2008-08-06,-0.0012020064839362334
2008-08-07,-0.004225427724214251
2008-08-08,0.007146163356747073
2008-08-11,-0.002606293471015514
2008-08-12,0.0017033607292921138
2008-08-13,-0.0019432288647047574
2008-08-14,-0.00489822648771077
2008-08-15,0.025810015996260573
2008-08-18,-0.010783075918618306
2008-08-19,0.0003280028244243352
2008-08-20,0.0022249705351468467
2008-08-21,-0.01568855615691498
2008-08-22,-0.0007326480947304308
2008-08-25,-0.01307014378147504
2008-08-26,0.01377035285847883
2008-08-27,-0.009777581087180619
2008-08-28,-0.009951763318846353
2008-08-29,0.023638611196546158
2008-09-01,-0.012790343487801966
2008-09-02,0.02626173873778445
2008-09-03,-0.0069012530412002095
2008-09-04,0.016340852746447837
2008-09-05,0.016494754013143792
2008-09-08,-0.009109430736486472
2008-09-09,0.004543260292497655
2008-09-10,-0.009462783006945499
2008-09-11,0.0022115412433297912
2008-09-12,0.008244182649133916
2008-09-15,-0.005026778029565283
2008-09-16,-0.018897925927149714
2008-09-17,0.0028931291130632267
2008-09-18,-0.013588402328322438
2008-09-19,-0.015279413247393205
2008-09-22,-0.019274692666848288
2008-09-23,-0.004883346845349051
2008-09-24,-0.006928593291980343
2008-09-25,0.007576953244204994
2008-09-26,-0.006005974307584285
2008-09-29,0.0047644326615109076
2008-09-30,-0.015164645678149681
2008-10-01,0.007609954854802564
2008-10-02,0.005265518386406754
2008-10-03,0.017884468928176425
2008-10-06,-0.007549723224358283
2008-10-07,-0.0008757685889073594
2008-10-08,-0.00979555184228103
2008-10-09,-0.014333134275501697
2008-10-10,-0.008390105949732354
2008-10-13,0.010489691724970544
2008-10-14,0.0054488310714699804
2008-10-15,0.001428903914263823
2008-10-16,-0.016886993376541495
2008-10-17,0.009062181004988096
2008-10-20,-0.011654771224913282
2008-10-21,-0.00925076726107469
2008-10-22,-0.009191166309677585
2008-10-23,0.019092044567953194
2008-10-24,-0.01838938177897632
2008-10-27,0.008207705765551444
2008-10-28,-0.009843030317970385
2008-10-29,-0.010483813956279111
2008-10-30,-0.009243793789800591
2008-10-31,-0.01329890742492487
2008-11-03,-0.008503737062396419
2008-11-04,0.018995970498630416
2008-11-05,-0.00549487890194391
2008-11-06,-0.016489194438563445
2008-11-07,-0.0013996881056645392
2008-11-10,0.0020020223851435065
2008-11-11,-0.0003670387700768253
2008-11-12,-0.010178374376200765
2008-11-13,0.015947042094306654
2008-11-14,0.008266150371597218
2008-11-17,-0.014171198695718232
2008-11-18,-0.00786563627765631
2008-11-19,-0.009296608981006616
2008-11-20,-0.01756490147348172
2008-11-21,-0.006804408819871259
2008-11-24,0.0007553368878080065
2008-11-25,0.0072855258142876175
2008-11-26,-0.00012963639486728712
2008-11-27,0.002788625843935605
2008-11-28,-0.008007221914541032
2008-12-01,-0.00823333901619188
2008-12-02,0.0023316359418867755
2008-12-03,-0.016184263276717126
2008-12-04,0.007769233420704208
2008-12-05,0.0043787038369343945
2008-12-08,-0.005999687188148913
2008-12-09,0.005427980891583518
2008-12-10,0.016841893878004388
2008-12-11,-0.008859666495148454
2008-12-12,-0.006280594475916581
2008-12-15,0.0010229797005344918
2008-12-16,0.012412844100857315
2008-12-17,0.014151758322130621
2008-12-18,0.008646881279415132
2008-12-19,0.018153106419944116
2008-12-22,0.0074133775194310594
2008-12-23,0.012604136165445798
2008-12-24,-0.0013764766953523952
2008-12-25,0.023957914319134736
2008-12-26,-0.0030918366603038504
2008-12-29,-0.0032496203095988344
2008-12-30,0.0228397561151888
2008-12-31,-0.004566398892028239
2009-01-01,0.0202316715428977
2009-01-02,0.000936337355722551
2009-01-05,0.01968081790357567
2009-01-06,-0.008927778998876017
2009-01-07,-0.003954256506989242
2009-01-08,0.012056163831867021
2009-01-09,0.004077781684130144
2009-01-12,0.01253371723007312
2009-01-13,-0.007075620916780899
2009-01-14,-0.014546216435696613
2009-01-15,-0.0023513526130768715
2009-01-16,0.0010553245954459528
2009-01-19,-0.002513621270430734
2009-01-20,-0.008058965761184526
2009-01-21,-0.0017592733756417525
2009-01-22,-0.008207702290291816
2009-01-23,0.002255083289186447
2009-01-26,0.0066857543234334765
2009-01-27,-0.015164999464252033
2009-01-28,0.018288563727990037
2009-01-29,-0.0015458429859886574
2009-01-30,-0.012417462236904106
2009-02-02,0.007926686607088763
2009-02-03,0.011100061174959049
2009-02-04,0.007943465138877039
2009-02-05,0.0010651362632711492
2009-02-06,-0.012591183065009644
2009-02-09,-0.011242160908924936
2009-02-10,-0.002135359171836035
2009-02-11,-0.008490923396523416
2009-02-12,-0.011370193742806723
2009-02-13,-0.013212228590946238
2009-02-16,-0.00311320821952564
2009-02-17,-0.005814222075432675
2009-02-18,0.0021766142568991273
2009-02-19,0.030163635299533594
2009-02-20,-0.00809503780927455
2009-02-23,-0.005365800070035606
2009-02-24,0.005039019181126189
2009-02-25,-0.012819156859980488
2009-02-26,-0.013201089114440125
2009-02-27,0.010908018795505917
2009-03-02,0.0075343025820710785
2009-03-03,-0.015507886358337143
2009-03-04,-0.002520114138542206
2009-03-05,0.0006746430855738041
2009-03-06,-0.013114984312018947
2009-03-09,0.006486849134619881
2009-03-10,-0.0017312394049953522
2009-03-11,0.009996799099502615
2009-03-12,-0.007140524374625222
2009-03-13,0.0019661804738182014
2009-03-16,-0.0032724279211440374
2009-03-17,-0.008932968417804065
2009-03-18,0.01218747473487558
2009-03-19,0.03269815841947991
2009-03-20,-0.005693307205735795
2009-03-23,-0.0011483532454484892
2009-03-24,0.015265062654820756
2009-03-25,-0.006597734668832688
2009-03-26,-0.001970029946018536
2009-03-27,0.005155416560531617
2009-03-30,-0.00898894160770701
2009-03-31,-0.006412397498829381
2009-04-01,0.0051695668334102475
2009-04-02,0.01283860306038244
2009-04-03,-0.007004759858503878
2009-04-06,0.0035166903584839433
2009-04-07,-0.0027871198247900776
2009-04-08,-0.004377079553545302
2009-04-09,-0.013607649891960408
2009-04-10,0.028044751942148338
2009-04-13,-0.003509418268624439
2009-04-14,0.029710951747169798
2009-04-15,-0.005959558375196194
2009-04-16,0.02331899078399257
2009-04-17,-0.011652179558459546
2009-04-20,0.0037632763398854387
2009-04-21,-0.017108265127865164
2009-04-22,-0.012340530152951935
2009-04-23,0.014803941286332285
2009-04-24,0.004514006716321243
2009-04-27,-0.01610400121257259
2009-04-28,0.0006894227364286493
2009-04-29,0.009453587105708566
2009-04-30,-0.016412294621186263
2009-05-01,0.03662328388615875
2009-05-04,0.01911149463653252
2009-05-05,-0.010548346061036325
2009-05-06,-0.005204835555121579
2009-05-07,-0.014269813369253814
2009-05-08,-0.013305420622346076
2009-05-11,-0.010871311964218946
2009-05-12,-0.011386763078356212
2009-05-13,-0.0036827376425609647
2009-05-14,0.013736905644214176
2009-05-15,-0.0062560857868539585
2009-05-18,0.0170136348142277
2009-05-19,0.00796364144718556
2009-05-20,0.002229271271455547
2009-05-21,0.016458232655610285
2009-05-22,0.030590428756944843
2009-05-25,-0.01081951262322857
2009-05-26,-0.00589305196766304
2009-05-27,-0.013417848039586275
2009-05-28,0.004621867014032711
2009-05-29,-0.0023071933916326524
2009-06-01,-0.015829950809383774
2009-06-02,-0.01728329406073357
2009-06-03,-2.6573557528126318e-05
2009-06-04,-0.009838713833736395
2009-06-05,-0.013916124571316059
2009-06-08,0.016129830631614543
2009-06-09,0.0029840900829258762
2009-06-10,-0.011043537501589864
2009-06-11,-0.006813711916615981
2009-06-12,0.013014767089393163
2009-06-15,-0.007294097072069974
2009-06-16,-0.016792017382601245
2009-06-17,-0.011285353144896818
2009-06-18,0.01633625492516492
2009-06-19,0.004472074095075582
2009-06-22,-0.005473305059211234
2009-06-23,-0.0007205611266704777
2009-06-24,-0.005730100348294565
2009-06-25,-0.004390980052972896
2009-06-26,-0.006298174042078306
2009-06-29,-0.004733998576566919
2009-06-30,-0.010281456928310097
2009-07-01,0.00658802930253511
2009-07-02,0.009458569280677495
2009-07-03,-0.01247727337897614
2009-07-06,0.002675192910977356
2009-07-07,-0.015740234574018748
2009-07-08,0.007709477889106947
2009-07-09,0.009972593265004541
2009-07-10,-0.015131597724962592
2009-07-13,-0.0029644394581825606
2009-07-14,0.0043704697955795554
2009-07-15,-0.012178020643378104
2009-07-16,-0.014666543558651414
2009-07-17,-0.0011418792839063378
2009-07-20,0.012262191283967841
2009-07-21,0.0009843518696509117
2009-07-22,-0.004882831692489795
2009-07-23,-0.011578388717462194
2009-07-24,0.0020441505795704175
2009-07-27,0.009244404794511336
2009-07-28,0.010920994116175808
2009-07-29,0.012098885576613636
2009-07-30,-0.0070988177190120655
2009-07-31,0.0059851733505824865
