2000-01-03,0.00012490837009848307
2000-01-04,-0.012428049332541137
2000-01-05,-0.00952035823193973
2000-01-06,-0.011125467611826187
2000-01-07,0.03058204785079171
2000-01-10,-0.012941363517331807
2000-01-11,0.0003044038586924383
2000-01-12,0.01679330868076393
2000-01-13,0.02794858326285988
2000-01-14,0.0019235227116801215
2000-01-17,0.020593841359331372
2000-01-18,0.001016915244630899
2000-01-19,-0.012376300399325123
2000-01-20,-0.013958637031973437
2000-01-21,0.017951833473131174
2000-01-24,0.017068489140549384
2000-01-25,0.00029215227213104725
2000-01-26,0.0051536332202980935
2000-01-27,-0.010190140671647623
2000-01-28,0.0075767059734336215
2000-01-31,0.007219719342477365
2000-02-01,0.01053978042142937
2000-02-02,-0.004906220075625148
2000-02-03,0.019957826932342923
2000-02-04,0.006147103577124443
2000-02-07,0.004089120536227928
2000-02-08,0.016335155620560683
2000-02-09,-0.0025078606061302335
2000-02-10,-0.010160031799986102
2000-02-11,0.007610039113775016
2000-02-14,0.004331765398015955
2000-02-15,-0.006319572342520292
2000-02-16,0.00941548653802133
2000-02-17,-0.00661196596777943
2000-02-18,-0.00923787145203458
2000-02-21,-0.005741134360200198
2000-02-22,-0.005268868065154652
2000-02-23,-0.0021886941183782045
2000-02-24,-0.004532346960024285
2000-02-25,-0.011485070156896052
2000-02-28,0.013062762062868064
2000-02-29,-0.01454381880131116
2000-03-01,0.006587847468708618
2000-03-02,-7.451301675710786e-06
2000-03-03,0.008643441138058927
2000-03-06,0.002662510523144739
2000-03-07,0.003382636019092805
2000-03-08,-0.0020944648760923175
2000-03-09,0.0019293991823333134
2000-03-10,-0.011850273846126294
2000-03-13,-0.01298103452865316
2000-03-14,0.009047392024708958
2000-03-15,-0.007744269760895477
2000-03-16,-0.007730128496507848
2000-03-17,-0.010524710236041622
2000-03-20,-0.0025466205937336936
2000-03-21,-0.014100183153942904
2000-03-22,0.01963752636140105
2000-03-23,0.024669667501499626
2000-03-24,0.022998660953640525
2000-03-27,0.011936228397823871
2000-03-28,0.023508036267352907
2000-03-29,0.002203561083343037
2000-03-30,-0.005718032361186478
2000-03-31,0.010103717631548617
2000-04-03,-0.0022081274843599626
2000-04-04,-0.01310455329174528
2000-04-05,-0.014352607670666795
2000-04-06,-0.006051807125754656
2000-04-07,-0.01772327265420855
2000-04-10,0.01020089353732255
2000-04-11,0.02482213077653342
2000-04-12,-0.005932444575449853
2000-04-13,0.012828537079714007
2000-04-14,-0.0030256579621347895
2000-04-17,-0.01702842078836094
2000-04-18,-0.003453404942619441
2000-04-19,0.0046055625447069745
2000-04-20,-0.00988354772160196
2000-04-21,-0.012293827589534628
2000-04-24,-0.020361814426284028
2000-04-25,0.02492110228557451
2000-04-26,-0.006197840792066124
2000-04-27,0.0023076977950827714
2000-04-28,-0.0006208945643799493
2000-05-01,0.006351252692006169
2000-05-02,0.020909502839378348
2000-05-03,0.03027210861041555
2000-05-04,-0.012497512804609475
2000-05-05,0.0066684934118765235
2000-05-08,-0.00035105206191586927
2000-05-09,-0.0030603776873974163
2000-05-10,0.0020086713662488924
2000-05-11,-0.009303348767839158
2000-05-12,0.017585565088867966
2000-05-15,0.040878053186836155
2000-05-16,0.04113872046103702
2000-05-17,-0.019440123211163264
2000-05-18,-0.004270358596974652
2000-05-19,-0.009308762586129341
2000-05-22,0.017726879331866327
2000-05-23,-0.0034236873248469288
2000-05-24,0.018798452659658203
2000-05-25,-0.009717943069758461
2000-05-26,0.0017801959353899097
2000-05-29,0.002981325476065305
2000-05-30,-0.014113635422222869
2000-05-31,-0.0020121858801767888
2000-06-01,0.006425148482411679
2000-06-02,-0.014089796777401057
2000-06-05,0.015699126028090524
2000-06-06,-0.003922781867584421
2000-06-07,-0.016233940012084405
2000-06-08,0.02506640042963139
2000-06-09,0.007252904739979742
2000-06-12,0.006219232017730496
2000-06-13,-0.001312464589643219
2000-06-14,0.02248557107491271
2000-06-15,0.011891815428132564
2000-06-16,0.016590003616865634
2000-06-19,-0.003648473450717723
2000-06-20,0.001633398004316413
2000-06-21,-0.005753181448671752
2000-06-22,-0.014814837244524317
2000-06-23,-0.007121640304099095
2000-06-26,-0.0021648195888590363
2000-06-27,-0.014354170416150528
2000-06-28,0.0334402565500724
2000-06-29,-0.01137548516441278
2000-06-30,0.004169368209650786
2000-07-03,0.000868439331268709
2000-07-04,0.00236640543870938
2000-07-05,-0.010963575048707997
2000-07-06,-0.010662663287692891
2000-07-07,-0.011868598778030563
2000-07-10,-0.009437385942770255
2000-07-11,0.00780396437841846
2000-07-12,0.008476741753876894
2000-07-13,-0.003959854835826546
2000-07-14,-0.010115422615211088
2000-07-17,0.029277752215697193
2000-07-18,-0.013044277247790427
2000-07-19,0.006395961817695632
2000-07-20,0.016876922215537743
2000-07-21,-0.013766076821681681
2000-07-24,0.02025606309339085
2000-07-25,-0.012884046656985495
2000-07-26,0.004946148378645276
2000-07-27,0.019231172865704
2000-07-28,-0.011555319630442464
2000-07-31,-0.004501325732907055
2000-08-01,-0.009022618553470859
2000-08-02,0.007676727830469188
2000-08-03,-0.013097285489571854
2000-08-04,0.010124660912974336
2000-08-07,-0.01419396474790255
2000-08-08,-0.012931609114388534
2000-08-09,-0.015653098955174707
2000-08-10,-0.013885512333519473
2000-08-11,-0.01116462676041861
2000-08-14,0.017216680656071966
2000-08-15,-0.016714226599971606
2000-08-16,-0.014135272387580793
2000-08-17,0.014524265058310129
2000-08-18,-0.011273564184007242
2000-08-21,0.017943801329094324
2000-08-22,0.014890639522748564
2000-08-23,-0.005977946871221711
2000-08-24,0.010916761763695326
2000-08-25,-0.00012642015170387724
2000-08-28,0.008955250590287928
2000-08-29,-0.001794983438587687
2000-08-30,-0.013692483858386858
2000-08-31,-0.0057660881956905045
2000-09-01,0.02294907234960397
2000-09-04,0.000682970879659392
2000-09-05,0.017273790651594713
2000-09-06,-0.004040606852932074
2000-09-07,-0.008269626933978515
2000-09-08,0.027560346676663086
2000-09-11,-0.014364703832341784
2000-09-12,-0.015556245651831679
2000-09-13,0.0014248276009514796
2000-09-14,-0.01609306960678087
2000-09-15,-0.008898407110260333
2000-09-18,-0.007982641393357779
2000-09-19,-0.004556397777509033
2000-09-20,0.007967290642761825
2000-09-21,-6.766197350823941e-05
2000-09-22,-0.009189593621662261
2000-09-25,-0.011074799646117761
2000-09-26,0.015182011805022322
2000-09-27,-0.015230875109563493
2000-09-28,-0.008889803450999236
2000-09-29,0.003172202385585878
2000-10-02,-0.009803558665279459
2000-10-03,-0.013200506266164983
2000-10-04,0.018072235070389152
2000-10-05,0.0020653009312671007
2000-10-06,0.006314543347755296
2000-10-09,0.004374478276037708
2000-10-10,0.0003494724770331942
2000-10-11,0.018951523068698697
2000-10-12,-0.01293194463670795
2000-10-13,0.01240675932332911
2000-10-16,0.025768861134922993
2000-10-17,0.023780942733320987
2000-10-18,-0.006278887172280166
2000-10-19,-0.011795858822730966
2000-10-20,0.025331762288530832
2000-10-23,0.003634189147573963
2000-10-24,0.003637201897603335
2000-10-25,0.02386139354844885
2000-10-26,0.0017544222513607224
2000-10-27,-0.002855451123661333
2000-10-30,-0.005134225563229074
2000-10-31,-0.009801410098602007
2000-11-01,0.00035067733786222147
2000-11-02,-0.0010062737094322267
2000-11-03,0.009150897965869091
2000-11-06,-0.008925736029522012
2000-11-07,0.00994272969148595
2000-11-08,-0.011625639406027476
2000-11-09,-0.009506762638944111
2000-11-10,-0.005776058494813486
2000-11-13,-0.0004225018373429125
2000-11-14,0.0018619948393263884
2000-11-15,0.015577755881759317
2000-11-16,0.015340270421557806
2000-11-17,0.0050713610312696465
2000-11-20,0.0018376693956721063
2000-11-21,-0.007933344889404042
2000-11-22,-0.01232068399200422
2000-11-23,0.00035538937767813986
2000-11-24,0.024268434368475138
2000-11-27,0.0029871453850022385
2000-11-28,-0.005430191043715456
2000-11-29,0.00681223532408427
2000-11-30,0.01623476284794681
2000-12-01,-0.010309169035803182
2000-12-04,0.03172508654200472
2000-12-05,0.029033278137407997
2000-12-06,-0.013856927740112771
2000-12-07,-0.004421586631647743
2000-12-08,-0.016872935528437345
2000-12-11,0.0037530151746786936
2000-12-12,-0.008040644549068856
2000-12-13,-0.011493475390422331
2000-12-14,-0.0010025137566734288
2000-12-15,-0.0062226011763988134
2000-12-18,-0.0033275390146704185
2000-12-19,0.0007806689489584066
2000-12-20,-0.005490486150450131
2000-12-21,0.0001244350643148373
2000-12-22,-0.003409978979764295
2000-12-25,0.007922392623441778
2000-12-26,-0.010467058049118225
2000-12-27,-0.004607030068418023
2000-12-28,0.011211640524032819
2000-12-29,0.008084021938868959
2001-01-01,-0.002985618643159091
2001-01-02,-0.008781580116242237
2001-01-03,-0.009349246564253145
2001-01-04,0.010053960034202017
2001-01-05,-0.02214821161131099
2001-01-08,0.003183782930400128
2001-01-09,-0.008174960344602984
2001-01-10,0.008690785227086169
2001-01-11,-0.016605554016035588
2001-01-12,-0.011386555976370451
2001-01-15,-0.0038860731727449853
2001-01-16,0.0012515317123813624
2001-01-17,-0.00312366706809742
2001-01-18,-0.014380543500634557
2001-01-19,-0.006929763203329761
2001-01-22,-0.00977873758126473
2001-01-23,-0.008554295752374555
2001-01-24,0.007527518189544925
2001-01-25,0.004796248359794083
2001-01-26,-0.001167160658920502
2001-01-29,0.006822557569262543
2001-01-30,0.02418059976685507
2001-01-31,0.03479239865517673
2001-02-01,0.012533193028831567
2001-02-02,-0.000276842229992344
2001-02-05,-0.0067868979795875466
2001-02-06,-0.012602806804546013
2001-02-07,-0.015294119481998178
2001-02-08,-0.015789893136902673
2001-02-09,-0.008252001822963404
2001-02-12,0.0016474437189885165
2001-02-13,0.006579436688370403
2001-02-14,-0.005841440359455104
2001-02-15,-0.004063701863942754
2001-02-16,0.0033096126438172564
2001-02-19,-0.015397074519428415
2001-02-20,-0.01770533569249713
2001-02-21,-0.014708654079393778
2001-02-22,0.013595366547612425
2001-02-23,-0.00962679593150435
2001-02-26,0.009247653606365348
2001-02-27,-0.018933276502163233
2001-02-28,-0.004045148175670893
2001-03-01,0.014562718348316996
2001-03-02,-0.0008774959614784653
2001-03-05,-0.012243385837337376
2001-03-06,-0.00843545493956551
2001-03-07,-0.014525965534905077
2001-03-08,0.001143326125879876
2001-03-09,0.023694485440237188
2001-03-12,-0.0008470052917780094
2001-03-13,0.015804262443265937
2001-03-14,0.005451623337514623
2001-03-15,-0.008153121712352381
2001-03-16,-0.011726895007364301
2001-03-19,-0.013154788875172267
2001-03-20,-0.014609171151149652
2001-03-21,-0.009420400118695736
2001-03-22,0.015020192275423977
2001-03-23,-0.007839671996441724
2001-03-26,-0.013132292774818605
2001-03-27,0.01851057345880329
2001-03-28,-0.0036646764183462313
2001-03-29,0.004881460927030488
2001-03-30,0.00031316753060712035
2001-04-02,-0.012864876852598366
2001-04-03,-0.005853461322812271
2001-04-04,-0.0010007197404312065
2001-04-05,0.025172919031839054
2001-04-06,-0.006760908969744357
2001-04-09,0.012855759065239877
2001-04-10,0.017995272560113282
2001-04-11,0.0014241900751734426
2001-04-12,-0.0062247611745546785
2001-04-13,-0.010762430204694516
2001-04-16,0.02146325933968913
2001-04-17,0.0007552523155101437
2001-04-18,0.0006097102126984486
2001-04-19,-0.0035486000166203707
2001-04-20,0.013846103843600271
2001-04-23,-0.003531820474332599
2001-04-24,0.0007330652795815504
2001-04-25,-0.0019539877718562464
2001-04-26,0.000894472762475406
2001-04-27,0.01920049776416742
2001-04-30,0.002520262337701154
2001-05-01,-0.015004988008066279
2001-05-02,0.008271114213557765
2001-05-03,-0.009638803751023469
2001-05-04,-0.0014203465179056865
2001-05-07,0.009756031024412179
2001-05-08,-0.005564585130338234
2001-05-09,0.005946863700147024
2001-05-10,0.017441003258753328
2001-05-11,0.006656917527006263
2001-05-14,-0.0025101668243236383
2001-05-15,-0.008604928829133331
2001-05-16,-0.013588184754683801
2001-05-17,-0.005101902629618779
2001-05-18,-0.006501899316265512
2001-05-21,0.005080535817646198
2001-05-22,-0.014420025907862538
2001-05-23,0.0030082362294286714
2001-05-24,-0.013511382451658867
2001-05-25,0.0035577336634955298
2001-05-28,-0.017262873040551723
2001-05-29,-0.008667703780992474
2001-05-30,-0.0013823010203892448
2001-05-31,-0.0031625910944910775
2001-06-01,0.018286251418693743
2001-06-04,0.02008468995805101
2001-06-05,0.020515075596897567
2001-06-06,0.004946982907950464
2001-06-07,-0.005674019152919665
2001-06-08,-0.0018144052234602553
2001-06-11,-0.0024266788033861057
2001-06-12,-0.01009140503869106
2001-06-13,-0.01896073558677385
2001-06-14,0.015582028654267319
2001-06-15,0.029107080307755516
2001-06-18,-0.0022116086902294677
2001-06-19,0.06768297092675742
2001-06-20,-0.0101302558976065
2001-06-21,0.008506512744200577
2001-06-22,-0.012850863610454764
2001-06-25,0.0035260702168192527
2001-06-26,-0.007482949124767865
2001-06-27,0.004761396260003572
2001-06-28,-0.009186571352602792
2001-06-29,-0.007891093607745474
2001-07-02,-0.01256531512245175
2001-07-03,0.004396256345751862
2001-07-04,-0.0192380215628377
2001-07-05,0.010495414745649127
2001-07-06,-0.002238480148579372
2001-07-09,0.007202327682723102
2001-07-10,-0.014691584009652571
2001-07-11,0.01830773785829482
2001-07-12,-0.006377042004700656
2001-07-13,0.011170480173298025
2001-07-16,-0.007985856404665367
2001-07-17,0.0012646361826513935
2001-07-18,-0.011516463443570364
2001-07-19,-0.006253768332653436
2001-07-20,0.001688916237419874
2001-07-23,0.03366450773213202
2001-07-24,0.02752425186583101
2001-07-25,-0.002821668497277406
2001-07-26,-0.003629469160787928
2001-07-27,0.004333806804095841
2001-07-30,-0.005414530514599149
2001-07-31,0.001118923354319925
2001-08-01,0.008257030723162216
2001-08-02,0.01199257072365504
2001-08-03,0.011550746552494377
2001-08-06,0.006661824064236148
2001-08-07,-0.010787284762525535
2001-08-08,0.002672638578726051
2001-08-09,-0.00850582167977219
2001-08-10,0.012064590653473747
2001-08-13,-0.008214158946932143
2001-08-14,0.01141916024864463
2001-08-15,-0.0019111071276667786
2001-08-16,-0.014663488923771024
2001-08-17,0.028567147323690895
2001-08-20,-0.00031979284743506933
2001-08-21,0.0023897750667158553
2001-08-22,-0.0034132140275657218
2001-08-23,-0.005018488573607923
2001-08-24,-0.004169665043770161
2001-08-27,0.012434511256230962
2001-08-28,-0.009703838239854573
2001-08-29,0.0012228728745677375
2001-08-30,0.0028255448600363817
2001-08-31,-0.01228151328395042
2001-09-03,0.0012024969177584013
2001-09-04,-0.0043245499408774805
2001-09-05,-0.018575955227734312
2001-09-06,-0.010959492461824566
2001-09-07,0.007227524817355016
2001-09-10,0.021753116309622747
2001-09-11,0.0011641112392504135
2001-09-12,0.00439434105601972
2001-09-13,-0.004373274442495894
2001-09-14,-0.008646915042639817
2001-09-17,0.003514435034705027
2001-09-18,0.02477507019767
2001-09-19,0.021421001221369848
2001-09-20,-0.00863690616467157
2001-09-21,-0.008687093966410138
2001-09-24,-0.0027416318399969136
2001-09-25,-0.01136003527023321
2001-09-26,-0.0185179266309511
2001-09-27,0.028584896464062856
2001-09-28,0.019822491579591664
2001-10-01,0.0038966324418820072
2001-10-02,-0.002838900917749701
2001-10-03,-0.01337130330889328
2001-10-04,0.0027248809549945026
2001-10-05,0.0009296666207193674
2001-10-08,0.006809809034747719
2001-10-09,-0.005483094128413312
2001-10-10,0.007309805369553619
2001-10-11,0.009159166597304182
2001-10-12,0.00852744555117857
2001-10-15,1.6377912226181457e-05
2001-10-16,0.010155328972937229
2001-10-17,-0.005938959872227319
2001-10-18,-0.0005204329734835346
2001-10-19,-0.00528426732015708
2001-10-22,-0.01235790312861862
2001-10-23,-0.0049461513500659755
2001-10-24,-0.0038501381547126
2001-10-25,-0.004699575177316843
2001-10-26,0.0010271588818764367
2001-10-29,-0.004426006959000649
2001-10-30,-0.011932342697856086
2001-10-31,0.0014001586313559973
2001-11-01,-0.01547797526762257
2001-11-02,-0.001847407306462226
2001-11-05,0.0033579145673495736
2001-11-06,-0.002360196855844803
2001-11-07,-0.01913394406894514
2001-11-08,-0.0013625208235682577
2001-11-09,-0.0007366638533128494
2001-11-12,0.010767900896033168
2001-11-13,0.031646987820848516
2001-11-14,0.006146764368867401
2001-11-15,0.013860650855849803
2001-11-16,-0.01586529635385449
2001-11-19,0.011929826912638476
2001-11-20,0.004665531248421839
2001-11-21,0.01234879651411
2001-11-22,-0.015691814509756943
2001-11-23,-0.010584291604448355
2001-11-26,-0.000624842852292553
2001-11-27,-0.009491210279402834
2001-11-28,-0.001731582287965723
2001-11-29,-0.012490062717772204
2001-11-30,0.00727086185481117
2001-12-03,0.0043043132551312605
2001-12-04,-0.002656242369610453
2001-12-05,-0.007112950372319456
2001-12-06,0.012892028917680765
2001-12-07,0.0025045530790346812
2001-12-10,-0.011042694465953216
2001-12-11,-0.004221107784237947
2001-12-12,-0.00567655533573657
2001-12-13,0.009574660219524855
2001-12-14,-0.013065406135841279
2001-12-17,0.04035884053787617
2001-12-18,0.02974680141561563
2001-12-19,0.033149616663048075
2001-12-20,0.01368534325864465
2001-12-21,0.009252738863884204
2001-12-24,-0.0020934302446411653
2001-12-25,-0.00253827758827185
2001-12-26,0.008954338264295932
2001-12-27,0.01053553700294392
2001-12-28,0.006188051012679302
2001-12-31,-0.0015501360936846231
2002-01-01,0.0011069556341861686
2002-01-02,-0.0009321140831179339
2002-01-03,0.0008206512090850222
2002-01-04,-0.009858558154834935
2002-01-07,-0.0028670636777918222
2002-01-08,0.008782278672105723
2002-01-09,0.002355592764510559
2002-01-10,0.02573985449671428
2002-01-11,0.008389804896544222
2002-01-14,0.021047189686427492
2002-01-15,-0.001140547105804482
2002-01-16,-0.009947337173124482
2002-01-17,-0.013139264666718388
2002-01-18,0.011243990317597485
2002-01-21,0.01521942474230479
2002-01-22,0.014745147560028253
2002-01-23,-0.008897611527736658
2002-01-24,-0.01665177233399636
2002-01-25,-0.002430397644475068
2002-01-28,0.009577152467192193
2002-01-29,-0.0028563921112405577
2002-01-30,0.006736089279153271
2002-01-31,-0.011894872005668869
2002-02-01,0.0009559822267704784
2002-02-04,-0.011891005737075645
2002-02-05,-0.01319340716264395
2002-02-06,0.012169076367134761
2002-02-07,0.016708319421213508
2002-02-08,-0.005477092166250922
2002-02-11,-0.0027933977898747103
2002-02-12,-0.012497189463741122
2002-02-13,-0.0042766833540600485
2002-02-14,0.01979831395642189
2002-02-15,-0.005022799142701522
2002-02-18,0.0006340152267621767
2002-02-19,0.02143151123886118
2002-02-20,-0.00481585876909052
2002-02-21,-0.010347144429507571
2002-02-22,-0.012404417322496248
2002-02-25,-0.003978691956542095
2002-02-26,0.0023578924178769174
2002-02-27,0.022733222517484948
2002-02-28,0.0014623189428280628
2002-03-01,0.007147852623893856
2002-03-04,0.007092041724521159
2002-03-05,0.006831492695548176
2002-03-06,-0.0009607601015044903
2002-03-07,-0.011853683003490035
2002-03-08,-0.0013675601667315247
2002-03-11,-0.0013874059968893813
2002-03-12,0.013248548060530968
2002-03-13,-0.001042992757241755
2002-03-14,0.012178955706027575
2002-03-15,0.006804109530844791
2002-03-18,-0.0008313247746550706
2002-03-19,-0.010481352273473106
2002-03-20,-0.007207497367177646
2002-03-21,0.007500382708059736
2002-03-22,-0.0140047700431587
2002-03-25,-0.002771389192506527
2002-03-26,-0.010489602808769812
2002-03-27,-0.0019247468459351533
2002-03-28,0.012283275690674049
2002-03-29,0.021858041683278984
2002-04-01,-0.0073320421082615425
2002-04-02,0.010831797134337025
2002-04-03,0.0006422836155238164
2002-04-04,-0.017599561869154273
2002-04-05,0.006918748040437218
2002-04-08,0.0008011654540904141
2002-04-09,0.02810061549292759
2002-04-10,0.0280095936640202
2002-04-11,-0.007993374540770936
2002-04-12,-0.016920608645104952
2002-04-15,-0.002960474933255238
2002-04-16,-0.011445827185273674
2002-04-17,0.001312632126116306
2002-04-18,-0.016981950476290093
2002-04-19,0.005474805991588404
2002-04-22,0.0020486802842341854
2002-04-23,-0.014032855891826502
2002-04-24,0.017990675596849443
2002-04-25,0.0071995597863277125
2002-04-26,0.004094519397259702
2002-04-29,-0.004931299269805626
2002-04-30,0.0068137629762738475
2002-05-01,0.004722490784183266
2002-05-02,0.0056353501340203165
2002-05-03,-0.007473165644774595
2002-05-06,-0.017036907541391186
2002-05-07,-0.004279339895169609
2002-05-08,0.010786712692519136
2002-05-09,-0.008125676191447051
2002-05-10,-0.0038935047125263737
2002-05-13,-0.015362273632516247
2002-05-14,0.0015069443429110395
2002-05-15,-0.004439844899906842
2002-05-16,0.004474985131471151
2002-05-17,0.0017459286387752349
2002-05-20,-0.004481877267640062
2002-05-21,0.00031291664434741906
2002-05-22,-0.010855141192121432
2002-05-23,-0.015058819368630644
2002-05-24,-0.0012696179203330223
2002-05-27,-0.00686942772177725
2002-05-28,0.008254237049486454
2002-05-29,-0.004310684649652469
2002-05-30,-0.009065165025524421
2002-05-31,0.0060610156655511276
2002-06-03,-0.0019294915806068805
2002-06-04,0.03950970471276902
2002-06-05,0.005419237816878801
2002-06-06,0.007073533483160498
2002-06-07,-0.01188225725895325
2002-06-10,0.0006317806855798656
2002-06-11,-0.0021430884120347306
2002-06-12,-0.010873670275874043
2002-06-13,0.019388634201257887
2002-06-14,0.006776518014357174
2002-06-17,-0.008364365537033621
2002-06-18,0.0017864837228671465
2002-06-19,0.004745250498679743
2002-06-20,0.0039543369753704816
2002-06-21,0.016681516165571716
2002-06-24,-0.021265006409279943
2002-06-25,-0.00647423705326846
2002-06-26,0.005616356633004506
2002-06-27,0.0017331984057673416
2002-06-28,-0.004753963387828863
2002-07-01,-0.011601308025645267
2002-07-02,0.024842434281736506
2002-07-03,-0.0015896281158785767
2002-07-04,-0.010146014385961208
2002-07-05,0.025719724689215802
2002-07-08,-0.008134757353367397
2002-07-09,0.014751916472756484
2002-07-10,-0.009808383645037496
2002-07-11,-0.013157451734531868
2002-07-12,0.02746877300583237
2002-07-15,-0.010866004199347419
2002-07-16,-0.007188877358061389
2002-07-17,-0.006403489854864709
2002-07-18,0.03685932258977316
2002-07-19,-0.0038022698840288922
2002-07-22,-0.006971961281473354
2002-07-23,-0.00225354370883837
2002-07-24,0.012323242657134512
2002-07-25,0.0016584334067955425
2002-07-26,0.013618171529426605
2002-07-29,-0.016605556849198722
2002-07-30,-0.010720477374024397
2002-07-31,0.01531916673523373
2002-08-01,-0.01389296105500042
2002-08-02,-0.010069445100539363
2002-08-05,0.01781746705910854
2002-08-06,-0.004282055535794714
2002-08-07,-0.015417454011632569
2002-08-08,0.002319400988018229
2002-08-09,-0.008712577116180875
2002-08-12,-0.013322983638964265
2002-08-13,-0.01085686041665473
2002-08-14,-0.0113218507555285
2002-08-15,-0.00039717204695774097
2002-08-16,-0.0018973568960992983
2002-08-19,0.014634507876237712
2002-08-20,-0.007707877925995671
2002-08-21,-0.008741510935930792
2002-08-22,-0.01737680035861389
2002-08-23,-0.01318714803194535
2002-08-26,-0.004476306537095201
2002-08-27,0.0020347969028092147
2002-08-28,0.005596099125257013
2002-08-29,-0.003509615008871675
2002-08-30,-0.008912069651230193
2002-09-02,-0.00043184266918935843
2002-09-03,-0.011428159869482835
2002-09-04,0.0022434200066445073
2002-09-05,0.0430865677173934
2002-09-06,-0.0009053721032621122
2002-09-09,-0.013041824985474595
2002-09-10,0.010996569898606187
2002-09-11,-0.007512944017460395
2002-09-12,-0.010516695732072364
2002-09-13,0.010293584322440173
2002-09-16,-0.005003019573312808
2002-09-17,-0.0006025357467235176
2002-09-18,-0.01946948296337733
2002-09-19,-0.000832483361490572
2002-09-20,0.0013209762501746325
2002-09-23,0.003998905763882208
2002-09-24,0.02179529137798207
2002-09-25,-0.0020524678477773436
2002-09-26,-0.012152789434119193
2002-09-27,-0.015709191039373408
2002-09-30,-0.01207941030739697
2002-10-01,-0.0019553720726407063
2002-10-02,-0.005748537443830314
2002-10-03,0.010305896720539921
2002-10-04,0.015719919867942425
2002-10-07,-0.010485357692246572
2002-10-08,-0.011234086781599185
2002-10-09,-0.013550151227892597
2002-10-10,0.011574326326471186
2002-10-11,-0.009942241200226081
2002-10-14,0.00023514062556443185
2002-10-15,0.00365332859566243
2002-10-16,-0.008714164738383472
2002-10-17,-0.004015620480683629
2002-10-18,-0.007982627510541712
2002-10-21,-0.011871727816094269
2002-10-22,0.0009988792090773434
2002-10-23,0.004090199901391471
2002-10-24,0.002047941661066425
2002-10-25,0.004627039558553887
2002-10-28,-0.014192819888112948
2002-10-29,-0.00962380629806759
2002-10-30,-0.003648810193034452
2002-10-31,-0.011742087576316333
2002-11-01,-0.004050411123348623
2002-11-04,-0.0038408226478421487
2002-11-05,0.028373140480308437
2002-11-06,-0.014794654540706664
2002-11-07,-0.0010447389761597849
2002-11-08,0.007940934217525501
2002-11-11,-0.012596305892548235
2002-11-12,0.0019165532743572501
2002-11-13,-0.009149840343595589
2002-11-14,-0.002985202199270308
2002-11-15,0.02363466477542124
2002-11-18,0.00477181359661449
2002-11-19,0.013893286313136605
2002-11-20,-0.00761470907025762
2002-11-21,-0.0029144409415040942
2002-11-22,0.03420406487955968
2002-11-25,0.04722095080261092
2002-11-26,-0.0006734072915382354
2002-11-27,-0.004564450694758752
2002-11-28,0.015048220144036555
2002-11-29,-0.004890078808296065
2002-12-02,-0.012679629088804005
2002-12-03,-0.0007401951069249922
2002-12-04,0.009184874787975673
2002-12-05,0.004561736958302254
2002-12-06,-0.009566086355451258
2002-12-09,-0.0002550157631266009
2002-12-10,0.027364783861212064
2002-12-11,-0.002836367497603
2002-12-12,0.009919117328825174
2002-12-13,-0.009778780197590648
2002-12-16,0.02135009369790318
2002-12-17,0.011592980935915397
2002-12-18,-0.0037459484188791213
2002-12-19,-0.007797607189699792
2002-12-20,-0.008408582082540899
2002-12-23,0.0018736270062037035
2002-12-24,0.025054090803308435
2002-12-25,-0.020930720101067255
2002-12-26,0.013862757210263955
2002-12-27,0.006744789667361903
2002-12-30,-0.009167859130186857
2002-12-31,-0.006926640040035511
2003-01-01,-0.011631483098028307
2003-01-02,0.0004333572561830007
2003-01-03,0.005036195209388396
2003-01-06,-0.004810044124572938
2003-01-07,0.019020442794397102
2003-01-08,0.052357761405900316
2003-01-09,0.005262069727855992
2003-01-10,0.006921501236383555
2003-01-13,0.0019487071586284412
2003-01-14,-0.003387001093171898
2003-01-15,-0.01143469736259497
2003-01-16,0.007278957398053329
2003-01-17,0.0036073108185356653
2003-01-20,-0.01091003557169464
2003-01-21,-0.01509965047272496
2003-01-22,-0.0013393726563838484
2003-01-23,0.008338244192657579
2003-01-24,-0.0020263543083564386
2003-01-27,-0.009246677555537673
2003-01-28,0.01611357151034047
2003-01-29,0.012105069512629539
2003-01-30,-0.015577125755266197
2003-01-31,0.0012443449058056992
2003-02-03,-0.0054122382694567275
2003-02-04,-0.0065045680663633094
2003-02-05,-0.008853335246680062
2003-02-06,-0.0008483341915927721
2003-02-07,-0.0068025081871252654
2003-02-10,-0.01255445617475653
2003-02-11,-0.018365489732142956
2003-02-12,0.001990465136246601
2003-02-13,-0.01806992146685947
2003-02-14,-0.009074086807964496
2003-02-17,0.003494011443572049
2003-02-18,0.003151479323082594
2003-02-19,0.01323226905913956
2003-02-20,-0.005864543719726771
2003-02-21,0.01402470884166599
2003-02-24,0.007837847940443309
2003-02-25,-0.012626748098861718
2003-02-26,0.024733625888314292
2003-02-27,-0.0034197623455705373
2003-02-28,0.011199336569956767
2003-03-03,0.021016444393243162
2003-03-04,0.01567480411460101
2003-03-05,-0.010893304927577055
2003-03-06,-0.005392896888614541
2003-03-07,-0.006387769900175217
2003-03-10,0.0049142513055506175
2003-03-11,0.004755695919974035
2003-03-12,-0.006094831245210243
2003-03-13,-0.0010783778782462138
2003-03-14,0.024389551336337488
2003-03-17,0.0615312950273236
2003-03-18,0.022837172493134952
2003-03-19,-0.003692709124781656
2003-03-20,-0.0043782509312114
2003-03-21,-0.015648544563660334
2003-03-24,-0.014283868953683682
2003-03-25,-0.0035004677224867477
2003-03-26,-0.005414408218882623
2003-03-27,0.015083765320086165
2003-03-28,-0.013166068441019111
2003-03-31,0.011060717384401723
2003-04-01,-0.0139628516913667
2003-04-02,-0.014327730399296142
2003-04-03,-0.013777671811963833
2003-04-04,0.003262883940199593
2003-04-07,0.009127321326790484
2003-04-08,-0.0006474694508172181
2003-04-09,-0.008341751233491995
2003-04-10,-0.0071945059686472045
2003-04-11,0.02951505126425285
2003-04-14,-0.003742894891274627
2003-04-15,-0.0010098962970353786
2003-04-16,-0.002034198968041117
2003-04-17,0.00479324384670168
2003-04-18,0.0011506224892948481
2003-04-21,0.004664153093663755
2003-04-22,0.0066891574419442705
2003-04-23,0.0105257971267455
2003-04-24,0.017382933797983544
2003-04-25,0.013661837594001129
2003-04-28,0.001742192781955535
2003-04-29,0.017191709718047378
2003-04-30,0.0001238082998076956
2003-05-01,0.004017184135979766
2003-05-02,0.016828213539312097
2003-05-05,-0.01234335241324227
2003-05-06,0.010161114426120416
2003-05-07,-0.008969619487692466
2003-05-08,-0.0002567989764324652
2003-05-09,-0.009021897665741246
2003-05-12,-0.010845990420552759
2003-05-13,0.003613709050340426
2003-05-14,0.07388376254575416
2003-05-15,0.020067966714243088
2003-05-16,0.008917572207265315
2003-05-19,0.01908025093677672
2003-05-20,-0.01838335617974276
2003-05-21,-0.008358649208646842
2003-05-22,-0.011838085238366667
2003-05-23,0.0012622163629610987
2003-05-26,-0.00870805259067396
2003-05-27,0.0058247989241132815
2003-05-28,0.013267719507564162
2003-05-29,0.02772882391593994
2003-05-30,0.01814442177795972
2003-06-02,0.010305264364827947
2003-06-03,0.013638977407762432
2003-06-04,9.254250169454803e-06
2003-06-05,-0.009609000978632454
2003-06-06,-0.001157134629285829
2003-06-09,0.010837978570198262
2003-06-10,-0.014131760419539117
2003-06-11,-0.012464025558152425
2003-06-12,-0.009867367232159913
2003-06-13,0.04040069036538922
2003-06-16,0.003844934296671109
2003-06-17,-0.005729614681366405
2003-06-18,0.011433870081822048
2003-06-19,-0.017224476424807435
2003-06-20,0.01644275807711936
2003-06-23,-0.014977710287796403
2003-06-24,0.00014114508574127396
2003-06-25,-0.0024100725646063054
2003-06-26,0.0050194120201875435
2003-06-27,-0.003822042728933484
2003-06-30,-0.011992296043291445
2003-07-01,0.032774553947984515
2003-07-02,-0.009962966383169312
2003-07-03,-0.007161307330418216
2003-07-04,5.029981809446735e-05
2003-07-07,-0.010815433849550957
2003-07-08,0.010046998517771126
2003-07-09,-0.00974761072400383
2003-07-10,0.007909391591281054
2003-07-11,0.0006810302187656332
2003-07-14,-0.005301671399741432
2003-07-15,-0.007288299944881931
2003-07-16,-0.002903303766358778
2003-07-17,0.012063181434199974
2003-07-18,-0.013650528343866528
2003-07-21,0.0022837261916972204
2003-07-22,0.03895069064829079
2003-07-23,0.0007094332860240506
2003-07-24,0.029853158905450372
2003-07-25,0.0018210055705877512
2003-07-28,0.00011951996987608765
2003-07-29,0.0008213123456935166
2003-07-30,0.008268128513748675
2003-07-31,0.0017813485739595
2003-08-01,-0.0038900890688086213
2003-08-04,-0.008786284759570865
2003-08-05,-0.01097170048313693
2003-08-06,0.018792144159335188
2003-08-07,-0.0011918521411209242
2003-08-08,0.005198259304234537
2003-08-11,0.02232116895825932
2003-08-12,-0.00703652829259448
2003-08-13,0.002671708468116315
2003-08-14,0.0064484947558584235
2003-08-15,0.0006381487416867067
2003-08-18,0.014191069518798491
2003-08-19,0.007374886780559191
2003-08-20,-0.0017313435542534068
2003-08-21,0.0032000473530051296
2003-08-22,0.02399743770741144
2003-08-25,-0.014280396468361304
2003-08-26,0.0012584060136581685
2003-08-27,0.008205715468806253
2003-08-28,-0.003685840217387149
2003-08-29,0.004027063369491997
2003-09-01,0.004876800429532226
2003-09-02,-0.001991117872911851
2003-09-03,-0.011403746187439874
2003-09-04,0.0035482374685074716
2003-09-05,-0.013545412255312856
2003-09-08,0.02367371530279421
2003-09-09,0.00678148780212463
2003-09-10,0.012269464819033328
2003-09-11,-0.011777372682106943
2003-09-12,-0.0005037982532064139
2003-09-15,0.00433038932018669
2003-09-16,-0.006816804885215924
2003-09-17,0.01979002943401942
2003-09-18,0.0009979389400935727
2003-09-19,-0.001863554877864694
2003-09-22,0.009804785356854376
2003-09-23,0.0016526923711219325
2003-09-24,-0.001648641716264023
2003-09-25,0.0009007675419077307
2003-09-26,0.0020298274117333433
2003-09-29,0.02468396958570497
2003-09-30,-0.007856361182796076
2003-10-01,-0.005670175209515998
2003-10-02,-0.006940406070524471
2003-10-03,0.004689292411008083
2003-10-06,0.005326605804314842
2003-10-07,0.009079344044642522
2003-10-08,-0.002526459053402968
2003-10-09,-0.019360545081584135
2003-10-10,-0.02106944558650438
2003-10-13,0.0076462576051425715
2003-10-14,-0.002229373817277905
2003-10-15,0.005114407632038798
2003-10-16,-3.2265188124470934e-05
2003-10-17,-0.004966612124074177
2003-10-20,-0.0023801964095831983
2003-10-21,-0.0042847046208104415
2003-10-22,-0.00384765222641233
2003-10-23,-0.0002481185000571193
2003-10-24,-0.009218368492090602
2003-10-27,-0.007742796275726438
2003-10-28,-0.001820038116122736
2003-10-29,-0.005961415322084804
2003-10-30,-0.008030274128760749
2003-10-31,-0.008596522702139743
2003-11-03,0.01451732386822606
2003-11-04,-0.0028899348966650792
2003-11-05,-0.005177018619998253
2003-11-06,0.005750559603826977
2003-11-07,-0.013290457696241244
2003-11-10,-0.014731521720964175
2003-11-11,0.00572058649139787
2003-11-12,0.015677858174824186
2003-11-13,-0.005998800674648266
2003-11-14,-0.007719065716885364
2003-11-17,-0.0014181035723952636
2003-11-18,-0.0017560667682313368
2003-11-19,0.04013116249976727
2003-11-20,-0.006435567233833178
2003-11-21,-0.004379927848672676
2003-11-24,-0.0061193227872921065
2003-11-25,-0.0028548298125082652
2003-11-26,-0.013234327801446068
2003-11-27,-0.004703997101761712
2003-11-28,0.0073443031061047395
2003-12-01,-0.006488341828124473
2003-12-02,-0.016692558439373846
2003-12-03,-0.0024588146169299933
2003-12-04,-0.012986913766018819
2003-12-05,-0.008824788206578785
2003-12-08,-0.012406736901969511
2003-12-09,-0.0035657244831006248
2003-12-10,0.0036486778011338115
2003-12-11,0.01749518767547
2003-12-12,-0.010376626568263613
2003-12-15,-0.01729951422570501
2003-12-16,0.00861823078948213
2003-12-17,-0.016434856993793358
2003-12-18,-0.00914810692314455
2003-12-19,-0.012043440154764636
2003-12-22,0.0050349847491417375
2003-12-23,0.005124486878953397
2003-12-24,0.01693843445151537
2003-12-25,0.01054873350615975
2003-12-26,0.0029704302386294006
2003-12-29,-0.006596851882737547
2003-12-30,-0.0055099025885167775
2003-12-31,-0.0127739039324562
2004-01-01,-0.009181917108528137
2004-01-02,0.011948264755660909
2004-01-05,0.007765598281237025
2004-01-06,0.0024843979270521045
2004-01-07,-0.007507465529083199
2004-01-08,-0.00016403074453672298
2004-01-09,0.005505057400162914
2004-01-12,-0.006275075074742769
2004-01-13,0.013726298697716494
2004-01-14,0.004351889582908067
2004-01-15,0.00030087038468372754
2004-01-16,0.00143321139073848
2004-01-19,0.0016220270118049995
2004-01-20,-0.007994190083488485
2004-01-21,-0.01713688634892562
2004-01-22,-0.013364907820886384
2004-01-23,-0.009448338218907278
2004-01-26,-0.011435661786332027
2004-01-27,0.001837508642691263
2004-01-28,-0.011512398796695422
2004-01-29,0.010551781509896732
2004-01-30,-0.005737503650187315
2004-02-02,0.0005976464421425451
2004-02-03,-0.008256735945221243
2004-02-04,0.0138929073260484
2004-02-05,0.005413816660957256
2004-02-06,-0.009120824718497367
2004-02-09,0.00478433730313314
2004-02-10,-0.006396762372859636
2004-02-11,0.010322020389844179
2004-02-12,-0.006205124836675367
2004-02-13,0.002738921517799947
2004-02-16,0.013990372749986227
2004-02-17,0.003375528977251775
2004-02-18,0.037002801388263264
2004-02-19,-0.007570042588539699
2004-02-20,0.0032138204969440233
2004-02-23,-0.009241377392533256
2004-02-24,0.0106311131315011
2004-02-25,0.002730915886108475
2004-02-26,-0.01584955182015077
2004-02-27,0.01591299220795847
2004-03-01,0.002036012924726601
2004-03-02,0.012741806630689842
2004-03-03,0.008381179115656445
2004-03-04,0.009455221929206739
2004-03-05,0.004805555747106147
2004-03-08,-0.008900720416154856
2004-03-09,0.029097335098668763
2004-03-10,-0.011940557810190225
2004-03-11,-0.006814082419400309
2004-03-12,-0.010940805030365892
2004-03-15,-0.0008208081302771633
2004-03-16,-0.013534025112624993
2004-03-17,-0.016184916287360514
2004-03-18,0.003648078128907977
2004-03-19,0.012707287377715072
2004-03-22,0.013000223235309333
2004-03-23,-0.011971752413315473
2004-03-24,0.0015202391379864622
2004-03-25,-0.0053875336240149195
2004-03-26,0.012272563429367396
2004-03-29,0.002132459539468688
2004-03-30,0.009895179489418052
2004-03-31,0.009176194941818136
2004-04-01,0.004759164334438251
2004-04-02,0.011952958973278062
2004-04-05,-0.018879369580033323
2004-04-06,-0.0005607612098978663
2004-04-07,-0.009461798168506334
2004-04-08,-0.017018355640542986
2004-04-09,0.013550239989285048
2004-04-12,0.022316147055917487
2004-04-13,0.018017577719527784
2004-04-14,0.0025604072615112335
2004-04-15,-0.012889543267635237
2004-04-16,-0.010871439089218228
2004-04-19,-0.012642499919222047
2004-04-20,-0.005676603530525043
2004-04-21,0.012504054453622432
2004-04-22,0.005453091268121397
2004-04-23,0.009566127020395346
2004-04-26,-0.0029595312544957765
2004-04-27,-0.006981157003839011
2004-04-28,-0.01662146340769584
2004-04-29,-0.008629495361939502
2004-04-30,0.0024490975841039847
2004-05-03,-0.010130039626457565
2004-05-04,0.011918980378756182
2004-05-05,-0.0029112414355780304
2004-05-06,-0.007397142250527608
2004-05-07,-0.0006610802779009398
2004-05-10,0.004693189507417008
2004-05-11,-0.0032545562369595306
2004-05-12,-0.015079585151411948
2004-05-13,0.014659084317035775
2004-05-14,0.023396169618847017
2004-05-17,-0.014302974881770951
2004-05-18,-0.005914676047695137
2004-05-19,-0.010328498512385926
2004-05-20,0.0022901862166830114
2004-05-21,0.022901777049434843
2004-05-24,0.02571885580233977
2004-05-25,-0.012586826648786395
2004-05-26,0.004142354022563414
2004-05-27,-0.004837340335794849
2004-05-28,0.023825719144640697
2004-05-31,-0.002200900943401758
2004-06-01,-0.011037774640967377
2004-06-02,-0.0060748065020968245
2004-06-03,-0.0022143180070746775
2004-06-04,0.002724350002502287
2004-06-07,-0.016661649751314928
2004-06-08,-0.013388168923977819
2004-06-09,0.002849703950208813
2004-06-10,-0.006481829849051171
2004-06-11,0.00033592691642065145
2004-06-14,0.000665250774810628
2004-06-15,0.003406069555197268
2004-06-16,-0.01762219175588287
2004-06-17,-0.007509934151658695
2004-06-18,0.010581602987154846
2004-06-21,0.001983779335540014
2004-06-22,-0.011679771396822957
2004-06-23,0.009333422021276301
2004-06-24,-0.015775437882074358
2004-06-25,-0.0027061128970383985
2004-06-28,-0.016868232869034338
2004-06-29,-0.011319286666846605
2004-06-30,-0.008075745754090948
2004-07-01,0.02071229427921638
2004-07-02,0.00787750849709841
2004-07-05,0.003262576615359499
2004-07-06,-0.01162508571205344
2004-07-07,0.002413987337882388
2004-07-08,-0.01793757625089465
2004-07-09,0.002773276581028456
2004-07-12,0.007678154847989838
2004-07-13,-0.004150926193255702
2004-07-14,0.0032932319285150953
2004-07-15,-0.003748233848872365
2004-07-16,-0.014075884640533722
2004-07-19,0.018510960561156524
2004-07-20,0.0330136068371012
2004-07-21,-0.0043818496331932445
2004-07-22,0.001484643946645929
2004-07-23,-0.013033298301568248
2004-07-26,-0.01000958848582559
2004-07-27,0.038554280831211984
2004-07-28,-0.0011552068962656717
2004-07-29,-0.0044439189939952314
2004-07-30,0.0475666796769898
2004-08-02,0.02476569483521871
2004-08-03,-0.009126808899522302
2004-08-04,0.0011105941983206198
2004-08-05,0.023685141699864624
2004-08-06,-0.002845774476440518
2004-08-09,-0.004832850650325338
2004-08-10,-0.007383107692900983
2004-08-11,0.017897932437829202
2004-08-12,-0.01795106279333132
2004-08-13,-0.020977682861554253
2004-08-16,0.00017967635410545343
2004-08-17,0.012600298459136405
2004-08-18,0.011640214718281028
2004-08-19,-0.00476128462152239
2004-08-20,0.0022195280995831214
2004-08-23,-0.010057525878403284
2004-08-24,-0.0027343397155596277
2004-08-25,-0.01914972503621385
2004-08-26,-0.007448226424723998
2004-08-27,0.004671749975934631
2004-08-30,0.007668891729638014
2004-08-31,-0.010579622529041403
2004-09-01,-0.016546532606976576
2004-09-02,-0.003442158376220597
2004-09-03,-0.0058284431708005395
2004-09-06,0.025706476715937204
2004-09-07,0.005244445995614421
2004-09-08,0.014589523538848154
2004-09-09,-0.008051254517195044
2004-09-10,0.02667626500891202
2004-09-13,-0.00873217649617474
2004-09-14,0.010691393099752373
2004-09-15,0.011488221890323419
2004-09-16,0.00020294337032769616
2004-09-17,0.0014384095260453027
2004-09-20,-0.0035442606130550933
2004-09-21,-0.006053940769649005
2004-09-22,-0.0006805560644064339
2004-09-23,0.0032732008804777293
2004-09-24,-0.011669755565608918
2004-09-27,-0.0010959510065402002
2004-09-28,0.01365184207292567
2004-09-29,-0.017468082671453312
2004-09-30,0.013861117770738618
2004-10-01,-0.01549118654231764
2004-10-04,0.005248856576879981
2004-10-05,0.005182349463377013
2004-10-06,-0.008221854502653631
2004-10-07,-0.019519229485033946
2004-10-08,0.0016523285468405847
2004-10-11,0.0033362227807027453
2004-10-12,-0.0006991151490510009
2004-10-13,-0.020002687155883433
2004-10-14,0.00019015903012365581
2004-10-15,-0.001806673614831937
2004-10-18,0.015390534982622925
2004-10-19,0.005031641839033731
2004-10-20,0.026467277849513603
2004-10-21,-0.008802601123973871
2004-10-22,0.016898979631075256
2004-10-25,-0.007785091741799522
2004-10-26,-0.0022479063154147334
2004-10-27,-0.003030404318059149
2004-10-28,-0.011555621734303276
2004-10-29,0.0031485039105492406
2004-11-01,0.011465544215268943
2004-11-02,0.0004865751361152852
2004-11-03,0.016137716118013075
2004-11-04,0.0024297295196126917
2004-11-05,0.04191558785915267
2004-11-08,-0.011804213463282035
2004-11-09,-0.006651404929356019
2004-11-10,-0.0023547108431356614
2004-11-11,0.004716996295053753
2004-11-12,0.00023985329868473834
2004-11-15,0.04153242376691835
2004-11-16,0.023482982644507606
2004-11-17,-0.010455369754702225
2004-11-18,0.0005412134083786178
2004-11-19,0.012363488879042858
2004-11-22,0.013219965785666275
2004-11-23,0.014684628049113517
2004-11-24,-0.010323461832124793
2004-11-25,-0.0026829546561302903
2004-11-26,0.0024448404058771897
2004-11-29,-0.00701605254135278
2004-11-30,-0.009446470587726514
2004-12-01,0.024474529944239425
2004-12-02,-0.006468786878080099
2004-12-03,-0.013024719565669803
2004-12-06,-0.009805821182317086
2004-12-07,-0.005168776928529253
2004-12-08,-0.0055580647786753375
2004-12-09,0.01919028118752933
2004-12-10,-0.009618635841719202
2004-12-13,0.014925493497438429
2004-12-14,-0.0075934003199696586
2004-12-15,0.008793486959116442
2004-12-16,0.0005579150556505041
2004-12-17,-0.0009872611350442706
2004-12-20,0.01511169890865214
2004-12-21,-0.00938550857736257
2004-12-22,-0.006411390758908713
2004-12-23,-0.007022619538103337
2004-12-24,0.03129594563957828
2004-12-27,-0.011816181174174692
2004-12-28,0.013126915635380099
2004-12-29,-0.017796449600651767
2004-12-30,-0.014960276255596644
2004-12-31,0.006546523700423246
2005-01-03,-0.0026536445104325783
2005-01-04,-0.005566430705544731
2005-01-05,-0.00781245085444611
2005-01-06,0.017141360773138513
2005-01-07,0.0027803414939977372
2005-01-10,-0.004221226954695224
2005-01-11,0.014398448949381824
2005-01-12,0.02028238001435883
2005-01-13,-0.00642537012960195
2005-01-14,-0.0100869842926522
2005-01-17,0.007828092114897489
2005-01-18,-0.006575261715418685
2005-01-19,-0.008468084092822747
2005-01-20,0.004619770540114584
2005-01-21,-0.00960257951596125
2005-01-24,0.00936490737671615
2005-01-25,0.003847936556944761
2005-01-26,0.013445884884122246
2005-01-27,0.0004035949978972893
2005-01-28,-0.009575364927373419
2005-01-31,0.003391386879775686
2005-02-01,-0.012900263518562403
2005-02-02,0.021201920992536878
2005-02-03,0.013317637896449762
2005-02-04,0.008941961583989057
2005-02-07,-0.008004717762695825
2005-02-08,0.0004509768471653783
2005-02-09,-0.014397873529683703
2005-02-10,-0.004971196549288549
2005-02-11,0.01754971270114168
2005-02-14,-0.01670919985368441
2005-02-15,0.004057952942525013
2005-02-16,-0.01152005095205972
2005-02-17,-0.0033553096658880607
2005-02-18,-0.019946375840556436
2005-02-21,0.0005430344759564526
2005-02-22,0.003927066934600525
2005-02-23,0.009030398247219337
2005-02-24,0.014378166068323497
2005-02-25,0.009380071020011635
2005-02-28,0.005342969590229146
2005-03-01,0.008526193772455351
2005-03-02,-0.013424104686674997
2005-03-03,-0.007268692115588393
2005-03-04,0.0052392910577515155
2005-03-07,0.006767821616192635
2005-03-08,0.009022673458356167
2005-03-09,0.0016712153463623418
2005-03-10,0.008122183688575021
2005-03-11,-0.0022976875285930683
2005-03-14,0.0014633693185505843
2005-03-15,0.005035000507459572
2005-03-16,0.002904146036007093
2005-03-17,0.053541209680642576
2005-03-18,0.04810943620361628
2005-03-21,-0.012046495135613877
2005-03-22,0.0020023268887773386
2005-03-23,-0.011977525424523072
2005-03-24,0.001452940591495349
2005-03-25,0.005980140479783919
2005-03-28,0.0074821454632723605
2005-03-29,-0.007533125032294866
2005-03-30,-0.0010654185385238386
2005-03-31,-0.008600849957845458
2005-04-01,-0.004961573298837337
2005-04-04,0.020743985656460046
2005-04-05,-0.013998517228582393
2005-04-06,-0.011086466853257742
2005-04-07,0.013570395108266485
2005-04-08,0.006301137334326228
2005-04-11,0.0032904463731931975
2005-04-12,-0.013929909108505544
2005-04-13,0.01442830524624547
2005-04-14,0.007277592112803426
2005-04-15,0.00800045634393088
2005-04-18,0.002431998050797416
2005-04-19,0.011824719954790217
2005-04-20,-0.008537179362587941
2005-04-21,-0.011256962426597213
2005-04-22,0.0136824347722945
2005-04-25,0.010226233020957647
2005-04-26,0.013977632813870093
2005-04-27,-0.006732144157230741
2005-04-28,-0.011308518794031138
2005-04-29,0.023078144039244436
2005-05-02,-0.0037968045066578034
2005-05-03,-0.005636816436149217
2005-05-04,0.015117600211596
2005-05-05,0.022278600423607867
2005-05-06,0.02847305821121124
2005-05-09,-0.0013489158725286839
2005-05-10,-0.01198139040179678
2005-05-11,-0.006152966891228934
2005-05-12,0.009837103312756341
2005-05-13,-0.0005860726924351925
2005-05-16,0.02907907998670773
2005-05-17,0.012140599068232963
2005-05-18,-0.0035063466368091614
2005-05-19,-0.0023600525115198903
2005-05-20,-0.01850624093795086
2005-05-23,0.021732301534362237
2005-05-24,0.009711051679974367
2005-05-25,0.00033722306750267467
2005-05-26,0.014593727807395901
2005-05-27,-0.0016357585445250893
2005-05-30,0.018964083276870346
2005-05-31,-0.0011240442833311513
2005-06-01,0.0036034418792082502
2005-06-02,0.011832020500569355
2005-06-03,-0.014151807536892607
2005-06-06,-0.0148759906383785
2005-06-07,-0.006745244057473454
2005-06-08,0.007761610579549896
2005-06-09,0.005347847719941158
2005-06-10,0.024882497454332887
2005-06-13,0.018666833650090704
2005-06-14,-0.0073188322007146644
2005-06-15,-0.004222445986334828
2005-06-16,-0.009697429155004097
2005-06-17,-0.014679955556701558
2005-06-20,-0.01413091000252054
2005-06-21,-0.004676654279050851
2005-06-22,0.0020263574181251867
2005-06-23,-0.0103249877900631
2005-06-24,-0.020051789505170572
2005-06-27,-0.016281254295944448
2005-06-28,-0.009796075939819496
2005-06-29,-0.005091678095786308
2005-06-30,0.007673966917000556
2005-07-01,-0.0018544431792906768
2005-07-04,0.005429639553177813
2005-07-05,0.00981019040617468
2005-07-06,-0.008691393962129718
2005-07-07,-0.0007974036586768443
2005-07-08,0.00855942353207153
2005-07-11,0.0073908703892668695
2005-07-12,0.012563946616683148
2005-07-13,0.010384676890888352
2005-07-14,-0.005304101915684239
2005-07-15,0.005946191824967525
2005-07-18,-0.0008936423152148994
2005-07-19,-0.0051415369135885645
2005-07-20,-0.013407994973861297
2005-07-21,-0.0055932590302902215
2005-07-22,0.012186511220686487
2005-07-25,-2.281681729568788e-05
2005-07-26,-0.008107333560127664
2005-07-27,-0.014255106524413074
2005-07-28,0.00039133285228653766
2005-07-29,-0.009254245525836449
2005-08-01,-0.006663655230475386
2005-08-02,-0.003638535775935238
2005-08-03,0.0037126695176187344
2005-08-04,0.00506428100345175
2005-08-05,-0.014116249587391843
2005-08-08,0.0035254998996833466
2005-08-09,0.013087472256057713
2005-08-10,0.018369439183702596
2005-08-11,0.0028590888058898957
2005-08-12,-0.005048069993368393
2005-08-15,-0.0011573971819151506
2005-08-16,0.03386993500962615
2005-08-17,0.010769222809478292
2005-08-18,-0.006337823478086004
2005-08-19,-0.005036725250726352
2005-08-22,-0.006751420132238627
2005-08-23,-0.011296859348132165
2005-08-24,0.012040425812250753
2005-08-25,0.012304321439093859
2005-08-26,-0.005705000402072481
2005-08-29,-0.009857619641972837
2005-08-30,0.01624807507252292
2005-08-31,-0.00343584879643153
2005-09-01,-0.009087752501430733
2005-09-02,-0.0021631467879765637
2005-09-05,0.004119563198677904
2005-09-06,-0.0013438921131718323
2005-09-07,0.007050996511017288
2005-09-08,-0.007661465207870158
2005-09-09,-0.003884380479994974
2005-09-12,-0.004302159664546338
2005-09-13,0.023898300028873186
2005-09-14,-0.01422391703705994
2005-09-15,0.0035059518066327504
2005-09-16,0.012433484402885005
2005-09-19,-0.009681349640259278
2005-09-20,0.018561507095090454
2005-09-21,-0.0005996297170230563
2005-09-22,-0.01396246514170438
2005-09-23,0.011237644268081846
2005-09-26,-0.003267223865526008
2005-09-27,0.013062368654652691
2005-09-28,-0.01670101047546941
2005-09-29,-0.0020536498164951955
2005-09-30,-0.004011292054481145
2005-10-03,-0.010458951822665001
2005-10-04,-0.003606358631708547
2005-10-05,0.004830249724104167
2005-10-06,0.0510872247260922
2005-10-07,-0.005919623193588304
2005-10-10,0.0003094102491290364
2005-10-11,0.008294287288473451
2005-10-12,-0.0034518174501921225
2005-10-13,-0.010797035001939586
2005-10-14,-0.01571740648639408
2005-10-17,-0.003943445613376662
2005-10-18,-0.013476620938854718
2005-10-19,0.002226215652919354
2005-10-20,-0.0026247221377819277
2005-10-21,0.01242026269945569
2005-10-24,-0.0013526648366141251
2005-10-25,-0.009042579323012265
2005-10-26,-0.0021557318616953133
2005-10-27,0.006582041411526962
2005-10-28,-0.0025445264387828036
2005-10-31,0.0043313715636413876
2005-11-01,-0.0137452852458133
2005-11-02,-0.0013531248789167283
2005-11-03,-0.012733472054716055
2005-11-04,-0.00865457857621384
2005-11-07,0.00800956258926859
2005-11-08,-0.01952562845023026
2005-11-09,0.007419663234402733
2005-11-10,-0.013134623183086194
2005-11-11,0.007225312994172957
2005-11-14,0.01911384685474698
2005-11-15,0.04366380805690595
2005-11-16,-0.007464545704314752
2005-11-17,-0.00863116482467846
2005-11-18,-0.005187525693669523
2005-11-21,0.0062270254380543885
2005-11-22,0.012617999004508516
2005-11-23,-0.009224284446124408
2005-11-24,0.005573396629919198
2005-11-25,-0.010745117064754997
2005-11-28,-0.021233209810942625
2005-11-29,-0.00920925629498199
2005-11-30,0.010719618950036716
2005-12-01,0.0007050528394915295
2005-12-02,0.019489185638241383
2005-12-05,0.0027434195517656544
2005-12-06,-0.0045863335138875486
2005-12-07,0.00537529415221414
2005-12-08,-0.0026325004821812006
2005-12-09,-0.003019204356038852
2005-12-12,0.011218769224199038
2005-12-13,0.016785938449343618
2005-12-14,-0.007335211380869896
2005-12-15,0.009984087762649224
2005-12-16,-0.00134192242801549
2005-12-19,0.010800319447584132
2005-12-20,0.01091781364222423
2005-12-21,0.007678737317168664
2005-12-22,0.020896088511244214
2005-12-23,0.0036695067819477005
2005-12-26,0.004514129678296536
2005-12-27,0.023590525113757844
2005-12-28,-0.0018365205011039512
2005-12-29,-0.0017184969917920373
2005-12-30,-0.005262935204052899
2006-01-02,0.027205599892888767
2006-01-03,-0.0077248506972218585
2006-01-04,-0.0017873717172326616
2006-01-05,-0.014043420690292048
2006-01-06,-0.00240074337286985
2006-01-09,-0.00023829231906575404
2006-01-10,-0.00224311353394965
2006-01-11,-0.007393420271657576
2006-01-12,-0.000853528326620636
2006-01-13,-0.003944853809427315
2006-01-16,0.0027234531324126024
2006-01-17,0.0015368777858929712
2006-01-18,-0.009915093136070561
2006-01-19,-0.015501197660523297
2006-01-20,-0.008193434087378139
2006-01-23,0.005941525867370023
2006-01-24,0.0094882113544741
2006-01-25,-0.002411329661308033
2006-01-26,-0.006842598109674643
2006-01-27,-0.005259600953208633
2006-01-30,-0.011655507789685247
2006-01-31,0.003596768667469021
2006-02-01,0.0077028542846674375
2006-02-02,0.013641668580588039
2006-02-03,8.369422480542996e-05
2006-02-06,-0.018217030164801175
2006-02-07,-0.01280260534557421
2006-02-08,-0.0034504762970938956
2006-02-09,-0.02087769865877839
2006-02-10,-0.00548508265952681
2006-02-13,-0.01455912100200451
2006-02-14,-0.005267292212498512
2006-02-15,0.0068104440569720925
2006-02-16,-0.01738869193721207
2006-02-17,-0.000441150174095635
2006-02-20,-0.004316989263935395
2006-02-21,0.010491673614974821
2006-02-22,-0.014877943774369113
2006-02-23,-0.015074375200019636
2006-02-24,-0.013907027104711072
2006-02-27,0.008923072294158785
2006-02-28,-0.002391305665652547
2006-03-01,-0.0027412580369286545
2006-03-02,0.052023978063394705
2006-03-03,-0.01141262340434438
2006-03-06,-0.002398161866383565
2006-03-07,0.00924876769367975
2006-03-08,0.035336324729029124
2006-03-09,-0.0048708399020626035
2006-03-10,0.03134309941670614
2006-03-13,-0.01270521629088418
2006-03-14,0.022877732352311046
2006-03-15,0.021319872429127973
2006-03-16,-0.004068675260536392
2006-03-17,0.007464269314363253
2006-03-20,0.009490241091556065
2006-03-21,0.0043171794605049475
2006-03-22,-0.0042564297444549586
2006-03-23,-0.010373063914138421
2006-03-24,0.019267080636803845
2006-03-27,-0.012728463737037005
2006-03-28,-0.008238123978774683
2006-03-29,0.0003389405576581829
2006-03-30,-0.000909358161395455
2006-03-31,-0.00756664521873477
2006-04-03,0.015553128506717272
2006-04-04,-0.00271937247164971
2006-04-05,0.004173888472103308
2006-04-06,-0.011500402238831727
2006-04-07,-0.005234713202302902
2006-04-10,-0.014187530285125038
2006-04-11,-0.01159772460352751
2006-04-12,0.03237933283005934
2006-04-13,0.01970169125636704
2006-04-14,-0.003801925333301065
2006-04-17,-0.0003393426604669722
2006-04-18,-0.00493041815264314
2006-04-19,-0.010584804028788352
2006-04-20,-0.00745773085770169
2006-04-21,-0.007085648269615021
2006-04-24,-0.0003538232307801134
2006-04-25,-0.009854318340449194
2006-04-26,-0.0009644082987956479
2006-04-27,0.0008481194992808819
2006-04-28,-0.016141070553917565
2006-05-01,-0.008033352821767727
2006-05-02,0.005708415973720477
2006-05-03,-0.002711164455363752
2006-05-04,-0.0017089713232627118
2006-05-05,-0.0005035353534581233
2006-05-08,-0.0038159152208329314
2006-05-09,0.004864608875231571
2006-05-10,-0.009203611296398727
2006-05-11,-0.005414484818758249
2006-05-12,0.06193653015049842
2006-05-15,0.01853183787998281
2006-05-16,0.0060873616595614015
2006-05-17,-0.003735051382717486
2006-05-18,-0.013123594301179197
2006-05-19,0.00041379809258923483
2006-05-22,0.0025311371166386702
2006-05-23,0.0031412072881557562
2006-05-24,-0.009731835127756447
2006-05-25,0.02701688568786846
2006-05-26,-0.006464592185900224
2006-05-29,0.000985052544551647
2006-05-30,-0.017933480852483242
2006-05-31,0.0006217336985363461
2006-06-01,-0.014200151082624015
2006-06-02,0.0013338189440073069
2006-06-05,-0.009301214635738207
2006-06-06,-0.0017162264390217195
2006-06-07,-0.0014692779524736709
2006-06-08,-0.010336355357128442
2006-06-09,-0.004046846301819253
2006-06-12,-0.008362844051848062
2006-06-13,0.00982503097235235
2006-06-14,-0.010124784136140508
2006-06-15,0.009987598941211415
2006-06-16,0.026236079715331186
2006-06-19,-0.005203210171322074
2006-06-20,0.0017474947055726546
2006-06-21,-0.0012088701225409747
2006-06-22,-0.0026025071132141156
2006-06-23,-0.021280385810212275
2006-06-26,-0.005189186696537701
2006-06-27,0.018483326541973842
2006-06-28,-0.01374125329901432
2006-06-29,-0.003649418180641288
2006-06-30,0.00486535143281213
2006-07-03,-0.00886554296897542
2006-07-04,0.041764303320463325
2006-07-05,0.0029861781715405204
2006-07-06,7.216640293813623e-05
2006-07-07,0.028629019964049214
2006-07-10,-0.00733073818050704
2006-07-11,-0.015038269107367134
2006-07-12,-0.003507429368053174
2006-07-13,-0.002380369209157608
2006-07-14,0.015541532057997513
2006-07-17,-0.010820133942291438
2006-07-18,0.0011736081574299125
2006-07-19,0.011431774080091626
2006-07-20,-0.0036819046397915806
2006-07-21,-0.002250981256048872
2006-07-24,0.018872352607880803
2006-07-25,0.020757024389286727
2006-07-26,0.01891388052857587
2006-07-27,-0.013166922762056912
2006-07-28,-0.01052220421556084
2006-07-31,-0.011506037040900865
2006-08-01,0.007404967419255233
2006-08-02,0.02884611364564229
2006-08-03,-0.011664040054545192
2006-08-04,-0.00021054333025764468
2006-08-07,0.002156465186832532
2006-08-08,-0.0012763296108916772
2006-08-09,0.002687690942102444
2006-08-10,0.006104826530533802
2006-08-11,-0.011191140151858016
2006-08-14,-0.01515459985472692
2006-08-15,-0.010997688718302647
2006-08-16,-0.00219332723763032
2006-08-17,0.0012506919480730384
2006-08-18,0.016478366635031008
2006-08-21,-0.005787489048503368
2006-08-22,-0.010723068435563934
2006-08-23,-0.0007514572614785268
2006-08-24,-0.002590357301820806
2006-08-25,0.00801657262580565
2006-08-28,-0.005512852750858294
2006-08-29,-0.004437315423401082
2006-08-30,0.015390617441300651
2006-08-31,-0.01881055372315099
2006-09-01,-0.00011704356069899835
2006-09-04,-0.008303581707417174
2006-09-05,0.021214956781069112
2006-09-06,0.0012476312112562095
2006-09-07,-0.001171260103734563
2006-09-08,8.425525900167263e-05
2006-09-11,0.009549942946123526
2006-09-12,-0.011914122156206991
2006-09-13,-0.006765493121441649
2006-09-14,-0.003981144485808542
2006-09-15,-0.00016993986710162404
2006-09-18,-0.008055462547690493
2006-09-19,-0.006462153334875102
2006-09-20,0.008933529706137776
2006-09-21,0.0017133386784369056
2006-09-22,0.0328771836542258
2006-09-25,-0.013044549843716623
2006-09-26,-0.006050121340479428
2006-09-27,0.007452365469564362
2006-09-28,-0.011835534184651926
2006-09-29,0.0032511564633709022
2006-10-02,-0.007831394528256198
2006-10-03,-0.011918376913204602
2006-10-04,-0.007978442073789928
2006-10-05,-0.0007525979125825796
2006-10-06,-0.00147167686666003
2006-10-09,-0.002031153850667121
2006-10-10,0.0016848178400382836
2006-10-11,-0.006601440251994325
2006-10-12,-0.004322409929595369
2006-10-13,-0.00382573548741617
2006-10-16,-0.0010944424029652802
2006-10-17,0.009826353362483553
2006-10-18,0.0025153660548756437
2006-10-19,0.030918586269726316
2006-10-20,-0.011099317141997382
2006-10-23,0.008061517476636665
2006-10-24,-0.0012102205162999834
2006-10-25,0.03023366869352745
2006-10-26,-0.0013922731905150337
2006-10-27,0.00020952479786773281
2006-10-30,-0.006226406502631402
2006-10-31,-0.001978975156359336
2006-11-01,0.00020888232112827032
2006-11-02,0.011045118677595549
2006-11-03,-0.0020934882287882324
2006-11-06,-0.0013754223641980617
2006-11-07,0.0314423626798306
2006-11-08,-0.01309784955458475
2006-11-09,-0.010269893422627373
2006-11-10,-0.007836042687857762
2006-11-13,-0.012904983566465413
2006-11-14,-0.0025300459854057863
2006-11-15,0.006174153112935607
2006-11-16,-0.010250940208073055
2006-11-17,0.015539624774654488
2006-11-20,0.0019456976439323724
2006-11-21,0.01244445311600964
2006-11-22,-0.009831828935637147
2006-11-23,0.010290673773196743
2006-11-24,0.02604581295361765
2006-11-27,-0.0047622659635995004
2006-11-28,-0.015221317353516419
2006-11-29,-0.0037071958310276737
2006-11-30,0.01181529841365666
2006-12-01,0.0028231697594567895
2006-12-04,0.0178978146638508
2006-12-05,-0.006014513788463426
2006-12-06,0.014138876850483977
2006-12-07,0.02268906834821783
2006-12-08,-0.01253287017523459
2006-12-11,-0.017457782054267748
2006-12-12,-0.0025075296808238015
2006-12-13,-0.007288672335463424
2006-12-14,-0.016734983292784153
2006-12-15,-0.008833534305401495
2006-12-18,0.01077409716521506
2006-12-19,-0.009863270614576388
2006-12-20,0.017241757236364112
2006-12-21,-0.011976822853478368
2006-12-22,0.03674990066552145
2006-12-25,-0.0023284033889093524
2006-12-26,-0.00301412510232571
2006-12-27,0.005448657345597109
2006-12-28,0.006275802802950078
2006-12-29,0.0036034979635172527
2007-01-01,0.009410443578638447
2007-01-02,-0.01541561622744324
2007-01-03,-0.013483989054112987
2007-01-04,-0.005365266391225799
2007-01-05,0.017554352276512537
2007-01-08,0.0011605324862097276
2007-01-09,-0.012454017044055549
2007-01-10,0.007008923569910001
2007-01-11,0.006337943180856075
2007-01-12,0.01085197789703609
2007-01-15,-0.001130689279848971
2007-01-16,-0.009145570149981314
2007-01-17,-0.006665909432419709
2007-01-18,-0.00989758495080933
2007-01-19,0.02045793202576831
2007-01-22,0.014736488791005586
2007-01-23,0.0010767889474974264
2007-01-24,-0.00016374374090289204
2007-01-25,0.007938701912807669
2007-01-26,0.014446725199183233
2007-01-29,0.00029135407171116193
2007-01-30,-0.010827950908883152
2007-01-31,-0.008674595485032492
2007-02-01,-0.004979063159146806
2007-02-02,0.004347328103612897
2007-02-05,0.0022811924763439066
2007-02-06,0.041361719744593295
2007-02-07,0.0014013262060788116
2007-02-08,-0.00893575162640016
2007-02-09,0.0027071287751594987
2007-02-12,0.015557445716938019
2007-02-13,-0.004609286629654232
2007-02-14,-0.013288349933020038
2007-02-15,0.02316400288863238
2007-02-16,-0.006325749493797182
2007-02-19,0.004783909237023119
2007-02-20,0.0028906014569864587
2007-02-21,0.023583641384653437
2007-02-22,-0.004705199873976881
2007-02-23,0.012184399423493489
2007-02-26,0.0037076091901234037
2007-02-27,-0.016216271285859264
2007-02-28,-0.008000173897864612
2007-03-01,-0.00019137137702657583
2007-03-02,0.02453876248464327
2007-03-05,-0.006150506235928371
2007-03-06,0.016173244933147292
2007-03-07,0.0179616698528198
2007-03-08,-0.0021645641001009457
2007-03-09,0.0024652568114513183
2007-03-12,0.020775439970756295
2007-03-13,0.017420765370050578
2007-03-14,-0.0036350879378709983
2007-03-15,-0.0012097297726365412
2007-03-16,0.049182916566565274
2007-03-19,-0.015417631148595437
2007-03-20,-0.00790947907809168
2007-03-21,-0.0018251556997754617
2007-03-22,0.011506853691634497
2007-03-23,-0.009374684425064587
2007-03-26,0.013695001877823382
2007-03-27,-0.006041997252069171
2007-03-28,0.001669082149971822
2007-03-29,-0.0075261181782087135
2007-03-30,0.011681815979031472
2007-04-02,0.03486645356388867
2007-04-03,-0.002377135927317118
2007-04-04,-0.012558046550395899
2007-04-05,-0.011295299100085787
2007-04-06,-0.0020443613835831424
2007-04-09,-0.009587718028890777
2007-04-10,0.009125200853145596
2007-04-11,-0.0069650232286572085
2007-04-12,-0.010285873557359411
2007-04-13,-0.00437939846306357
2007-04-16,-0.008752935121816473
2007-04-17,0.011976907069625203
2007-04-18,0.01754463960169858
2007-04-19,-0.004413243988360242
2007-04-20,-0.004059123561381606
2007-04-23,0.044769120056111084
2007-04-24,-0.01584762823171213
2007-04-25,-0.00217254499528826
2007-04-26,0.001493841141052804
2007-04-27,-0.0009472972562178592
2007-04-30,0.002450480451367164
2007-05-01,0.019076635717880187
2007-05-02,8.095340471151943e-05
2007-05-03,-0.006145066818619555
2007-05-04,0.022779026940032407
2007-05-07,-0.0044066602192104586
2007-05-08,-0.011792434668316634
2007-05-09,-0.0186461722715607
2007-05-10,-0.015590331761120572
2007-05-11,-0.005661024126176705
2007-05-14,-0.009825218566144024
2007-05-15,-0.013050584189300335
2007-05-16,-0.009957934897637211
2007-05-17,-0.006274407326326864
2007-05-18,0.01545222446507772
2007-05-21,0.017771916411591614
2007-05-22,-0.0065283855146182485
2007-05-23,-0.003567134468353241
2007-05-24,-0.0028304074871905206
2007-05-25,0.004887534919516358
2007-05-28,-0.0051923085267744605
2007-05-29,0.006366089797829096
2007-05-30,-0.0025475992523599916
2007-05-31,0.02283223615444012
2007-06-01,-0.0017492995613436237
2007-06-04,0.015229509424946157
2007-06-05,0.010716130403856598
2007-06-06,-0.0011294566869318456
2007-06-07,-0.011921109090045857
2007-06-08,-0.005498411409508835
2007-06-11,0.003955166831222847
2007-06-12,-0.008945529563985716
2007-06-13,-0.0077176307937178515
2007-06-14,-0.008487729143097894
2007-06-15,-0.0004967309573139789
2007-06-18,0.011183037961622032
2007-06-19,0.02291849685448992
2007-06-20,-0.009013791646027891
2007-06-21,0.009890697437604457
2007-06-22,0.0017923609900299849
2007-06-25,0.002907526331048231
2007-06-26,0.0012490930831126242
2007-06-27,-0.005504808123887886
2007-06-28,0.033327045334661055
2007-06-29,-0.009886918891974279
2007-07-02,-0.005437314628760372
2007-07-03,-0.009998184403814126
2007-07-04,0.0013420361790964438
2007-07-05,-0.016772831053832427
2007-07-06,0.00461967556168516
2007-07-09,0.0250370451475792
2007-07-10,0.011417575415236261
2007-07-11,-0.0006688757896167463
2007-07-12,0.015941451372008357
2007-07-13,0.004240655612492209
2007-07-16,-0.017200693744296322
2007-07-17,-0.006904443074878561
2007-07-18,-0.01972561455475346
2007-07-19,-0.016703419802015965
2007-07-20,0.008138771061133553
2007-07-23,-0.012424665163764018
2007-07-24,-0.00542458787448695
2007-07-25,-0.021956835511154495
2007-07-26,-0.004881348146399844
2007-07-27,-0.011783685574424685
2007-07-30,-0.0021527330912732394
2007-07-31,-0.016811228008574677
2007-08-01,-0.0010319566558196075
2007-08-02,0.009518153475761341
2007-08-03,0.014616629277787535
2007-08-06,0.02881607023067788
2007-08-07,0.0038659537637881596
2007-08-08,-0.0008255186684217077
2007-08-09,-0.00946192328859987
2007-08-10,0.009369155670406956
2007-08-13,0.015107732970830484
2007-08-14,-0.0049788216768438115
2007-08-15,-0.016848887072293237
2007-08-16,0.01603267625026953
2007-08-17,-0.0018525499175511863
2007-08-20,0.0003149258658066631
2007-08-21,0.014167379782932601
2007-08-22,-0.011802020226781765
2007-08-23,-0.003125655098319465
2007-08-24,0.01799370335279068
2007-08-27,-0.01224584661469689
2007-08-28,-0.006699257674937439
2007-08-29,-0.01793708564733569
2007-08-30,0.0015339864700805589
2007-08-31,-0.009552047358999706
2007-09-03,0.025594944057488148
2007-09-04,-0.014651590799509555
2007-09-05,0.042706780259478855
2007-09-06,-0.0011119352105278188
2007-09-07,-0.012266720930000464
2007-09-10,0.01947065298785422
2007-09-11,0.0035070217678476803
2007-09-12,0.001386276471459627
2007-09-13,-0.0016527561518123284
2007-09-14,-0.008345220588086136
2007-09-17,-0.003926444594019984
2007-09-18,-0.007859673426619935
2007-09-19,0.007729502915225492
2007-09-20,0.015173656036814344
2007-09-21,-0.011513915959246805
2007-09-24,-0.002041439914305651
2007-09-25,0.014228366125216663
2007-09-26,0.01500353784396212
2007-09-27,-0.003493412142649255
2007-09-28,0.017821539029457448
2007-10-01,-0.012265287086100826
2007-10-02,0.0007823447325797928
2007-10-03,0.003117682723096135
2007-10-04,0.004552218288005606
2007-10-05,0.017670496738785735
2007-10-08,0.003143519586554167
2007-10-09,-0.0035035529119057454
2007-10-10,0.011984336734179965
2007-10-11,-0.0043907677122194885
2007-10-12,0.0013493822014365407
2007-10-15,-0.0025172883656574205
2007-10-16,0.0266802861292783
2007-10-17,-0.013022073820819192
2007-10-18,0.00015799579147986534
2007-10-19,-0.007330607094749794
2007-10-22,-0.009462671147726726
2007-10-23,0.0002662865776094092
2007-10-24,-0.0018510028840010191
2007-10-25,0.0037365201143412657
2007-10-26,-0.0029348710577662973
2007-10-29,0.0032171996518815943
2007-10-30,0.0010709602933363614
2007-10-31,-0.013818369043067527
2007-11-01,0.005161803647935045
2007-11-02,-0.002867113254053432
2007-11-05,0.0013339271244922901
2007-11-06,0.012895562796533443
2007-11-07,-0.0036387350384264015
2007-11-08,-0.010555183487524248
2007-11-09,-0.005498279533186216
2007-11-12,0.015760955361257864
2007-11-13,0.02918727210668967
2007-11-14,0.0070678056689094035
2007-11-15,-0.002941646415170397
2007-11-16,0.01431729352517011
2007-11-19,0.0015895334695557907
2007-11-20,0.00017018108765676915
2007-11-21,0.003201847321818843
2007-11-22,-0.004883227614829663
2007-11-23,-0.010945287590347382
2007-11-26,0.0022031861209810093
2007-11-27,0.0077613862009605905
2007-11-28,0.0019717391572336603
2007-11-29,0.0003401286166777803
2007-11-30,-0.011110625992258087
2007-12-03,-0.007993517711204837
2007-12-04,-0.008584736375763718
2007-12-05,0.007068295191005269
2007-12-06,0.0028253929619340007
2007-12-07,-0.007965950579320164
2007-12-10,0.0027948849480066117
2007-12-11,0.0009358523912332932
2007-12-12,-0.00313926767339617
2007-12-13,-0.005710092158226862
2007-12-14,-0.004541281992405343
2007-12-17,-0.002709160643296373
2007-12-18,-0.012862352046919663
2007-12-19,-5.835818187824998e-05
2007-12-20,-0.0029807522581855803
2007-12-21,-0.005426044364415111
2007-12-24,0.003951211017820432
2007-12-25,-0.001899723642462152
2007-12-26,-0.004553791302585784
2007-12-27,0.003913245999936605
2007-12-28,-0.0038198337699804734
2007-12-31,0.0036659996093808336
2008-01-01,-0.013491535486710947
2008-01-02,0.01855529668852908
2008-01-03,-0.010579985824733417
2008-01-04,0.01713092771770757
2008-01-07,0.015989523099890497
2008-01-08,0.017397235436006075
2008-01-09,-0.0114087728063068
2008-01-10,-0.004583618706585212
2008-01-11,0.026333938941485058
2008-01-14,-0.007490664756504433
2008-01-15,-0.010737286777757347
2008-01-16,0.0037856770715579066
2008-01-17,-0.0011550252007646068
2008-01-18,-0.012635658592490214
2008-01-21,-0.01619170935589308
2008-01-22,-0.0023043056454874027
2008-01-23,0.02216919708425548
2008-01-24,-0.0026322022973353128
2008-01-25,0.010077985798542625
2008-01-28,-0.015691550773144908
2008-01-29,-0.008837371404699167
2008-01-30,0.014644915988638062
2008-01-31,0.007045960817439911
2008-02-01,0.0004621910233453645
2008-02-04,0.010406722469879996
2008-02-05,-0.015835617294357632
2008-02-06,-0.004624187545851286
2008-02-07,-0.00901132451753784
2008-02-08,-0.005379691996282646
2008-02-11,-0.009086025325658626
2008-02-12,0.0014510472511059906
2008-02-13,0.005876771009473893
2008-02-14,0.001351474430747377
2008-02-15,0.01375091555404221
2008-02-18,-0.00924787619266641
2008-02-19,0.002850030399584886
2008-02-20,-0.002747810849496452
2008-02-21,-0.001322767229732423
2008-02-22,0.018944823993457427
2008-02-25,-0.005545523189493803
2008-02-26,-0.012157398912729997
2008-02-27,-0.012266659527219432
2008-02-28,-0.008162389564191963
2008-02-29,0.002559020366270981
2008-03-03,-0.0024097738807950277
2008-03-04,-0.005437406062399508
2008-03-05,-0.013014669379676254
2008-03-06,0.010730982564684757
2008-03-07,-0.005573723980297908
2008-03-10,0.012442223054343025
2008-03-11,-0.002823682563207388
2008-03-12,0.012520499686936831
2008-03-13,0.009000234931110851
2008-03-14,0.028769630361798887
2008-03-17,-0.010456631864897417
2008-03-18,0.011145480979940246
2008-03-19,-0.0016740801199005388
2008-03-20,-0.006327459798726891
2008-03-21,0.0004609319841087853
2008-03-24,0.013686316250120983
2008-03-25,0.00588744099338958
2008-03-26,-0.0031503414868435733
2008-03-27,0.013940354997979056
2008-03-28,0.028464779589413618
2008-03-31,0.03134358163841283
2008-04-01,-0.008194181022350235
2008-04-02,-0.007065610089489964
2008-04-03,0.004672108223686532
2008-04-04,-0.010751797576926785
2008-04-07,-0.00290937816102501
2008-04-08,-0.013420008128747073
2008-04-09,0.014226360819566422
2008-04-10,-0.004885977281843486
2008-04-11,0.03182939005746049
2008-04-14,-0.010547405331292213
2008-04-15,0.01818855963998195
2008-04-16,-0.011879613006106945
2008-04-17,-0.00470693706825271
2008-04-18,-0.011774452424308437
2008-04-21,-0.011175026804982401
2008-04-22,-0.0012618335713774596
2008-04-23,-0.011828304147248244
2008-04-24,-0.008411901567029909
2008-04-25,-0.0115236821227955
2008-04-28,0.008814867010414972
2008-04-29,-0.017018880207065913
2008-04-30,-0.016673690591611032
2008-05-01,-0.006231324550443656
2008-05-02,-0.012467706510129985
2008-05-05,0.024824963057894167
2008-05-06,0.028739460977004992
2008-05-07,-0.01577554527955532
2008-05-08,0.019922377577441704
2008-05-09,0.026115476487453604
2008-05-12,-0.014035881955393405
2008-05-13,0.01765794157097953
2008-05-14,0.008318178980890843
2008-05-15,0.015627865121837885
2008-05-16,-0.0061746792650768136
2008-05-19,0.05068909502741663
2008-05-20,0.006009453247223906
2008-05-21,-0.002633626674286453
2008-05-22,-0.005856795345408106
2008-05-23,-0.008159423561299547
2008-05-26,-0.0042530430315910715
2008-05-27,-0.015322022725643076
2008-05-28,-0.001097065559507688
2008-05-29,-0.001959784987158656
2008-05-30,-0.01565053640216157
2008-06-02,0.0035180755929980073
2008-06-03,-0.012912220506567571
2008-06-04,-0.005682302845022313
2008-06-05,0.006798876493476755
2008-06-06,-0.0015937957765408406
2008-06-09,0.005589449575726851
2008-06-10,-0.004531123228801302
2008-06-11,0.023176179660402578
2008-06-12,-0.013821885495850289
2008-06-13,-0.013033042409396066
2008-06-16,0.017753369725147516
2008-06-17,-0.00837772955143411
2008-06-18,0.014071976884789596
2008-06-19,-0.0018391038503746474
2008-06-20,-0.0009610654583333683
2008-06-23,0.01129682489588845
2008-06-24,-0.009343498001298262
2008-06-25,0.013058412656563566
2008-06-26,-0.01792436052822522
2008-06-27,0.005230739083740287
2008-06-30,0.017735069336370236
2008-07-01,0.00248721487016006
2008-07-02,-0.005283287107409478
2008-07-03,-0.00850058065647679
2008-07-04,-0.007266900351604464
2008-07-07,0.0037359806713881706
2008-07-08,0.012322137746432212
2008-07-09,-0.0070450294093781125
2008-07-10,0.006456330125253176
2008-07-11,0.00601855659828357
2008-07-14,0.003662334916424155
2008-07-15,0.010358896622947443
2008-07-16,-0.005662669893911097
2008-07-17,0.013473833646270007
2008-07-18,-0.008408767677768332
2008-07-21,-0.0051965244098656806
2008-07-22,0.015444526013572685
2008-07-23,-0.009288657120219358
2008-07-24,-0.0212692234800338
2008-07-25,-0.005307103412111897
2008-07-28,0.02219883570438074
2008-07-29,0.0130815953079189
2008-07-30,-0.0014371514022786004
2008-07-31,-0.004917015589849742
2008-08-01,-0.0011750472284118643
2008-08-04,0.027455956239434497
2008-08-05,-0.0071923729668804635
2008-08-06,-0.0037747742921513845
2008-08-07,-0.010958152397463988
2008-08-08,0.011838214253263604
2008-08-11,0.010779689271892129
2008-08-12,0.017263368906064218
2008-08-13,-0.004753525306036763
2008-08-14,-0.015670722137781878
2008-08-15,-0.00786559114970413
2008-08-18,0.029946037034069506
2008-08-19,-0.005376462531500533
2008-08-20,-0.0018671894196969803
2008-08-21,-0.004009376884429344
2008-08-22,-0.0014994433623318898
2008-08-25,0.007887979028350381
2008-08-26,0.0036572271748454635
2008-08-27,-0.015554636488804995
2008-08-28,-0.0026422754144732295
2008-08-29,0.015754013184405266
2008-09-01,0.024694752470613666
2008-09-02,0.0025225866327790135
2008-09-03,0.0022113276345219444
2008-09-04,-0.009731968818185515
2008-09-05,0.020923222056696514
2008-09-08,-7.144110506962162e-05
2008-09-09,-0.00805944354768717
2008-09-10,-0.005593870108790026
2008-09-11,0.014060469773554157
2008-09-12,-0.0029522154226371
2008-09-15,-0.013367645695556063
2008-09-16,-0.005236587503166478
2008-09-17,-0.005272214390937845
2008-09-18,0.0027878177963023484
2008-09-19,-0.00428993566349049
2008-09-22,-0.00044570578545418543
2008-09-23,0.006014883240945321
2008-09-24,-0.00778394818187458
2008-09-25,-0.005709116689981451
2008-09-26,-0.011759007411920333
2008-09-29,0.025873906386162507
2008-09-30,-0.009135924317200962
2008-10-01,-0.01882887580610474
2008-10-02,0.002029699096055212
2008-10-03,-0.012022079842625216
2008-10-06,-0.009364754354924941
2008-10-07,0.007410011983864734
2008-10-08,-0.003844470470918366
2008-10-09,0.0010475147900574355
2008-10-10,0.00921852045947389
2008-10-13,-0.00848447329580837
2008-10-14,-0.001253031078793751
2008-10-15,0.031573239400657316
2008-10-16,0.02959158884478793
2008-10-17,-0.006268286570586111
2008-10-20,0.01914453174836278
2008-10-21,-0.018934721738939345
2008-10-22,-0.003025511190346962
2008-10-23,-0.004151252011104171
2008-10-24,0.013050858864738689
2008-10-27,0.02075943842855895
2008-10-28,-0.009218694845489633
2008-10-29,-0.007773601904257573
2008-10-30,-0.00208049479536623
2008-10-31,-0.010357195778346175
2008-11-03,0.003095720464692916
2008-11-04,-0.009990793493352825
2008-11-05,-0.0040332918647582525
2008-11-06,-0.014410146969889265
2008-11-07,0.014413637679035723
2008-11-10,-0.008142799093431345
2008-11-11,0.001496209850682939
2008-11-12,0.002440138944156161
2008-11-13,-0.012224135720381087
2008-11-14,0.00047667320973847696
2008-11-17,0.030023013221300958
2008-11-18,0.01899534574994937
2008-11-19,-0.00015880984194455508
2008-11-20,-0.008746536470622741
2008-11-21,-0.0010860368526313183
2008-11-24,-0.005735838424240757
2008-11-25,-0.007648635696184354
2008-11-26,0.007667970021595652
2008-11-27,0.006355395641984514
2008-11-28,0.018631199180128226
2008-12-01,0.000673049562857176
2008-12-02,-0.0011889614324475627
2008-12-03,-0.002655466620213355
2008-12-04,-0.0113800990486046
2008-12-05,-0.005652428666574304
2008-12-08,-0.011443622775976164
2008-12-09,-0.006625083935744874
2008-12-10,0.020413493973944964
2008-12-11,0.011154710702772873
2008-12-12,-0.014376107000197777
2008-12-15,-0.001633762163999835
2008-12-16,-0.016320488571439057
2008-12-17,0.0035648861424571812
2008-12-18,-0.0010065505364173395
2008-12-19,-0.01937330803916865
2008-12-22,0.0022639133416011044
2008-12-23,-0.009149296599084035
2008-12-24,-0.0033517721749472575
2008-12-25,-0.016413637455240764
2008-12-26,-0.008504416525770591
2008-12-29,0.016836794667504935
2008-12-30,-0.010162736509939355
2008-12-31,0.021086063588167163
2009-01-01,0.0023804303022100237
2009-01-02,0.0011023161324074278
2009-01-05,0.0038016246373693517
2009-01-06,-0.011254238022217113
2009-01-07,0.012395924030587362
2009-01-08,-0.01045493620413811
2009-01-09,0.015727982038818686
2009-01-12,0.00552202338662067
2009-01-13,-0.005375343741292466
2009-01-14,0.019481353885423887
2009-01-15,-0.0028785452199721027
2009-01-16,-0.006445840644293412
2009-01-19,-0.011521215386419894
2009-01-20,-0.009994372733876287
2009-01-21,0.0038658082837821975
2009-01-22,0.00224033123480695
2009-01-23,-0.018964821835307698
2009-01-26,0.018541109026217355
2009-01-27,0.0020251875789840564
2009-01-28,-0.00493289380247541
2009-01-29,-0.009623942931812552
2009-01-30,-0.0003197512436211962
2009-02-02,-0.015005405063738509
2009-02-03,0.009736753856586636
2009-02-04,0.0017990605106445422
2009-02-05,-0.013369763908849157
2009-02-06,-0.0050521445898524565
2009-02-09,-0.007753079316483696
2009-02-10,-0.009054431728656673
2009-02-11,0.007145030239225379
2009-02-12,-0.007327316149593893
2009-02-13,0.006683153758349859
2009-02-16,0.00411886419288068
2009-02-17,-0.0110119483773146
2009-02-18,-0.01010332488267143
2009-02-19,0.01540877390536631
2009-02-20,0.0024828452344963226
2009-02-23,7.250265658996155e-05
2009-02-24,0.004934125168194182
2009-02-25,0.01596425172341153
2009-02-26,-0.01603013157235152
2009-02-27,0.04322839173014509
2009-03-02,-0.012550256131100808
2009-03-03,0.003917519905682631
2009-03-04,-0.016193222714122626
2009-03-05,-0.006814267850878266
2009-03-06,0.016176696527745185
2009-03-09,-0.0027456899264336893
2009-03-10,-0.00030353613298245846
2009-03-11,0.01337448462795867
2009-03-12,-0.01157052930065448
2009-03-13,-0.005724843223786136
2009-03-16,0.0010237515864956644
2009-03-17,0.02853903193772351
2009-03-18,0.009675813297599797
2009-03-19,0.01616890615547948
2009-03-20,-0.010706925514307452
2009-03-23,0.009264472488552757
2009-03-24,0.004463983409427351
2009-03-25,0.008564613030807175
2009-03-26,0.009940494818042399
2009-03-27,-0.00276463048436168
2009-03-30,-0.015398282656787943
2009-03-31,-0.004434535483119596
2009-04-01,-0.010907419325179078
2009-04-02,-0.010109854913430968
2009-04-03,0.006209318824452907
2009-04-06,0.004004478731160006
2009-04-07,-0.010861062486772592
2009-04-08,-0.014110944137259029
2009-04-09,-0.011467039044624849
2009-04-10,-0.003695321163220796
2009-04-13,-0.0013133717094804265
2009-04-14,0.006603926951193561
2009-04-15,0.013272091200491241
2009-04-16,-0.010443257138462938
2009-04-17,0.0002687087698173933
2009-04-20,0.008995691637745155
2009-04-21,-0.014862381768581186
2009-04-22,-0.0073024299040819925
2009-04-23,0.011679795545893996
2009-04-24,0.00024620943169627665
2009-04-27,0.0036112340237726692
2009-04-28,-0.004457004787429993
2009-04-29,-0.0023719674772913688
2009-04-30,-0.010631020997716581
2009-05-01,0.015308542004908887
2009-05-04,0.006909882642403328
2009-05-05,-0.015230062765220296
2009-05-06,0.012051783966106837
2009-05-07,0.00789933725088731
2009-05-08,-0.017310843490968248
2009-05-11,0.015108372479992145
2009-05-12,0.023090314185476378
2009-05-13,-0.008965828445058303
2009-05-14,0.0012457022757013311
2009-05-15,0.010191967650506256
2009-05-18,-0.014430522688786992
2009-05-19,-0.004814020149069481
2009-05-20,-0.0181865335645655
2009-05-21,-0.013437042991535943
2009-05-22,0.02640326632017359
2009-05-25,-0.015474773825521109
2009-05-26,-0.017324444023136792
2009-05-27,0.0164454786003244
2009-05-28,0.0002609701024166404
2009-05-29,0.009409917372700298
2009-06-01,-0.008329951243676564
2009-06-02,-0.012403637848965246
2009-06-03,-0.00036295635077373753
2009-06-04,-0.006111587414183016
2009-06-05,0.008313188836890674
2009-06-08,0.001292073024654422
2009-06-09,0.010153334653456643
2009-06-10,-0.01248804503690245
2009-06-11,-0.01645111229355873
2009-06-12,0.014301779523699924
2009-06-15,-0.012786967058988331
2009-06-16,-0.0012876300442505907
2009-06-17,-0.009105096589874115
2009-06-18,0.017026768090791983
2009-06-19,-0.0053436856732044895
2009-06-22,-0.017481586263050866
2009-06-23,-0.015618028383200977
2009-06-24,-0.0039869767472003464
2009-06-25,0.026126283107612565
2009-06-26,-0.001467175423725292
2009-06-29,-0.00795548205956649
2009-06-30,0.012781729094800465
2009-07-01,2.4195312048062162e-05
2009-07-02,0.04513466632700952
2009-07-03,0.019106324171223155
2009-07-06,0.008158502941259506
2009-07-07,-0.011594875607806681
2009-07-08,-0.008406394490212788
2009-07-09,-0.01036451595319005
2009-07-10,0.0005665964073462877
2009-07-13,-0.0046440812201947075
2009-07-14,0.01718041037583573
2009-07-15,0.001218341634433004
2009-07-16,-0.01054507632037135
2009-07-17,0.028912544829995654
2009-07-20,-0.00033871436693317866
2009-07-21,-0.003768208352835003
2009-07-22,-0.005364103609631896
2009-07-23,-0.011446228948214723
2009-07-24,0.015130658705974888
2009-07-27,0.0190592301836933
2009-07-28,-0.001952083048090688
2009-07-29,0.02072519530287492
2009-07-30,0.009242142626441005
2009-07-31,0.02275470730739864
