2000-01-03,-0.005563535748170201
2000-01-04,-0.009714793281165868
2000-01-05,0.011145852432791674
2000-01-06,-0.025414736427338554
2000-01-07,0.01576962013989138
2000-01-10,-0.0027310695197022977
2000-01-11,0.012953530207438087
2000-01-12,-0.0002522565428581709
2000-01-13,0.01185654093174446
2000-01-14,0.0037863206725964604
2000-01-17,-0.02928753728296305
2000-01-18,0.006402140457829754
2000-01-19,0.01657093724414059
2000-01-20,-0.00740304614360756
2000-01-21,0.011011234158036929
2000-01-24,-0.00791465467354454
2000-01-25,0.007659026195784974
2000-01-26,-0.013328425924741129
2000-01-27,0.01135140259447328
2000-01-28,-0.00353159990777591
2000-01-31,-0.01300150737986798
2000-02-01,-0.012867008851110799
2000-02-02,-0.02081684903885528
2000-02-03,-0.0057079036019467705
2000-02-04,-0.002651274133144959
2000-02-07,0.0014200548114434754
2000-02-08,-9.974258740278602e-06
2000-02-09,-0.002867039868498112
2000-02-10,0.006657115903683751
2000-02-11,-0.010482367655647543
2000-02-14,0.011432272442170379
2000-02-15,0.011211590129842864
2000-02-16,0.007797008135801153
2000-02-17,-0.021383710450573308
2000-02-18,0.0025860844279629
2000-02-21,0.014200147392255358
2000-02-22,0.004824161241427361
2000-02-23,0.00249993557708569
2000-02-24,0.00715106092276932
2000-02-25,0.008058803255284012
2000-02-28,0.004748661585835229
2000-02-29,-0.0027760375664440777
2000-03-01,0.0028254819029986215
2000-03-02,-0.005014649972808764
2000-03-03,-0.031083259336412573
2000-03-06,0.01120372156256881
2000-03-07,0.016633008657027156
2000-03-08,0.001804681783269705
2000-03-09,0.005915085925046092
2000-03-10,-0.012023364983256707
2000-03-13,0.008523754993454168
2000-03-14,-0.006497171269357387
2000-03-15,0.008648492995826314
2000-03-16,-0.014700640020283401
2000-03-17,0.012286792749469443
2000-03-20,0.0006217225042033717
2000-03-21,0.00449859528467873
2000-03-22,0.005351466005628355
2000-03-23,-0.013357248867928356
2000-03-24,0.006365123517778553
2000-03-27,-0.022701500315738227
2000-03-28,-0.00036648828236071976
2000-03-29,0.0037586182684081135
2000-03-30,0.017195022804106584
2000-03-31,0.011327999904123628
2000-04-03,0.0067831098805986
2000-04-04,0.0034469881570218137
2000-04-05,0.0004910842874316472
2000-04-06,-0.006172292811182617
2000-04-07,0.0070307531311628105
2000-04-10,0.01886500407053962
2000-04-11,0.012897387565964032
2000-04-12,-0.028973559343974213
2000-04-13,0.0015781182344124511
2000-04-14,-0.024537476665096015
2000-04-17,-0.012307385479574724
2000-04-18,-0.005747959727941052
2000-04-19,0.008735345565915192
2000-04-20,0.003438624934160278
2000-04-21,-0.005340370041683248
2000-04-24,-0.016789700087101143
2000-04-25,0.001593674544530653
2000-04-26,-0.015872175882797095
2000-04-27,0.013562806150774398
2000-04-28,-0.003389160424100795
2000-05-01,0.019932488170609917
2000-05-02,-0.012757863824836742
2000-05-03,-0.01108700514411251
2000-05-04,0.010591830874329147
2000-05-05,-0.021994569775768663
2000-05-08,-0.0005129900143971237
2000-05-09,-0.014388137616745927
2000-05-10,0.006152605317848194
2000-05-11,-0.021916017816699558
2000-05-12,-0.008251078737748906
2000-05-15,0.007490821316210896
2000-05-16,0.002225752204507308
2000-05-17,0.009243292940561903
2000-05-18,0.0025577961960657272
2000-05-19,-0.005103852814554104
2000-05-22,-0.0057757680864165065
2000-05-23,0.0012001229686203624
2000-05-24,0.0035961974734515997
2000-05-25,-0.002635979342694352
2000-05-26,0.0024720082459272798
2000-05-29,-0.010881958942706736
2000-05-30,-0.038421279643420535
2000-05-31,0.00632877308694111
2000-06-01,0.0025671171136755107
2000-06-02,0.0016448078902681317
2000-06-05,-0.00043076232816147836
2000-06-06,-0.023634443172975438
2000-06-07,-0.006370248969384373
2000-06-08,-0.00947672898333684
2000-06-09,-0.029862658579824237
2000-06-12,0.016184472772467526
2000-06-13,-0.0072504699140906875
2000-06-14,0.0022494001055248618
2000-06-15,0.012911244188035548
2000-06-16,0.0029067920011058845
2000-06-19,0.014749397200214327
2000-06-20,0.014012835769384011
2000-06-21,0.01649952314176349
2000-06-22,0.00730971190541959
2000-06-23,-0.005445698278850435
2000-06-26,0.015687819323523245
2000-06-27,0.013544346721650695
2000-06-28,-0.041788141878870026
2000-06-29,-0.003985242240231113
2000-06-30,-4.832732858601682e-05
2000-07-03,0.00039678185018212145
2000-07-04,0.004572145013475699
2000-07-05,0.017140273328281146
2000-07-06,0.0032133758765890176
2000-07-07,0.0011257666468157124
2000-07-10,0.006387926618781712
2000-07-11,0.009441538020297093
2000-07-12,0.00668450803221763
2000-07-13,0.007837863770213612
2000-07-14,-0.005055108243029755
2000-07-17,0.00849140608761735
2000-07-18,0.0009013888461417603
2000-07-19,0.004118601947947057
2000-07-20,-0.02175791071577876
2000-07-21,0.008074863525037439
2000-07-24,-0.004737991945393233
2000-07-25,0.014783993590132508
2000-07-26,0.015061944369626405
2000-07-27,0.001487080996707739
2000-07-28,-0.016389562345212043
2000-07-31,0.01905253525186231
2000-08-01,0.0018778172898737504
2000-08-02,0.009405400139650903
2000-08-03,-0.010644625837226022
2000-08-04,0.01584369738867158
2000-08-07,-0.019697295382666284
2000-08-08,-0.0032670418863380915
2000-08-09,0.007257316728197433
2000-08-10,-0.009071362993987218
2000-08-11,0.001124451579531116
2000-08-14,-0.005120504104590456
2000-08-15,0.003405479382989726
2000-08-16,0.0010949341040619072
2000-08-17,-0.005294663643808185
2000-08-18,0.006372007915125481
2000-08-21,0.004451106565654509
2000-08-22,-0.013372488599242546
2000-08-23,-0.006453736469480609
2000-08-24,0.002558162170805782
2000-08-25,0.016532390263250915
2000-08-28,0.0075750470459384454
2000-08-29,0.008691404363661049
2000-08-30,0.010170620070643541
2000-08-31,0.013140326763941937
2000-09-01,0.015612534143131285
2000-09-04,-0.015490843863072284
2000-09-05,-0.0011132342875434936
2000-09-06,-0.0056587773861279805
2000-09-07,-0.011723914297899193
2000-09-08,0.00449156853053774
2000-09-11,-0.008533020392465944
2000-09-12,0.017735069583730504
2000-09-13,-0.018744323797920612
2000-09-14,0.005958145276153473
2000-09-15,0.0017727752473215667
2000-09-18,0.0019694645805411262
2000-09-19,0.011646423063760687
2000-09-20,-0.0014555864198050918
2000-09-21,0.01369734385252805
2000-09-22,-0.006603811223959893
2000-09-25,0.01307777238784633
2000-09-26,0.006757615222885517
2000-09-27,-0.006694192643843161
2000-09-28,0.005818389922106319
2000-09-29,-0.008856503713665309
2000-10-02,0.00026558110798123244
2000-10-03,-0.014717343185923965
2000-10-04,-0.007184475333084847
2000-10-05,-0.001612714668706685
2000-10-06,0.0010816679847540749
2000-10-09,0.006520127156484444
2000-10-10,0.012994341145815777
2000-10-11,0.009332702420114528
2000-10-12,0.017011423042730227
2000-10-13,-0.0005562324296766001
2000-10-16,-0.02390740264994177
2000-10-17,0.008426049955947357
2000-10-18,0.014307415217614397
2000-10-19,-0.014726955163281222
2000-10-20,-0.0098474539021811
2000-10-23,0.007295755254099888
2000-10-24,-0.0017912220837559313
2000-10-25,-0.007836132792113523
2000-10-26,-0.010314576479881724
2000-10-27,0.0013183402442773946
2000-10-30,0.0020726822563295125
2000-10-31,0.005923124053972415
2000-11-01,-0.005532301798521502
2000-11-02,-0.0025130208505415204
2000-11-03,0.0011359513406209408
2000-11-06,-0.015589424887396924
2000-11-07,0.010206611020961332
2000-11-08,-0.005214991571953195
2000-11-09,0.01367968662274396
2000-11-10,0.003247046051035884
2000-11-13,0.005006793425441861
2000-11-14,0.0011222840334648224
2000-11-15,0.0015353126429736089
2000-11-16,0.024209308614345396
2000-11-17,-0.001672876224916072
2000-11-20,-0.007268522805700985
2000-11-21,0.013669983799913006
2000-11-22,0.01297272725409066
2000-11-23,-0.00811496760592631
2000-11-24,0.008431083554117133
2000-11-27,-0.03303885691435632
2000-11-28,0.014658417406603983
2000-11-29,0.0027798552339191006
2000-11-30,0.002195306104925878
2000-12-01,0.01473451959238363
2000-12-04,-0.00045113760927361843
2000-12-05,0.017394333903544147
2000-12-06,0.010337922397451337
2000-12-07,0.018085500211987713
2000-12-08,-0.006125655158218328
2000-12-11,-0.019692166075079273
2000-12-12,0.012440573851760952
2000-12-13,-0.02692046680647041
2000-12-14,0.004869536798812666
2000-12-15,0.007341584766357111
2000-12-18,0.010402964017478483
2000-12-19,0.01695417376508032
2000-12-20,0.007559601936996015
2000-12-21,0.004025251519356839
2000-12-22,0.008207250032721668
2000-12-25,0.018456048938538815
2000-12-26,0.005239846894450888
2000-12-27,0.006068251814615747
2000-12-28,-0.021783709885406816
2000-12-29,0.006382929771047433
2001-01-01,0.005585326846071752
2001-01-02,0.01027487909625333
2001-01-03,0.007852158324121204
2001-01-04,-0.001218862443523188
2001-01-05,-0.004152957536720438
2001-01-08,0.006219516849489216
2001-01-09,0.00967118123956984
2001-01-10,-0.0034168568325538724
2001-01-11,0.007722076288061833
2001-01-12,0.007567792393986403
2001-01-15,-0.010553307520835352
2001-01-16,-0.0075845645078096435
2001-01-17,0.014228646573216715
2001-01-18,-0.014042048223332874
2001-01-19,-0.0019494200015790636
2001-01-22,0.006011668773677887
2001-01-23,-0.03342070968505493
2001-01-24,-0.003925671601357983
2001-01-25,0.011750472016957962
2001-01-26,0.01766001101059987
2001-01-29,-0.007006724867015299
2001-01-30,-0.024364518544105415
2001-01-31,-0.0035472208156759368
2001-02-01,0.009681612072044092
2001-02-02,0.004242672122808051
2001-02-05,-0.029102207409497052
2001-02-06,-0.02201070382579283
2001-02-07,-0.009296420891908484
2001-02-08,0.01303193648399242
2001-02-09,0.0019211729256775265
2001-02-12,0.010157001684813316
2001-02-13,0.009828235216928886
2001-02-14,0.013296661734551556
2001-02-15,0.006674449229045063
2001-02-16,0.005178122189295201
2001-02-19,0.005253512121338188
2001-02-20,-0.016252112376599674
2001-02-21,-0.005091143489737028
2001-02-22,0.016101032730440626
2001-02-23,-0.0038711778490637914
2001-02-26,0.015360353917317375
2001-02-27,-0.0007155599501755296
2001-02-28,0.002833958422307565
2001-03-01,0.008798295565310692
2001-03-02,0.00043818646177548604
2001-03-05,0.002962777720005968
2001-03-06,0.00863530688185215
2001-03-07,-0.02208741018672431
2001-03-08,0.005203679934405056
2001-03-09,0.006569117110361681
2001-03-12,0.0007900331252212144
2001-03-13,0.011993335562884752
2001-03-14,-0.002212246785663806
2001-03-15,0.007381452657935307
2001-03-16,-0.004745392177706968
2001-03-19,-0.007927361558175777
2001-03-20,-0.003588569089964449
2001-03-21,0.01119424353637772
2001-03-22,0.004297913463315109
2001-03-23,0.01930903944300449
2001-03-26,0.001052655678954708
2001-03-27,-0.005524817162182734
2001-03-28,-0.0001402786321956541
2001-03-29,0.005541460107755605
2001-03-30,-0.0009871273236777868
2001-04-02,0.001064257785670427
2001-04-03,0.010226369949968913
2001-04-04,0.015387128070746707
2001-04-05,-0.032163958676361626
2001-04-06,0.0031479976388717676
2001-04-09,-0.00010588272435134785
2001-04-10,0.013655116323532347
2001-04-11,-0.005260932647686602
2001-04-12,0.011956427349824205
2001-04-13,0.009242033627774041
2001-04-16,0.003940923356286624
2001-04-17,0.0036654945423808885
2001-04-18,0.009016149681763872
2001-04-19,0.018665277176838833
2001-04-20,0.006080981006137857
2001-04-23,-0.0008000007531219905
2001-04-24,-0.009682092817029891
2001-04-25,-0.003371894898675426
2001-04-26,-0.019648971408613485
2001-04-27,-0.010737339726911564
2001-04-30,0.006362505552184438
2001-05-01,0.0033540462663779608
2001-05-02,0.010265093453512139
2001-05-03,0.0014477928972234239
2001-05-04,0.011148405994105359
2001-05-07,-0.06241931322535984
2001-05-08,-0.002979604888398695
2001-05-09,-0.005299356881175731
2001-05-10,-0.015182920478807704
2001-05-11,-0.0030962571488745497
2001-05-14,0.016164741225637616
2001-05-15,0.008594814894055908
2001-05-16,0.006094181050275083
2001-05-17,0.010231299467682723
2001-05-18,0.0009412740112509296
2001-05-21,-0.005555508584619749
2001-05-22,0.013397953741764883
2001-05-23,0.01082853970533801
2001-05-24,0.007349408366124167
2001-05-25,0.0026806340120271582
2001-05-28,0.004796454488118808
2001-05-29,-0.027444713094412945
2001-05-30,0.0129737140610934
2001-05-31,-0.0035788979256783683
2001-06-01,0.005886083792506443
2001-06-04,0.02018572711593256
2001-06-05,-0.004255450638695056
2001-06-06,0.013646267214858806
2001-06-07,-0.0018370040485278238
2001-06-08,0.00407585970341328
2001-06-11,0.01312066222026932
2001-06-12,-0.021733519421311277
2001-06-13,-0.0266268027002061
2001-06-14,0.0012582105170667844
2001-06-15,-0.005995950574668091
2001-06-18,0.0020783838307623682
2001-06-19,0.009021981638659256
2001-06-20,0.005607711715216065
2001-06-21,-0.006098616227321656
2001-06-22,0.000876107999586314
2001-06-25,-0.0009195151480667629
2001-06-26,-0.019001366069799873
2001-06-27,-0.0052571608408508025
2001-06-28,0.013628103444851583
2001-06-29,-0.022500541870622594
2001-07-02,0.019077480245613822
2001-07-03,-0.005070925971788778
2001-07-04,-0.014449255584292067
2001-07-05,0.005138189142998899
2001-07-06,-0.049650134713511825
2001-07-09,0.00032541826942968435
2001-07-10,0.014849688646309757
2001-07-11,0.0032847344013780984
2001-07-12,0.01263614221001752
2001-07-13,-0.040047981311021115
2001-07-16,-0.010540074049381808
2001-07-17,0.016832085975935593
2001-07-18,0.00946542870437277
2001-07-19,-0.020549643915161328
2001-07-20,0.004619155762141485
2001-07-23,0.001542393815923266
2001-07-24,0.0032032870122002954
2001-07-25,0.008353305581914404
2001-07-26,-0.008675992049308516
2001-07-27,0.014198265047420928
2001-07-30,0.020143514482075277
2001-07-31,0.018736173824437378
2001-08-01,0.017433914776178498
2001-08-02,0.011466345348302143
2001-08-03,0.01816617538826467
2001-08-06,0.0010679269109846526
2001-08-07,-0.023486723427539435
2001-08-08,0.007426889994389733
2001-08-09,0.012710371942905911
2001-08-10,0.0083896028762784
2001-08-13,0.01620141332845696
2001-08-14,-0.005278138581304586
2001-08-15,0.006530711409980995
2001-08-16,-0.00861183490543841
2001-08-17,0.011211819449007222
2001-08-20,-0.015139698395827121
2001-08-21,-0.004835971585667176
2001-08-22,0.01752187064442544
2001-08-23,-0.011698847844313673
2001-08-24,1.898499501673534e-05
2001-08-27,0.0030398052299270457
2001-08-28,0.017274898207850352
2001-08-29,-0.009052317591560895
2001-08-30,0.012831389292444012
2001-08-31,0.0003649894043630218
2001-09-03,-0.010087966646506172
2001-09-04,0.008090008746798716
2001-09-05,-0.006399700447514381
2001-09-06,-0.00039444977654255753
2001-09-07,0.002607359115298011
2001-09-10,-0.0025961475135751963
2001-09-11,0.01744831581654993
2001-09-12,0.010908452812199336
2001-09-13,0.009673130944104595
2001-09-14,0.0013935606132392114
2001-09-17,0.001189821745231353
2001-09-18,-0.023894520068657457
2001-09-19,-0.010596648803712694
2001-09-20,0.009526852333499265
2001-09-21,0.013370550515633258
2001-09-24,0.016725667104175425
2001-09-25,0.010804085201083072
2001-09-26,0.016088707369536395
2001-09-27,-0.005031778038559906
2001-09-28,-0.022197628308573934
2001-10-01,-0.008939107508562062
2001-10-02,-0.011228979583504356
2001-10-03,-0.009144107420123976
2001-10-04,0.014101999841731003
2001-10-05,0.006155284334055374
2001-10-08,0.00915793831218083
2001-10-09,0.0022217986051812563
2001-10-10,-0.003882986806697176
2001-10-11,0.014763320151102164
2001-10-12,-0.0024266575844025078
2001-10-15,0.0018952474534551858
2001-10-16,0.003328685748955961
2001-10-17,0.01437864205598989
2001-10-18,0.0037536671474333455
2001-10-19,-0.004735620699873919
2001-10-22,-0.016383217063985253
2001-10-23,-0.0032898657296033737
2001-10-24,0.009827886883701804
2001-10-25,0.006966606387691775
2001-10-26,-0.011251612313529363
2001-10-29,0.011861376161189412
2001-10-30,-0.0002509758319300809
2001-10-31,0.017228936026859612
2001-11-01,-0.001023000924392413
2001-11-02,0.003510824578801912
2001-11-05,0.009943366707387543
2001-11-06,0.0025094988143831015
2001-11-07,-0.0020627648732859938
2001-11-08,-0.003224860846170314
2001-11-09,0.01437372381088131
2001-11-12,0.00829953539985058
2001-11-13,0.0008545621202991315
2001-11-14,0.0004325561201285258
2001-11-15,-0.012839193251805964
2001-11-16,-0.021279286849765613
2001-11-19,-0.0027404319697958562
2001-11-20,0.0010030220502003431
2001-11-21,0.0052028574507019636
2001-11-22,0.021073158210866243
2001-11-23,0.006568620927096678
2001-11-26,-0.0007536411125209433
2001-11-27,4.438030994758507e-05
2001-11-28,-0.003956928570402956
2001-11-29,-0.01728733579321977
2001-11-30,-0.0017975271150291981
2001-12-03,-0.025026131369510964
2001-12-04,0.010487740820788207
2001-12-05,0.01651343183232897
2001-12-06,-0.009690631165053025
2001-12-07,0.011876959401089605
2001-12-10,0.006087108398108505
2001-12-11,0.013620900837827144
2001-12-12,0.0030282444358955794
2001-12-13,0.007532551947605368
2001-12-14,0.015958315664564588
2001-12-17,0.006060556394514919
2001-12-18,-0.002747938518560585
2001-12-19,0.017601577277945965
2001-12-20,0.014724387269096273
2001-12-21,-0.010715423860008746
2001-12-24,0.01385574966450987
2001-12-25,0.0033835982996757025
2001-12-26,-0.011499958636915955
2001-12-27,-0.021219067141637654
2001-12-28,-0.001447246629032093
2001-12-31,0.00031810650668500154
2002-01-01,0.016931790994851766
2002-01-02,0.0011421413242837485
2002-01-03,0.01867060474757935
2002-01-04,0.0026972715350247825
2002-01-07,0.004744260014760658
2002-01-08,0.002815688379346374
2002-01-09,0.013430004062611047
2002-01-10,-0.006696073847491199
2002-01-11,-0.006651763548772102
2002-01-14,-0.0058948962952471776
2002-01-15,0.014878947415903464
2002-01-16,0.020643970210596836
2002-01-17,0.011663923204846785
2002-01-18,0.013001583938809728
2002-01-21,0.015252619239324042
2002-01-22,0.01777448062959181
2002-01-23,0.017899678668419787
2002-01-24,0.001798914062539219
2002-01-25,-0.0024406381590914503
2002-01-28,0.004113858996549771
2002-01-29,0.015872022737096644
2002-01-30,-0.014534190060695389
2002-01-31,-0.023173050359286365
2002-02-01,0.004670980465988149
2002-02-04,0.006186359346201167
2002-02-05,-0.03591272330428321
2002-02-06,-0.0036634684486640187
2002-02-07,-0.01718711949611377
2002-02-08,-0.007612391987049001
2002-02-11,0.008303268743907539
2002-02-12,-0.013095968983707684
2002-02-13,0.013823443066149075
2002-02-14,-0.009921041065172782
2002-02-15,-0.0016919593845923682
2002-02-18,0.005184666348316692
2002-02-19,0.0004028159378843127
2002-02-20,-0.01413742297786192
2002-02-21,0.013750574365604975
2002-02-22,0.006462399021204379
2002-02-25,-0.005548893731344359
2002-02-26,0.003933174543527641
2002-02-27,0.018317703390036206
2002-02-28,0.004625826259621053
2002-03-01,0.0031476098198616777
2002-03-04,-0.014943093854985344
2002-03-05,0.017939256440014286
2002-03-06,0.007442521652081854
2002-03-07,0.0034120264504888913
2002-03-08,0.0022518678336376427
2002-03-11,0.018066357027755785
2002-03-12,-0.01979467614432072
2002-03-13,0.003650437726896296
2002-03-14,0.0030250932258407345
2002-03-15,-0.002181965596860777
2002-03-18,0.0057423781063894
2002-03-19,0.0023445682390517628
2002-03-20,-0.02200679800164973
2002-03-21,0.0015852068410035745
2002-03-22,-0.020128055745527916
2002-03-25,-0.003737984642556435
2002-03-26,-0.027064791495283257
2002-03-27,-0.00773012698514184
2002-03-28,0.008181748148220126
2002-03-29,-0.005279312665945186
2002-04-01,-0.013382798800167767
2002-04-02,-0.004902167109223296
2002-04-03,0.010827598971648268
2002-04-04,0.01691972193798965
2002-04-05,0.0078046620370974505
2002-04-08,0.011072046090923776
2002-04-09,-0.02218437080723415
2002-04-10,0.01349261592358246
2002-04-11,-0.004001336900514203
2002-04-12,0.0068839692827928935
2002-04-15,0.006737687853776531
2002-04-16,0.002397888101020037
2002-04-17,-0.010357947395744832
2002-04-18,0.0065902925464572035
2002-04-19,0.0030562695679886218
2002-04-22,0.00317698076957491
2002-04-23,0.005713080869049664
2002-04-24,0.0064134408657719084
2002-04-25,-0.013786539458546063
2002-04-26,0.00476172300274956
2002-04-29,0.005742521147480924
2002-04-30,0.0025292691649401004
2002-05-01,0.008071432077488762
2002-05-02,-0.0147286231380616
2002-05-03,0.005046123125166939
2002-05-06,0.009622696120423792
2002-05-07,0.013453450717966053
2002-05-08,0.016129284782938756
2002-05-09,0.002000096309726841
2002-05-10,0.00034869080380412615
2002-05-13,0.0013921103469757001
2002-05-14,-0.0001725800060114087
2002-05-15,0.011374153518619645
2002-05-16,0.004479482054726681
2002-05-17,-0.006648042474882675
2002-05-20,-0.0009442775905738297
2002-05-21,-7.010759516440021e-05
2002-05-22,-0.005492651764989309
2002-05-23,0.001510198241765997
2002-05-24,0.0018260675610027172
2002-05-27,-0.026292926669533825
2002-05-28,-0.006227875144359782
2002-05-29,-0.00836988759028029
2002-05-30,-0.00811857373250794
2002-05-31,0.012813996422625594
2002-06-03,-0.001743831443736632
2002-06-04,0.0010513785212818948
2002-06-05,0.002150328924471482
2002-06-06,0.010318956281648478
2002-06-07,-0.005385899848405741
2002-06-10,0.006077136763607934
2002-06-11,0.01561854094707044
2002-06-12,0.007188938117629919
2002-06-13,-0.0005359290343473315
2002-06-14,0.008627049972354327
2002-06-17,-0.0020293579125299117
2002-06-18,0.016362106531982466
2002-06-19,0.009656222289171991
2002-06-20,-0.0006778807884313676
2002-06-21,-0.013297483917228438
2002-06-24,0.006795570415854726
2002-06-25,-0.0036819429348882576
2002-06-26,-0.0025468220638393373
2002-06-27,-0.011712524218029027
2002-06-28,-0.014993746140561301
2002-07-01,-0.011120363271013747
2002-07-02,0.005792757023813478
2002-07-03,0.011583001375637917
2002-07-04,-0.008213350050432895
2002-07-05,-0.002247165527821674
2002-07-08,-0.0006890680191385216
2002-07-09,0.011934758903566272
2002-07-10,-0.002885971082189489
2002-07-11,0.0018165455305949423
2002-07-12,-0.008311029117592808
2002-07-15,-0.011767218130380779
2002-07-16,0.008250514090936804
2002-07-17,0.004377222858468765
2002-07-18,0.015778548136619608
2002-07-19,-0.009875562896579676
2002-07-22,0.011864920918065583
2002-07-23,0.01298870081754171
2002-07-24,0.013180094727646493
2002-07-25,0.014471076333956794
2002-07-26,-0.02018877414816128
2002-07-29,0.016618817409295265
2002-07-30,-0.026307602026603483
2002-07-31,-0.012957221222584685
2002-08-01,0.00717642818385918
2002-08-02,-0.011352022477145528
2002-08-05,0.003730446845191533
2002-08-06,0.005779397415760411
2002-08-07,0.011315107175735596
2002-08-08,0.002066210454629073
2002-08-09,-0.02015160424304438
2002-08-12,0.0016925068439119922
2002-08-13,-0.02040143476593833
2002-08-14,0.004179699815466606
2002-08-15,0.015168504373896847
2002-08-16,-0.028256621303648304
2002-08-19,0.01313487852858382
2002-08-20,-0.00228957519828216
2002-08-21,0.007511064207343512
2002-08-22,0.004143791519599805
2002-08-23,0.0009501720136098589
2002-08-26,-0.01043705480550855
2002-08-27,0.010252950281818005
2002-08-28,-0.03035892562204709
2002-08-29,-0.01169374236466176
2002-08-30,0.0024759174137701477
2002-09-02,0.01223574369940388
2002-09-03,-0.00583387282141376
2002-09-04,-0.007976973523817897
2002-09-05,0.00042111882043400356
2002-09-06,0.011042202346672013
2002-09-09,0.01352374561143713
2002-09-10,0.01389950774731391
2002-09-11,-0.017005501857659727
2002-09-12,-0.003676910619859343
2002-09-13,-0.014564656141468853
2002-09-16,-0.007750295103004026
2002-09-17,-0.005239253841487629
2002-09-18,0.016644395720276074
2002-09-19,-0.005482048121596035
2002-09-20,0.001721545812273871
2002-09-23,0.008986785407254443
2002-09-24,0.00038901934004308483
2002-09-25,-0.01449502688467691
2002-09-26,-0.009582797002223746
2002-09-27,-0.008740632309804
2002-09-30,-0.014509379159756516
2002-10-01,0.00014666101486194433
2002-10-02,-0.0063797903993328825
2002-10-03,0.012232997094325834
2002-10-04,-0.010087238486131078
2002-10-07,0.01848475279426175
2002-10-08,0.006700456468997366
2002-10-09,-0.008374068704071091
2002-10-10,-0.010673185949399207
2002-10-11,0.005530175350391329
2002-10-14,0.008004750254108194
2002-10-15,-0.004478666573016578
2002-10-16,-0.0037925622910986063
2002-10-17,0.005920026205195713
2002-10-18,0.010856821833647832
2002-10-21,0.0030715032083989784
2002-10-22,0.01653274330962026
2002-10-23,0.02121760870390112
2002-10-24,-0.007838045494685579
2002-10-25,0.003242432019626377
2002-10-28,-0.008121167965142034
2002-10-29,0.0018309120839520576
2002-10-30,-0.006341243799436555
2002-10-31,-0.0556838345579786
2002-11-01,0.008949228441648097
2002-11-04,-0.01217985166598616
2002-11-05,0.013034641228191576
2002-11-06,0.010914039191812747
2002-11-07,0.0048222901640112385
2002-11-08,0.012464226152102539
2002-11-11,-0.011616867795593296
2002-11-12,-0.04274160056372458
2002-11-13,-0.014206751734078898
2002-11-14,0.013311856861899944
2002-11-15,-0.000612410783017471
2002-11-18,0.015616939290120316
2002-11-19,0.00670839934048072
2002-11-20,0.015424076060772817
2002-11-21,-0.0034476955375779585
2002-11-22,-0.0005705437796429194
2002-11-25,0.006226290116211442
2002-11-26,-0.003364147818565439
2002-11-27,-0.012247253691130479
2002-11-28,0.015254306751184912
2002-11-29,-0.018233759657213085
2002-12-02,0.003978734354798084
2002-12-03,0.012918548350640624
2002-12-04,0.012089081167511527
2002-12-05,-0.000313718912603074
2002-12-06,0.018974077167820208
2002-12-09,0.010531412411001544
2002-12-10,-0.004578047498011835
2002-12-11,0.0020085496272203886
2002-12-12,0.0018495467985449598
2002-12-13,-0.002939016791242588
2002-12-16,-0.028398134493223037
2002-12-17,0.009477132579862643
2002-12-18,0.0053748562584971064
2002-12-19,0.004510054330036581
2002-12-20,-0.006733398147587583
2002-12-23,-0.025039966342504827
2002-12-24,-0.0006281164509474892
2002-12-25,-0.011706035199344073
2002-12-26,0.0059519112270913395
2002-12-27,0.005753735476252929
2002-12-30,-0.028476991144572056
2002-12-31,-0.04272888714263564
2003-01-01,-0.0016791030860346529
2003-01-02,-0.007911348229579833
2003-01-03,-0.04934246908394408
2003-01-06,0.007265431482213709
2003-01-07,-0.009849084752140892
2003-01-08,-0.0231156048178636
2003-01-09,0.011666786641866678
2003-01-10,-0.02816411444067938
2003-01-13,-0.023717728449147227
2003-01-14,-0.009201478043409053
2003-01-15,0.016763784275153605
2003-01-16,-0.007553806438586191
2003-01-17,-0.018940861306167484
2003-01-20,-0.004973915443392332
2003-01-21,0.004782799983774715
2003-01-22,-0.008263051175509156
2003-01-23,0.014247510505129778
2003-01-24,0.0035940298928369835
2003-01-27,0.007083774741330713
2003-01-28,-0.027476983261886224
2003-01-29,-0.0003409003780475116
2003-01-30,-0.014278566199154581
2003-01-31,0.006741418330677474
2003-02-03,-0.001308202051354873
2003-02-04,0.017037171955555305
2003-02-05,-0.01117516796900004
2003-02-06,0.0089394888870671
2003-02-07,0.012990286342625201
2003-02-10,-0.010499167749801343
2003-02-11,-0.0038050601393495795
2003-02-12,0.005657671215950368
2003-02-13,0.0001311449479935549
2003-02-14,-0.020261566463410645
2003-02-17,0.017985683026160854
2003-02-18,0.010877194135258835
2003-02-19,0.005088298751189026
2003-02-20,0.004479360204236456
2003-02-21,0.01616604838577896
2003-02-24,-0.01407597390147683
2003-02-25,-0.0045051409610381635
2003-02-26,0.015203882933545635
2003-02-27,-0.014604341597166004
2003-02-28,0.0027543247309836025
2003-03-03,-0.0042561750958913964
2003-03-04,0.0031430545574624574
2003-03-05,-0.013410373977953777
2003-03-06,-0.023745770030554073
2003-03-07,0.00848878105817805
2003-03-10,0.01727183788409732
2003-03-11,-0.004480964771108389
2003-03-12,0.006640938982323496
2003-03-13,0.014803885753562592
2003-03-14,0.0085184640673555
2003-03-17,-0.02586603965971504
2003-03-18,0.019700989716389603
2003-03-19,0.015982059011721065
2003-03-20,0.004740506815872063
2003-03-21,0.0167660739192532
2003-03-24,0.0011256639096950405
2003-03-25,-0.002037712621311978
2003-03-26,-0.007253876777950655
2003-03-27,0.006428362249725501
2003-03-28,-0.017153409315338902
2003-03-31,-0.00017565850383444506
2003-04-01,-0.016284166306999713
2003-04-02,0.013477253919848402
2003-04-03,0.0072024098575564355
2003-04-04,-0.011661495696533644
2003-04-07,-0.0025585041486501335
2003-04-08,0.01618736246615743
2003-04-09,0.0033766962736364765
2003-04-10,-0.014027378146787318
2003-04-11,-0.006295237197309102
2003-04-14,0.016442968738050654
2003-04-15,0.012590647362279137
2003-04-16,0.018275789118760495
2003-04-17,0.017131957812831784
2003-04-18,0.014018678995310743
2003-04-21,-0.007815302067267792
2003-04-22,0.0165440999675123
2003-04-23,0.01059751028853156
2003-04-24,0.0014468594565960162
2003-04-25,0.003781873730632105
2003-04-28,-0.006284667878751045
2003-04-29,-0.015705570595218744
2003-04-30,-0.02195292903891201
2003-05-01,-0.03337341842551074
2003-05-02,-0.006475556694374669
2003-05-05,-0.026979705220797977
2003-05-06,0.011237094389350302
2003-05-07,0.015703038418499213
2003-05-08,-0.010083036868418868
2003-05-09,0.001414702875095479
2003-05-12,0.005629123221503288
2003-05-13,0.01580197513262872
2003-05-14,0.021609194973774525
2003-05-15,-0.010329214119037894
2003-05-16,0.012941849973739377
2003-05-19,-0.005114331400375625
2003-05-20,-0.008077702167462647
2003-05-21,0.0014716677827630725
2003-05-22,0.015963660907094748
2003-05-23,0.0073722556941549396
2003-05-26,0.0019224077189056651
2003-05-27,0.013724601682495596
2003-05-28,0.016026553511043283
2003-05-29,0.005269515133785076
2003-05-30,0.008375032855935587
2003-06-02,-0.00018518982690834615
2003-06-03,0.014939082069268226
2003-06-04,-0.008725598516382091
2003-06-05,-0.0140221398037099
2003-06-06,0.005559430420517292
2003-06-09,0.0009386210808923559
2003-06-10,0.00014741778635015204
2003-06-11,0.002712663453912828
2003-06-12,0.00219065287463888
2003-06-13,-0.002287854411499937
2003-06-16,0.003594000251046562
2003-06-17,0.009079349148242804
2003-06-18,0.014202347839444449
2003-06-19,-0.018968787019150078
2003-06-20,0.003003940277883789
2003-06-23,-0.05890543081126761
2003-06-24,0.01879617991819802
2003-06-25,0.013614257105681577
2003-06-26,-0.0024807754916730956
2003-06-27,-0.005439979119152536
2003-06-30,0.014797704255564472
2003-07-01,0.017672045434666744
2003-07-02,-0.046032072079085655
2003-07-03,0.00986243981729663
2003-07-04,-0.003047253232237597
2003-07-07,0.007089062747874849
2003-07-08,-0.006709664518966374
2003-07-09,0.0011843047161030143
2003-07-10,0.013629545750128678
2003-07-11,0.0008687216769882773
2003-07-14,0.007320502622098334
2003-07-15,0.010253534649047508
2003-07-16,0.008133430623033535
2003-07-17,0.014347966183016658
2003-07-18,0.006116521418464686
2003-07-21,0.004711995835379807
2003-07-22,-0.009180702442545846
2003-07-23,0.005483460372410143
2003-07-24,-0.024160141257443833
2003-07-25,-0.009136266921493205
2003-07-28,-0.012175763228637906
2003-07-29,0.0011420418121358897
2003-07-30,-0.02269104881711994
2003-07-31,0.000906921671212254
2003-08-01,-0.006851759969529379
2003-08-04,0.015828355937712747
2003-08-05,0.014400498380784822
2003-08-06,0.011098489470233295
2003-08-07,-0.005690369598157399
2003-08-08,0.0051860444906982744
2003-08-11,0.002501099940912424
2003-08-12,0.018076073102923598
2003-08-13,-0.0075990319803803455
2003-08-14,0.011407587779667687
2003-08-15,-0.00576850503589485
2003-08-18,0.015521324464723745
2003-08-19,0.00715135177819377
2003-08-20,0.020288866160097466
2003-08-21,0.0011934043886826055
2003-08-22,0.002492852491985085
2003-08-25,0.018911913756063825
2003-08-26,-0.021081816372882527
2003-08-27,0.004001300618450443
2003-08-28,-0.020243958309321533
2003-08-29,-0.000854512013933488
2003-09-01,0.00760302052715537
2003-09-02,0.000748807029031219
2003-09-03,-0.01496465542549661
2003-09-04,0.0003610747017678412
2003-09-05,-0.0018439259317593812
2003-09-08,-0.01224184930687574
2003-09-09,-0.002769252638437497
2003-09-10,-0.00913412493053229
2003-09-11,-0.020968701051117998
2003-09-12,-0.02525224667925461
2003-09-15,-0.001816606837586058
2003-09-16,-0.01991776678185571
2003-09-17,-0.0012349062658355836
2003-09-18,-0.021258780568328008
2003-09-19,0.01060967171516399
2003-09-22,0.0034893005679213183
2003-09-23,-0.009385970743338738
2003-09-24,0.018848628168544435
2003-09-25,0.001800180819633089
2003-09-26,-0.030175815819481137
2003-09-29,0.007657617484663804
2003-09-30,-0.01712283297501825
2003-10-01,-0.0021354047511524255
2003-10-02,-0.0023874010672613258
2003-10-03,-0.010657325488578694
2003-10-06,0.019635630259381164
2003-10-07,0.009951251339701803
2003-10-08,-0.015896379899099998
2003-10-09,-0.010986336110412581
2003-10-10,0.010158574792353338
2003-10-13,0.0071737537877935645
2003-10-14,-0.0319500275920208
2003-10-15,0.023244378386973134
2003-10-16,-0.007184610606130591
2003-10-17,0.01302493165879296
2003-10-20,0.0016855809376854734
2003-10-21,0.014406186063632004
2003-10-22,0.007767066033232253
2003-10-23,-0.0005335763632791854
2003-10-24,0.007215006548587137
2003-10-27,0.01661702928693694
2003-10-28,0.00922734129773117
2003-10-29,0.010320044490246818
2003-10-30,0.006838309119867426
2003-10-31,-0.004334708164045426
2003-11-03,0.009146428446064728
2003-11-04,0.020743218325050123
2003-11-05,0.009052681979985044
2003-11-06,-0.009043360765433814
2003-11-07,0.016029447356502774
2003-11-10,0.01745341105593365
2003-11-11,0.00030819012711333707
2003-11-12,-0.0025502795805542183
2003-11-13,0.00011229778088221731
2003-11-14,0.0025186086994029196
2003-11-17,0.003841360009250165
2003-11-18,-0.0011606300695596108
2003-11-19,0.007990910500502695
2003-11-20,-0.002793014853084152
2003-11-21,0.001407501358875532
2003-11-24,-0.016531437603846982
2003-11-25,-0.017298784349501155
2003-11-26,0.011640718987504774
2003-11-27,0.0008127640109816398
2003-11-28,0.0060288674631814795
2003-12-01,-0.008722710690446375
2003-12-02,0.01509322454325006
2003-12-03,-0.004373974593762871
2003-12-04,0.02095100072801964
2003-12-05,-0.021217330707464725
2003-12-08,-0.0003130590696202064
2003-12-09,0.009145061655954374
2003-12-10,0.003925489986291823
2003-12-11,0.0023445793664073553
2003-12-12,-0.008199977379556127
2003-12-15,-0.01373376282242627
2003-12-16,0.009052298110270494
2003-12-17,-0.02277457728163594
2003-12-18,-0.004101303734293661
2003-12-19,0.019056670778725037
2003-12-22,-0.0039943379242080995
2003-12-23,-0.0048906846538999925
2003-12-24,0.013275283953912538
2003-12-25,0.01410318911313206
2003-12-26,-0.00913736617385228
2003-12-29,0.007449782099711092
2003-12-30,0.013103472376483327
2003-12-31,-0.023169611895633754
2004-01-01,-0.00387646489133172
2004-01-02,0.009261096438438355
2004-01-05,0.009947422275982415
2004-01-06,0.005483516004874393
2004-01-07,-0.01244293763469835
2004-01-08,0.011691774275444806
2004-01-09,-0.005380170864736321
2004-01-12,-0.007882705048748322
2004-01-13,-0.028817592758218123
2004-01-14,0.002595411187970926
2004-01-15,0.0011119035398932837
2004-01-16,-0.003261243797869396
2004-01-19,0.008548605896210454
2004-01-20,0.01910809016562736
2004-01-21,-0.001491789276549551
2004-01-22,0.008428769996331919
2004-01-23,0.01407525264502104
2004-01-26,0.0021600992351084453
2004-01-27,0.00818561597894222
2004-01-28,0.00266478211516186
2004-01-29,-0.0015977680071117238
2004-01-30,0.00652977614375299
2004-02-02,-0.006507236474564693
2004-02-03,0.0006326173639862633
2004-02-04,0.012579616913364759
2004-02-05,0.0027415844639093606
2004-02-06,0.00021696012897078412
2004-02-09,-0.008756346230847666
2004-02-10,-0.004202958028686619
2004-02-11,-0.001428908896638409
2004-02-12,0.005983446003261689
2004-02-13,-0.012565328241013314
2004-02-16,-0.007950479857598551
2004-02-17,0.008679978264343562
2004-02-18,0.02091183836125393
2004-02-19,-0.007558854521173566
2004-02-20,8.279208042880418e-05
2004-02-23,-0.008890642857461016
2004-02-24,-0.005237676469372472
2004-02-25,0.014904617888732928
2004-02-26,0.0060344252299441015
2004-02-27,0.0067069162070824626
2004-03-01,0.007396066724522483
2004-03-02,-0.012099903250430588
2004-03-03,0.013340922027064538
2004-03-04,0.00790579171948095
2004-03-05,0.016666969347612876
2004-03-08,0.02107623485137012
2004-03-09,-0.005249087680654543
2004-03-10,0.013213942525824874
2004-03-11,-0.00750311884103437
2004-03-12,0.007467270304522541
2004-03-15,0.0006813984638277572
2004-03-16,-0.01948680892997679
2004-03-17,-0.021652039313032924
2004-03-18,0.007887936380487282
2004-03-19,-0.007690936948393623
2004-03-22,0.012249294074755297
2004-03-23,-0.012379523411278709
2004-03-24,-0.020926854697444985
2004-03-25,-0.017095434954677816
2004-03-26,-0.003318317207565386
2004-03-29,-0.00800416926404287
2004-03-30,0.0026932364358800524
2004-03-31,-0.005737819518305744
2004-04-01,-0.00899214839072355
2004-04-02,0.010306765751447877
2004-04-05,0.01593800790099554
2004-04-06,-0.01068625140042858
2004-04-07,-0.0369286822780086
2004-04-08,0.006911720313857037
2004-04-09,0.005587616448710454
2004-04-12,0.011570623830990688
2004-04-13,-0.0006429904418921474
2004-04-14,0.0008921922846173019
2004-04-15,-0.013180692868575379
2004-04-16,-0.0010065994464874897
2004-04-19,-0.01117440995444792
2004-04-20,0.008763158865698943
2004-04-21,0.006871437050639844
2004-04-22,0.009978252529768063
2004-04-23,0.0014860875930725811
2004-04-26,-0.003710817842690013
2004-04-27,0.003313239675912169
2004-04-28,0.017512325802189695
2004-04-29,0.005772111675797904
2004-04-30,0.002434527420593413
2004-05-03,0.007876737080748417
2004-05-04,-0.0025449551292508026
2004-05-05,-0.0072093458497125285
2004-05-06,0.0081680476365476
2004-05-07,0.012088151893790746
2004-05-10,0.023653194072119
2004-05-11,-0.007373516918741718
2004-05-12,-0.0010778268107477958
2004-05-13,0.008098812801547808
2004-05-14,0.009940783043097694
2004-05-17,0.015571273575946605
2004-05-18,-0.016301931081062898
2004-05-19,-0.005302226944064514
2004-05-20,0.00541940571796725
2004-05-21,0.002883197057814549
2004-05-24,-0.001795364579568623
2004-05-25,0.001637174139286636
2004-05-26,-0.006046218783203765
2004-05-27,0.008423195893637193
2004-05-28,-0.001707383381122387
2004-05-31,0.014635406207238173
2004-06-01,-0.003834273107703491
2004-06-02,-0.01869818593329616
2004-06-03,0.008839169298473875
2004-06-04,0.0018041039290755435
2004-06-07,-0.0004762650934820589
2004-06-08,-0.00491769364485593
2004-06-09,0.005400343329526804
2004-06-10,0.00571455901836114
2004-06-11,-0.004753496401753307
2004-06-14,0.0056194011432573986
2004-06-15,-0.008064175773394015
2004-06-16,-0.003665998810938983
2004-06-17,-0.02228193835490254
2004-06-18,-0.005740065596824599
2004-06-21,-0.010771327874579753
2004-06-22,0.01954486073158789
2004-06-23,-0.017453205627925447
2004-06-24,-0.0012308677784997057
2004-06-25,-0.010043321757848334
2004-06-28,0.013950076016628524
2004-06-29,-0.002259158141535343
2004-06-30,0.013297597680259008
2004-07-01,-0.005871144079632948
2004-07-02,-0.009900988110615773
2004-07-05,-0.005289093258220138
2004-07-06,0.016148541220017
2004-07-07,-0.024079264474625973
2004-07-08,0.015464565306222623
2004-07-09,-0.01839020572608218
2004-07-12,-0.015032291916829851
2004-07-13,0.0022775740327007216
2004-07-14,-0.02306186560154229
2004-07-15,0.0026329014652726086
2004-07-16,0.0030158992890593796
2004-07-19,0.01057944834880687
2004-07-20,-0.0026061489283896316
2004-07-21,0.0135592198027781
2004-07-22,0.009129880878750593
2004-07-23,0.010525289930486324
2004-07-26,0.006588952758407908
2004-07-27,0.004820335254704895
2004-07-28,0.00654293895785632
2004-07-29,-0.00030397653002964264
2004-07-30,0.022187402345909994
2004-08-02,-0.0006327659319278964
2004-08-03,-0.0019657234332579564
2004-08-04,0.013921215817457885
2004-08-05,-0.004568838688628771
2004-08-06,-0.014361771463731042
2004-08-09,-0.009375763002784962
2004-08-10,-0.008918921164909263
2004-08-11,-0.010222825351583371
2004-08-12,-0.013461478563493723
2004-08-13,0.00725078319515228
2004-08-16,0.013568640927428245
2004-08-17,-0.0033739984572085067
2004-08-18,-0.013171467322487772
2004-08-19,0.0005550716179711923
2004-08-20,0.004888122446606295
2004-08-23,0.02039996738365122
2004-08-24,0.0077233535081056015
2004-08-25,0.015534221647642982
2004-08-26,0.0035372216492242023
2004-08-27,-0.03493446662112491
2004-08-30,-0.008733920549523419
2004-08-31,2.2861767508826347e-05
2004-09-01,-0.001917295017191071
2004-09-02,-0.0167980612784348
2004-09-03,0.01762690625092054
2004-09-06,0.008178411112644935
2004-09-07,-0.011047538186596192
2004-09-08,0.0026222675974625076
2004-09-09,0.001283603188986862
2004-09-10,-0.015260344568793743
2004-09-13,-0.011667597072318354
2004-09-14,-0.0006263218851456712
2004-09-15,-0.03350401844623495
2004-09-16,-0.02336294579153285
2004-09-17,-0.010037572898984715
2004-09-20,0.0030183666564569493
2004-09-21,0.003313772833541801
2004-09-22,0.010490620949828288
2004-09-23,0.007271763285390202
2004-09-24,-0.009861544018308722
2004-09-27,0.01450239064741808
2004-09-28,0.00595811254578767
2004-09-29,0.00557439232288388
2004-09-30,-0.019709117392823876
2004-10-01,-0.01077758168445253
2004-10-04,-0.01577375915642361
2004-10-05,-0.003275292712050463
2004-10-06,0.004961218079987988
2004-10-07,0.009320252538703458
2004-10-08,0.017237196191747458
2004-10-11,0.010968328571561235
2004-10-12,0.0056330341449132675
2004-10-13,0.002965470732594025
2004-10-14,0.005877404469575593
2004-10-15,-0.004986076184177728
2004-10-18,-0.0008576820133012059
2004-10-19,-0.009059742455665869
2004-10-20,0.011744145623561972
2004-10-21,-0.0019445402049197008
2004-10-22,-0.024573652973708164
2004-10-25,0.016194353296461995
2004-10-26,0.019945848862793887
2004-10-27,0.001429354683181852
2004-10-28,0.015225780353568497
2004-10-29,0.00025710277737061096
2004-11-01,-0.008359211272261642
2004-11-02,0.009927318546845879
2004-11-03,0.0032102696646010495
2004-11-04,-0.012172259146733581
2004-11-05,-0.02011792884447746
2004-11-08,-0.004561388988120054
2004-11-09,-0.010162293167086743
2004-11-10,0.010722501546962176
2004-11-11,0.0045573194238662205
2004-11-12,0.010387846241265052
2004-11-15,0.008922109329037194
2004-11-16,-0.005541935764207188
2004-11-17,-0.004310378627889976
2004-11-18,-0.018193276093882813
2004-11-19,0.005958211891424942
2004-11-22,-0.006369350157418623
2004-11-23,0.00739517930044312
2004-11-24,0.005258362053484622
2004-11-25,-0.005593613433990605
2004-11-26,0.00966144769132149
2004-11-29,-0.001158777420026607
2004-11-30,-0.014959218700992129
2004-12-01,0.021093445576218374
2004-12-02,0.0029837218777275416
2004-12-03,-0.015092499644033482
2004-12-06,0.011155245472081006
2004-12-07,0.012421119073854951
2004-12-08,0.018485285077644326
2004-12-09,0.004127452628680493
2004-12-10,0.0015526758435481201
2004-12-13,0.004923925216424808
2004-12-14,0.009084978516307577
2004-12-15,0.009751386803979474
2004-12-16,-0.009737588333117837
2004-12-17,0.008188264196485544
2004-12-20,-0.004340567041406718
2004-12-21,0.01511065512628362
2004-12-22,0.018742227354894295
2004-12-23,-0.004389652934815087
2004-12-24,0.00028019871695158724
2004-12-27,-0.019136310461661005
2004-12-28,-0.038724105660713666
2004-12-29,0.005976295337264667
2004-12-30,0.006244934543872406
2004-12-31,-0.008620040329714203
2005-01-03,0.008248934863505138
2005-01-04,0.0054052000700629856
2005-01-05,0.01661918787893013
2005-01-06,0.0003894857955024332
2005-01-07,0.009854222795588459
2005-01-10,-0.010781287752507487
2005-01-11,0.010625831580081272
2005-01-12,0.007663877477609774
2005-01-13,0.00630591189383314
2005-01-14,-0.025639714221691604
2005-01-17,-0.007938150300720613
2005-01-18,0.011829284067403873
2005-01-19,-0.010338312766680964
2005-01-20,-0.006330952989056025
2005-01-21,-0.0077348863335539655
2005-01-24,0.013267649715602845
2005-01-25,-0.01070779971386053
2005-01-26,-0.019516230145084495
2005-01-27,-0.013524349293906716
2005-01-28,-0.004817318722121128
2005-01-31,-0.006400559582730156
2005-02-01,0.0063257754331471905
2005-02-02,-0.008281100887372994
2005-02-03,0.018412611710010275
2005-02-04,0.002224211226479495
2005-02-07,0.0010065857941080857
2005-02-08,0.013006504629567022
2005-02-09,0.00313583309501202
2005-02-10,-0.025143038704155678
2005-02-11,0.01178025405575613
2005-02-14,0.0149904145240864
2005-02-15,-0.0038741458068952093
2005-02-16,0.004879920189856186
2005-02-17,-0.029074543753180748
2005-02-18,0.0023787276077510064
2005-02-21,-0.003221080910945622
2005-02-22,0.010028329461828755
2005-02-23,-0.004848484996293104
2005-02-24,0.014320792176546276
2005-02-25,-0.01338549708975123
2005-02-28,0.0161569744072386
2005-03-01,0.01843515317577228
2005-03-02,0.005727732441938027
2005-03-03,-0.0008889266036687452
2005-03-04,0.020138495824408516
2005-03-07,0.010209453853458944
2005-03-08,0.0020140340431481774
2005-03-09,-0.0009135335452178268
2005-03-10,-0.023413350257745644
2005-03-11,0.015852675843546535
2005-03-14,0.004366191183900605
2005-03-15,0.009214918007928875
2005-03-16,-0.003267452860481017
2005-03-17,0.011179343544291209
2005-03-18,0.004638151377488988
2005-03-21,0.0017598750778676335
2005-03-22,0.013031884260162479
2005-03-23,-0.009633398123266718
2005-03-24,0.0030716924853008525
2005-03-25,-0.041838760928182554
2005-03-28,0.009984066894938672
2005-03-29,-0.00011390589564187065
2005-03-30,-0.008259399635646168
2005-03-31,0.0009868007615995746
2005-04-01,0.013025985276427003
2005-04-04,0.011412638117940245
2005-04-05,-0.038061321882401196
2005-04-06,-0.011249813516623845
2005-04-07,-0.014695345165327667
2005-04-08,0.004714552003149686
2005-04-11,-0.015013208981970984
2005-04-12,-0.013275576874825362
2005-04-13,-0.018471386951294834
2005-04-14,0.010166549454131167
2005-04-15,-0.0026208704278980824
2005-04-18,-0.0056401865580646485
2005-04-19,-0.0037977917123359073
2005-04-20,0.013316462021295257
2005-04-21,0.016096710442968343
2005-04-22,0.009423139069733029
2005-04-25,-0.00850467684366215
2005-04-26,0.0013135139186268886
2005-04-27,-0.02126943989531506
2005-04-28,0.006861417841186917
2005-04-29,-0.008024572703545153
2005-05-02,-0.022820906523671372
2005-05-03,-0.008411759624635001
2005-05-04,0.012854439455701118
2005-05-05,0.005506413545712265
2005-05-06,0.004343353082412276
2005-05-09,0.005317477256644568
2005-05-10,0.012286368858400712
2005-05-11,0.0017271751384280373
2005-05-12,-0.0025161849769313946
2005-05-13,0.013287190334410613
2005-05-16,-0.02235745951354194
2005-05-17,0.007550376903404949
2005-05-18,-0.02565201760800507
2005-05-19,0.021102378349295754
2005-05-20,-0.02220536679117855
2005-05-23,-0.001211536868294505
2005-05-24,0.002464636483147098
2005-05-25,0.006835210530673198
2005-05-26,-0.02401968533139491
2005-05-27,0.009995857293168937
2005-05-30,0.0005398383893443666
2005-05-31,-0.010459167345133857
2005-06-01,-0.004210347969570052
2005-06-02,0.005117218726998361
2005-06-03,0.009377476998314656
2005-06-06,0.016175330683183404
2005-06-07,0.008016839798955178
2005-06-08,0.014084293328886005
2005-06-09,0.017665747098040162
2005-06-10,0.014753402964337248
2005-06-13,0.0030890033694512126
2005-06-14,-0.01598700184356027
2005-06-15,-0.0022247340145647096
2005-06-16,0.003773221488404397
2005-06-17,0.012573034471756901
2005-06-20,0.0022649811451413357
2005-06-21,0.004177621056859891
2005-06-22,0.005834775330889719
2005-06-23,0.006661754590377763
2005-06-24,0.0034856357211272004
2005-06-27,0.004351877944964614
2005-06-28,0.009877493211609956
2005-06-29,-0.004476284338359584
2005-06-30,-0.007816178933171922
2005-07-01,0.008015160096522731
2005-07-04,0.007261396796892715
2005-07-05,0.010594047350135772
2005-07-06,0.005936130921558286
2005-07-07,-0.03535200047307637
2005-07-08,0.009693532249597063
2005-07-11,0.012424761847457094
2005-07-12,0.0007638047544368323
2005-07-13,0.00710844636746551
2005-07-14,0.01623657264672052
2005-07-15,0.007487895896913111
2005-07-18,-0.023049910719511228
2005-07-19,-0.012554182453606559
2005-07-20,-0.0047340297395223295
2005-07-21,0.005473625351543811
2005-07-22,-0.014141104989741346
2005-07-25,-0.015652669287791077
2005-07-26,-0.005430467100888237
2005-07-27,-0.010498213084327662
2005-07-28,0.016389509893984713
2005-07-29,-0.012332455541063728
2005-08-01,-0.003040766880721628
2005-08-02,-0.017045904920525302
2005-08-03,0.01920750317385105
2005-08-04,-0.0019030771300317315
2005-08-05,0.01291563992668684
2005-08-08,0.007262529760950074
2005-08-09,0.015566134887507476
2005-08-10,0.011988631836956105
2005-08-11,-0.01277961912806009
2005-08-12,-0.005649890764160143
2005-08-15,0.003349189431128781
2005-08-16,0.005094683133841666
2005-08-17,-0.017877737057578766
2005-08-18,-0.0032038199010969333
2005-08-19,-0.009734687654515371
2005-08-22,0.0038682024081278313
2005-08-23,0.018581765282866352
2005-08-24,0.002769458668898297
2005-08-25,0.0011491078296170416
2005-08-26,-0.008305167526236439
2005-08-29,0.007171374308287983
2005-08-30,0.000753282834258736
2005-08-31,-0.005098942090471445
2005-09-01,-0.0075552697861095836
2005-09-02,0.013150295265190116
2005-09-05,0.0022394398833268797
2005-09-06,-0.02307020527759409
2005-09-07,0.002720875611003811
2005-09-08,-0.006771289981711136
2005-09-09,0.006574237548961109
2005-09-12,0.0021224430646564728
2005-09-13,0.01399593960428521
2005-09-14,0.006646339421555701
2005-09-15,0.002177687075191958
2005-09-16,0.01205270685422975
2005-09-19,0.010651015966809667
2005-09-20,-0.010845627405788844
2005-09-21,0.011497416212199954
2005-09-22,0.007760590661115372
2005-09-23,0.014156788614788716
2005-09-26,-0.0022723589270284943
2005-09-27,-0.00391687566045076
2005-09-28,0.0024205668269582717
2005-09-29,-0.013105981164756648
2005-09-30,-0.004145541015380633
2005-10-03,-0.009596330629840895
2005-10-04,-0.01108393303528269
2005-10-05,-0.0010611282144378197
2005-10-06,0.009729110002627689
2005-10-07,0.006833084490955654
2005-10-10,0.0015630382308111437
2005-10-11,0.011795595322916113
2005-10-12,1.7046693276678848e-06
2005-10-13,0.0008696121263778687
2005-10-14,0.008104156613230586
2005-10-17,-0.003045229573136198
2005-10-18,0.008455830319962904
2005-10-19,-0.01099475757801665
2005-10-20,-0.016627215256288137
2005-10-21,-0.012185936474212025
2005-10-24,0.01711469028187733
2005-10-25,-0.002904706021025504
2005-10-26,-0.006816977238711969
2005-10-27,0.013207386655625097
2005-10-28,0.011846274458965647
2005-10-31,0.007429988273429163
2005-11-01,0.007847178353969895
2005-11-02,0.015814360123730463
2005-11-03,0.014411423901795641
2005-11-04,0.0034308467886020114
2005-11-07,0.008831402833346637
2005-11-08,-0.013620812906571543
2005-11-09,-0.01963612765573375
2005-11-10,0.007668569460424615
2005-11-11,-0.017009633181881693
2005-11-14,-0.010269432543958755
2005-11-15,-0.0030009604892571734
2005-11-16,-0.010122268110068722
2005-11-17,0.012517271123266316
2005-11-18,-0.0021376854160014523
2005-11-21,0.011739110093830885
2005-11-22,-0.00012225519349525274
2005-11-23,0.014162949845642472
2005-11-24,-0.006199743616508331
2005-11-25,-0.002353268279450954
2005-11-28,0.017754598056659344
2005-11-29,-0.0030489043048573666
2005-11-30,0.00954500605493093
2005-12-01,-0.01136929269313177
2005-12-02,0.003012312985267253
2005-12-05,0.0009496478073896808
2005-12-06,0.008721178735128104
2005-12-07,0.014035127789219908
2005-12-08,-0.0009257953484316586
2005-12-09,0.00810104053132818
2005-12-12,-0.004453284363842444
2005-12-13,0.005201857304067838
2005-12-14,0.01793885933923115
2005-12-15,0.020758961785705028
2005-12-16,-0.02382699415413818
2005-12-19,-0.005423219145490786
2005-12-20,-0.0029144380962819218
2005-12-21,-0.022805238039406046
2005-12-22,0.01521725363893862
2005-12-23,-0.0017728402364633918
2005-12-26,0.020903093074088733
2005-12-27,0.01387283026760769
2005-12-28,-0.0009766715001555543
2005-12-29,-0.008788165207029304
2005-12-30,0.006590061336873666
2006-01-02,-0.013744292011116065
2006-01-03,0.01166479235969043
2006-01-04,0.01168177758869282
2006-01-05,-0.019028910883474665
2006-01-06,0.0024211569773098865
2006-01-09,0.0018298644929096476
2006-01-10,0.010785494502380016
2006-01-11,-0.001549680896194467
2006-01-12,0.015769984250819095
2006-01-13,-0.012545631709899613
2006-01-16,0.010391534284826792
2006-01-17,0.0015587564825014187
2006-01-18,0.0016551492764878585
2006-01-19,0.0057661285379080225
2006-01-20,-0.0225960372935125
2006-01-23,-0.01623593429201317
2006-01-24,0.013503351158403131
2006-01-25,-0.014903082172341126
2006-01-26,0.007429010478529636
2006-01-27,-0.008034011026870957
2006-01-30,0.004366635694154686
2006-01-31,0.01823008854431068
2006-02-01,0.01854251999136324
2006-02-02,-0.015128959477357352
2006-02-03,-0.028578771462374662
2006-02-06,-0.002098403460191762
2006-02-07,-0.0297900249277653
2006-02-08,0.0050346611145470205
2006-02-09,-0.004071325495494389
2006-02-10,-0.018255374402059786
2006-02-13,-0.029319910733039828
2006-02-14,-0.017652422999416523
2006-02-15,-0.011720473119854823
2006-02-16,0.015781635088680405
2006-02-17,0.009488735933298777
2006-02-20,0.002046398527993907
2006-02-21,-0.02213839863464004
2006-02-22,0.011481577249444984
2006-02-23,-0.006372069996510674
2006-02-24,0.017266441537817437
2006-02-27,0.013765209032608415
2006-02-28,0.00032840056978756735
2006-03-01,0.006740101888048217
2006-03-02,-0.009929314444638092
2006-03-03,0.006901919696046959
2006-03-06,-0.009940948532626163
2006-03-07,-0.04912059508052146
2006-03-08,0.013220059094654311
2006-03-09,0.004042606920281619
2006-03-10,0.006176887512471599
2006-03-13,0.007879825348708382
2006-03-14,0.009270476792688727
2006-03-15,0.00612742661252556
2006-03-16,0.014414051005919536
2006-03-17,0.001893364853184358
2006-03-20,-0.005752732635606939
2006-03-21,0.006567182023621391
2006-03-22,0.004887101491436761
2006-03-23,0.001047065755113142
2006-03-24,-0.016848853372392232
2006-03-27,0.012480285227581628
2006-03-28,-0.0005663737695156615
2006-03-29,0.012957078363166535
2006-03-30,-0.013929560062734735
2006-03-31,0.013178416895944449
2006-04-03,0.008393221858522946
2006-04-04,-0.004582443255230936
2006-04-05,0.017148388582695136
2006-04-06,0.0033997996047815844
2006-04-07,-0.026285224582144585
2006-04-10,0.0012311402047925323
2006-04-11,0.007879652284037548
2006-04-12,-0.002700097133256772
2006-04-13,0.0033566150022169387
2006-04-14,0.01049585740598099
2006-04-17,-0.005499069139844881
2006-04-18,0.0006379254959934869
2006-04-19,-7.595166844789891e-05
2006-04-20,0.0049492259072357395
2006-04-21,-0.006711561027082008
2006-04-24,0.0011017062969419546
2006-04-25,0.0005401844353991013
2006-04-26,-0.014795453269171352
2006-04-27,-0.010942965690421316
2006-04-28,0.017287798496261504
2006-05-01,0.02109023944595155
2006-05-02,0.00650900176630189
2006-05-03,-0.0002714027193157324
2006-05-04,0.006404489441786499
2006-05-05,0.018488349159987507
2006-05-08,-0.006817630468642283
2006-05-09,0.008270003886747122
2006-05-10,0.004319597853432191
2006-05-11,0.009353089165683691
2006-05-12,0.003176930717204686
2006-05-15,0.01215903587488198
2006-05-16,-0.009670015351717805
2006-05-17,-0.005364719083580501
2006-05-18,0.0148371649399861
2006-05-19,-0.0036735554369010347
2006-05-22,0.012440904149609147
2006-05-23,0.0016732824273771423
2006-05-24,0.010303461497265987
2006-05-25,0.011119223441244483
2006-05-26,-0.0011990278528630147
2006-05-29,-0.009191435825849845
2006-05-30,0.01568952461402512
2006-05-31,0.017247775863711637
2006-06-01,-0.011921101183516629
2006-06-02,0.005618989962354302
2006-06-05,0.008472402833064139
2006-06-06,0.00398755843451272
2006-06-07,0.0025503218231469026
2006-06-08,0.019184687664185563
2006-06-09,-0.0038788026586679333
2006-06-12,0.005213525771787863
2006-06-13,-0.02954235493933028
2006-06-14,0.005485756478451658
2006-06-15,0.0008361544237745142
2006-06-16,0.016034060528821538
2006-06-19,-0.007694540707255226
2006-06-20,-0.021039652490792593
2006-06-21,0.009688120010697958
2006-06-22,0.010249586396725702
2006-06-23,0.0030426064355858727
2006-06-26,0.007936960069428536
2006-06-27,-0.026157182948498066
2006-06-28,-0.007369857079487348
2006-06-29,-0.021431263433716145
2006-06-30,0.01170252753880767
2006-07-03,-0.01800898692841605
2006-07-04,-0.010681960162325088
2006-07-05,-0.027260525002080253
2006-07-06,0.001353593602473467
2006-07-07,0.005156275538496957
2006-07-10,0.0005896191474638428
2006-07-11,-0.016746882403289788
2006-07-12,-0.017303056043126895
2006-07-13,-0.001323880883920485
2006-07-14,0.009125199505338907
2006-07-17,0.007837736964312454
2006-07-18,0.014552964730696043
2006-07-19,0.0026299142334722456
2006-07-20,0.011589655030647352
2006-07-21,0.0058915549557246975
2006-07-24,0.014415787058073958
2006-07-25,0.009584884085675184
2006-07-26,-0.035257964560856815
2006-07-27,0.003791826238379259
2006-07-28,-0.01564286861655518
2006-07-31,0.012862109997224565
2006-08-01,0.0197997993035725
2006-08-02,0.014379581214832795
2006-08-03,-0.009054038041610257
2006-08-04,0.0012609280994741907
2006-08-07,0.0005766777721090723
2006-08-08,0.0051800879957995365
2006-08-09,0.00554994021639902
2006-08-10,-0.006639430133924276
2006-08-11,-0.007496828657363223
2006-08-14,-0.004261193122830759
2006-08-15,-0.004831320293201415
2006-08-16,-0.017827160850384
2006-08-17,0.015194699949181014
2006-08-18,-0.018196507628740463
2006-08-21,0.013144477249061187
2006-08-22,0.010195334524866479
2006-08-23,0.002990364662967735
2006-08-24,0.01226150518507604
2006-08-25,-0.026419965177615405
2006-08-28,-0.0010689975581098209
2006-08-29,-0.0013007239112546587
2006-08-30,-0.0027341160967533223
2006-08-31,-0.01119397051642606
2006-09-01,-0.004239579761853282
2006-09-04,0.016590683169688474
2006-09-05,0.0073439065293186175
2006-09-06,0.006464129600937656
2006-09-07,-0.0017832841611375716
2006-09-08,0.01942389170518387
2006-09-11,-0.0010323289752505738
2006-09-12,0.017897158034822683
2006-09-13,-0.03689030128944757
2006-09-14,-0.003260696604355906
2006-09-15,0.006774013037289025
2006-09-18,0.009467067597720015
2006-09-19,-0.0023570083356899627
2006-09-20,-0.023818575189522406
2006-09-21,-0.0031791404743697245
2006-09-22,-0.0038453391016145776
2006-09-25,0.010412597958890336
2006-09-26,0.009646173628488908
2006-09-27,-0.00207949679870845
2006-09-28,-0.01680355287037172
2006-09-29,0.005346430255203309
2006-10-02,0.008264644101398148
2006-10-03,0.003653100723560978
2006-10-04,0.010115938323959628
2006-10-05,0.010804982305703592
2006-10-06,-0.0013919486683688295
2006-10-09,0.013988656023943039
2006-10-10,0.002424411897087142
2006-10-11,0.0019022213878548341
2006-10-12,0.00357671551888427
2006-10-13,-0.018989961514254042
2006-10-16,0.004778171559438615
2006-10-17,0.01390743689144177
2006-10-18,-0.009119026903738864
2006-10-19,0.010545362637238157
2006-10-20,0.008732175933857427
2006-10-23,0.013062882960183295
2006-10-24,0.0065703556241493155
2006-10-25,0.009241737447499964
2006-10-26,0.0028544270512292497
2006-10-27,-0.0027864637675423937
2006-10-30,-0.018201400898060577
2006-10-31,0.017199057317347673
2006-11-01,0.014151505060476542
2006-11-02,0.019206378421205456
2006-11-03,0.012504708414192217
2006-11-06,-0.012997670824270377
2006-11-07,0.01014472410406073
2006-11-08,0.013250603665782984
2006-11-09,-0.00558125726429793
2006-11-10,-0.01616594871749575
2006-11-13,-5.328851455098718e-05
2006-11-14,0.0013706039317833117
2006-11-15,-0.0077049652221853615
2006-11-16,0.00814794630941744
2006-11-17,0.00266738862923133
2006-11-20,-0.0006790293488117757
2006-11-21,0.009010003731450788
2006-11-22,-0.018793396337586817
2006-11-23,0.003161244767871472
2006-11-24,0.010525728357585395
2006-11-27,0.015377088943841556
2006-11-28,0.012703670126216468
2006-11-29,-0.058760374093763286
2006-11-30,-0.025596157953227075
2006-12-01,-0.013912754670446226
2006-12-04,0.017735340332253414
2006-12-05,-0.058883941796861676
2006-12-06,-0.00889054585887071
2006-12-07,0.013151526341511453
2006-12-08,0.003051238161848154
2006-12-11,-0.01053372632407669
2006-12-12,-0.023972295992196975
2006-12-13,-0.019038673040581724
2006-12-14,0.0127395192740554
2006-12-15,0.015342045658374307
2006-12-18,0.006615892535206877
2006-12-19,0.0070154309686758475
2006-12-20,0.00058948651122381
2006-12-21,-0.01001266923814284
2006-12-22,-0.010736272879994097
2006-12-25,0.017165498966510012
2006-12-26,0.006428761006031264
2006-12-27,0.009743023051245383
2006-12-28,-0.0018446256731506974
2006-12-29,0.003655005306516936
2007-01-01,0.01886410757369916
2007-01-02,-0.010269675506494914
2007-01-03,0.004397945569047851
2007-01-04,-0.017267425503273884
2007-01-05,0.00712572152877743
2007-01-08,0.010936019457112995
2007-01-09,0.018706937679641066
2007-01-10,0.0028368688193293745
2007-01-11,-0.008317650356240665
2007-01-12,0.015104405781195646
2007-01-15,-0.001206686117161647
2007-01-16,0.006145514126217208
2007-01-17,-0.0011868413792964945
2007-01-18,0.011379646287563397
2007-01-19,0.014902147054194008
2007-01-22,0.005275377936582011
2007-01-23,0.0025898546632511024
2007-01-24,0.01237937339185397
2007-01-25,0.012883795708746086
2007-01-26,-0.0035251801248093913
2007-01-29,0.01180338704806096
2007-01-30,-0.004057931014282399
2007-01-31,-0.0129207463064923
2007-02-01,0.005582006086990356
2007-02-02,0.015200868630973237
2007-02-05,0.004611067136555874
2007-02-06,-0.009924152695134691
2007-02-07,0.0003972295291345303
2007-02-08,-0.009482154940189835
2007-02-09,-0.021641932367179505
2007-02-12,0.01201238374074715
2007-02-13,0.003007209077874662
2007-02-14,0.002712073544558713
2007-02-15,0.020560087449518444
2007-02-16,0.009132572841006412
2007-02-19,0.006500080922857903
2007-02-20,-0.011044351606253944
2007-02-21,-0.006679934620192118
2007-02-22,-0.009476358341726547
2007-02-23,0.005551813663060654
2007-02-26,-0.001978706699730725
2007-02-27,-0.0068213700463856525
2007-02-28,0.0062584418929214625
2007-03-01,0.014787947424338966
2007-03-02,-0.006014834805454665
2007-03-05,0.011444136474925122
2007-03-06,0.013485346983414874
2007-03-07,-0.015713847060917677
2007-03-08,0.010965428615165276
2007-03-09,-0.03192461336932266
2007-03-12,-0.0026713352157651457
2007-03-13,-0.005250869468262344
2007-03-14,0.009467419653011757
2007-03-15,0.008077339325732378
2007-03-16,0.011905457928835106
2007-03-19,-0.0006352505988667032
2007-03-20,0.007440096132849936
2007-03-21,0.009453236369838441
2007-03-22,0.002396024618263177
2007-03-23,-0.0037981843317348198
2007-03-26,0.01942066884514666
2007-03-27,-0.007277006542736102
2007-03-28,-0.0027210824796250407
2007-03-29,-0.015252639932182323
2007-03-30,0.004378299494864801
2007-04-02,0.018872993734005056
2007-04-03,0.004961121097435732
2007-04-04,0.01696506249426475
2007-04-05,-0.018797485420920558
2007-04-06,0.005784024035542391
2007-04-09,0.02188083455560645
2007-04-10,0.001694284706106615
2007-04-11,0.017103505793307647
2007-04-12,-0.034974268991858
2007-04-13,-0.0016261777560255854
2007-04-16,0.016872774208259778
2007-04-17,0.0177220327413508
2007-04-18,-0.011799851328912238
2007-04-19,-0.005447595655185312
2007-04-20,-0.009638439075287698
2007-04-23,0.002508715210318705
2007-04-24,0.016094527902985517
2007-04-25,-0.0050153896206547345
2007-04-26,-0.007399211913556532
2007-04-27,0.0005633450048657014
2007-04-30,-0.009646892972477589
2007-05-01,-0.001300673240326091
2007-05-02,0.001184814579292405
2007-05-03,0.015977785214113444
2007-05-04,0.002829548395543058
2007-05-07,-0.0297459765340687
2007-05-08,0.014018231217883243
2007-05-09,-0.01247916838638017
2007-05-10,-0.03016354164345743
2007-05-11,0.013181724349440302
2007-05-14,0.012914998966497455
2007-05-15,-0.0051671457354910445
2007-05-16,-0.026123765789869066
2007-05-17,0.005365237954355961
2007-05-18,0.014932129116757061
2007-05-21,0.012491947616655065
2007-05-22,-0.007660675751488856
2007-05-23,0.011149529876896758
2007-05-24,-0.0002116898392151463
2007-05-25,0.005670240569023075
2007-05-28,0.01912401991121765
2007-05-29,0.01734270917662415
2007-05-30,-0.021167480354278706
2007-05-31,-0.010485312001689541
2007-06-01,0.004755262498727576
2007-06-04,-0.005576528386060951
2007-06-05,-0.018869274377857174
2007-06-06,0.013146898942387839
2007-06-07,0.002342717198288869
2007-06-08,0.010778599273841017
2007-06-11,-0.01019926896736574
2007-06-12,0.005045140521193273
2007-06-13,0.0018075263197800708
2007-06-14,-0.013358327092050391
2007-06-15,0.00701338216331442
2007-06-18,-0.0015592592178967045
2007-06-19,0.011824326554189753
2007-06-20,-0.004849331351124787
2007-06-21,-0.002737266538322375
2007-06-22,0.017703347656582574
2007-06-25,0.004428560354610402
2007-06-26,0.010714901331329485
2007-06-27,0.0010289891219389564
2007-06-28,0.008032281577256259
2007-06-29,-0.006709974741814992
2007-07-02,-0.020054623701518587
2007-07-03,0.01621262367074721
2007-07-04,-0.0018203867369669634
2007-07-05,-0.006273634245623237
2007-07-06,-0.0037575984753526817
2007-07-09,0.00342349417045755
2007-07-10,0.01271016709459798
2007-07-11,-0.03375050223002563
2007-07-12,0.014510237797960472
2007-07-13,0.009726078300557255
2007-07-16,-0.003068774174606055
2007-07-17,0.019866899697463757
2007-07-18,0.004459432611717624
2007-07-19,0.013569382754824751
2007-07-20,0.015917643360642907
2007-07-23,0.010800025350778985
2007-07-24,0.008922889307090554
2007-07-25,0.007780181039377665
2007-07-26,-0.02107231169964631
2007-07-27,-0.008935636824437723
2007-07-30,0.0015772454514703937
2007-07-31,-0.003502750602774503
2007-08-01,0.007726493760947133
2007-08-02,-0.0014607855537314522
2007-08-03,0.0003110868305551927
2007-08-06,0.009465050135041383
2007-08-07,-0.019727008241435147
2007-08-08,-0.0002516726889433725
2007-08-09,0.015386468461403456
2007-08-10,-0.014180967431779948
2007-08-13,0.009443898126689425
2007-08-14,0.006465755267559256
2007-08-15,0.008923142299416216
2007-08-16,-0.007330879514704104
2007-08-17,0.010485367229308833
2007-08-20,0.011193338362326919
2007-08-21,-0.011070230213652443
2007-08-22,0.011198671070013358
2007-08-23,0.006534664582525294
2007-08-24,0.006619331094396511
2007-08-27,0.004004607665684293
2007-08-28,0.012149865672599316
2007-08-29,0.01338414056259148
2007-08-30,0.0052926978598880105
2007-08-31,0.007029873854666
2007-09-03,0.01880667043610952
2007-09-04,-0.029068789158184824
2007-09-05,0.009502176310743144
2007-09-06,-0.019009135335800488
2007-09-07,0.007407075631184413
2007-09-10,-0.02406459513002132
2007-09-11,-0.022570446050031445
2007-09-12,0.01456825254134549
2007-09-13,0.0023112586721546063
2007-09-14,-0.012630971594048482
2007-09-17,0.011677983997635808
2007-09-18,-0.006700434603553067
2007-09-19,0.013236025479469558
2007-09-20,0.008074381417509727
2007-09-21,0.01737981897318787
2007-09-24,0.014492067117465354
2007-09-25,0.015581683937329099
2007-09-26,-0.008848512471111201
2007-09-27,0.01468836910840372
2007-09-28,0.012494451873842696
2007-10-01,-0.04277247482790978
2007-10-02,0.012353736887348487
2007-10-03,0.0003967963462356075
2007-10-04,-0.014272714045063042
2007-10-05,-0.006093529261513873
2007-10-08,0.01931412514589279
2007-10-09,0.00028000637784720075
2007-10-10,0.0018065387063861682
2007-10-11,0.007652560379973125
2007-10-12,-0.0077013760435517414
2007-10-15,0.01324463673485077
2007-10-16,-0.010064394940693944
2007-10-17,0.0031481920121701895
2007-10-18,0.015709300110992464
2007-10-19,0.002103072173240038
2007-10-22,0.011868581739278612
2007-10-23,-0.007179460860617749
2007-10-24,-0.0016772787099919063
2007-10-25,-7.165476829492506e-06
2007-10-26,0.002688234225867458
2007-10-29,0.010694856946501675
2007-10-30,-0.034262919734076566
2007-10-31,-0.04160432339955856
2007-11-01,-0.0049246885159828085
2007-11-02,0.01589714447101365
2007-11-05,0.010794002732554845
2007-11-06,-0.008423450503142013
2007-11-07,-0.004493519733310608
2007-11-08,-0.0006093233213546288
2007-11-09,0.0073753460389996105
2007-11-12,0.01384023446104598
2007-11-13,-0.008729062817952105
2007-11-14,-0.01390011886128191
2007-11-15,0.011808744229544584
2007-11-16,-0.020585972236900438
2007-11-19,0.00936650865836772
2007-11-20,-0.021686657481396192
2007-11-21,0.007272274592117687
2007-11-22,-0.0008583975457758034
2007-11-23,0.014801863159842152
2007-11-26,0.0096469293128531
2007-11-27,0.006942900033495621
2007-11-28,-0.011940332873281098
2007-11-29,-0.012412002178718677
2007-11-30,0.013431689697251907
2007-12-03,0.012507470110759582
2007-12-04,0.010904923445650068
2007-12-05,0.013482851725351718
2007-12-06,-0.0005896401857498346
2007-12-07,-0.015096448508899754
2007-12-10,0.006172417333958971
2007-12-11,-0.0003784421550828247
2007-12-12,-0.0003437808978537342
2007-12-13,-0.0025459061986340265
2007-12-14,0.013853741350639664
2007-12-17,-0.0019767121928652327
2007-12-18,0.004833108776961099
2007-12-19,0.01800062549733465
2007-12-20,-0.01094225526187026
2007-12-21,6.201117149980118e-05
2007-12-24,0.01079225387249656
2007-12-25,-3.362128497022207e-05
2007-12-26,-0.0022790926621005132
2007-12-27,0.003159333116871634
2007-12-28,-0.020578131133595995
2007-12-31,0.022617790530673695
2008-01-01,0.005876696525386638
2008-01-02,-0.005167598914901404
2008-01-03,-0.016626060707468027
2008-01-04,-0.005923776360097784
2008-01-07,-0.021391989560081356
2008-01-08,-0.029942069821271018
2008-01-09,-0.019048748971431807
2008-01-10,-0.0016074004846694488
2008-01-11,-0.015737420719232405
2008-01-14,0.007461149248161894
2008-01-15,0.003379128574146059
2008-01-16,-0.006143234938809236
2008-01-17,0.004278768000140973
2008-01-18,-0.01114349272027551
2008-01-21,0.001877173439560672
2008-01-22,0.015950195131820295
2008-01-23,-0.0052441095338703995
2008-01-24,0.005297545005234456
2008-01-25,0.011620340122089873
2008-01-28,0.020654707000305805
2008-01-29,0.017507472302331656
2008-01-30,0.004267077254052586
2008-01-31,0.0013194948984665798
2008-02-01,0.012196995738363171
2008-02-04,0.01861961664952706
2008-02-05,-0.00647753072938799
2008-02-06,0.01615860186339129
2008-02-07,0.009639840462892523
2008-02-08,0.0019910990735898595
2008-02-11,-0.014188329367558386
2008-02-12,-0.021263717449120485
2008-02-13,0.005475406880316454
2008-02-14,-0.0006962813713100764
2008-02-15,-0.002367799457888717
2008-02-18,0.016465395328876243
2008-02-19,-0.016049673819155737
2008-02-20,0.006375106314391376
2008-02-21,0.0050251138385848
2008-02-22,-0.028740367879631766
2008-02-25,0.007384780216794146
2008-02-26,-0.011908667152700003
2008-02-27,0.010164505191125522
2008-02-28,0.010510953193888622
2008-02-29,0.0049597190513501165
2008-03-03,0.00023155384618713318
2008-03-04,0.004878345894627392
2008-03-05,-0.0013142179386807402
2008-03-06,0.004741390426339181
2008-03-07,0.002766166030414574
2008-03-10,-0.015565891788313697
2008-03-11,0.011414315098068957
2008-03-12,0.0016566800097025103
2008-03-13,0.012379720058970024
2008-03-14,0.004686223234534392
2008-03-17,0.01703263027004627
2008-03-18,0.02022032341720334
2008-03-19,-0.0010758329293729663
2008-03-20,0.014415685877566198
2008-03-21,0.010877151574906742
2008-03-24,0.016215585480509675
2008-03-25,0.006203623412913112
2008-03-26,-0.009655638768504227
2008-03-27,-0.000160516723477451
2008-03-28,-0.004422706154279546
2008-03-31,0.01669325951958657
2008-04-01,-0.006943955239156072
2008-04-02,-0.022449960783340543
2008-04-03,-0.04336301607540729
2008-04-04,-0.01128750257533307
2008-04-07,0.006511889278117598
2008-04-08,-0.001193226689633252
2008-04-09,0.006956500118526141
2008-04-10,0.005263307134352101
2008-04-11,0.011594691577037389
2008-04-14,0.007185191250959216
2008-04-15,-0.0031073046137524395
2008-04-16,0.0059222459537790866
2008-04-17,-0.002851720729091102
2008-04-18,-0.023878088464441068
2008-04-21,0.01150231370336473
2008-04-22,-0.054225927629709854
2008-04-23,-0.008276078591279226
2008-04-24,-0.00951586707820537
2008-04-25,0.004460661064790983
2008-04-28,0.02220743047672518
2008-04-29,0.0035185975484872227
2008-04-30,0.010136099217366735
2008-05-01,-0.003459318516158931
2008-05-02,-0.00044834468135283856
2008-05-05,0.007369040423789094
2008-05-06,-0.004255658521302216
2008-05-07,-0.012653622992856751
2008-05-08,0.009507626044428615
2008-05-09,0.014909919277081221
2008-05-12,-0.003785097726527707
2008-05-13,0.0074101770686162555
2008-05-14,0.003489634346845797
2008-05-15,-0.012414589515135542
2008-05-16,0.000311143160697136
2008-05-19,-0.011830393253187348
2008-05-20,0.009296466808776774
2008-05-21,-0.008561600152702652
2008-05-22,0.01057768190755234
2008-05-23,0.005806560076476161
2008-05-26,0.015440328378731393
2008-05-27,0.0069766084150714
2008-05-28,0.0007812831977376221
2008-05-29,-0.0016863832633572974
2008-05-30,0.009047880857839644
2008-06-02,-0.00828775158486058
2008-06-03,0.00404818645008528
2008-06-04,-0.027215659157844553
2008-06-05,0.0006483786943633531
2008-06-06,-0.004435387517681931
2008-06-09,-0.004492064111072117
2008-06-10,0.0026169193426543204
2008-06-11,-0.026855715476653365
2008-06-12,0.00838627933309468
2008-06-13,-0.004030692894530709
2008-06-16,0.014042371570623552
2008-06-17,-0.017344684962645948
2008-06-18,-0.003370931890394436
2008-06-19,-0.0017445978363553015
2008-06-20,0.010285255798587103
2008-06-23,0.00562078968525306
2008-06-24,0.0015609695201902925
2008-06-25,-0.004966134264200391
2008-06-26,-0.016795884129539543
2008-06-27,0.014571500763702557
2008-06-30,0.011117724819584182
2008-07-01,-0.01939908674867291
2008-07-02,0.01580236554654653
2008-07-03,0.013221841309734405
2008-07-04,0.016904750790215577
2008-07-07,-0.011166623138300039
2008-07-08,0.00994178786678545
2008-07-09,-0.008592103349697303
2008-07-10,0.01084061288820213
2008-07-11,-0.002243010866165681
2008-07-14,0.012182721629195446
2008-07-15,0.01878763057705422
2008-07-16,-0.005861232275654056
2008-07-17,-0.005019942342694393
2008-07-18,0.013500070003642757
2008-07-21,0.004071528686615113
2008-07-22,0.0028239972989188254
2008-07-23,0.003970178710966169
2008-07-24,-0.011408253155067542
2008-07-25,0.014181314683382724
2008-07-28,0.015154313520650886
2008-07-29,0.01029336914834506
2008-07-30,0.008001903245653377
2008-07-31,0.01192138778988882
2008-08-01,0.0022442848600674123
2008-08-04,-0.021178336777418386
2008-08-05,-0.00734034000346135
2008-08-06,0.014157633624497259
2008-08-07,0.0071121753325674684
2008-08-08,0.00881340072025643
2008-08-11,0.004554114285348323
2008-08-12,0.011111021322905996
2008-08-13,0.008569312910999487
2008-08-14,-0.01533255433886889
2008-08-15,0.0015242708246781048
2008-08-18,-0.008375046000605582
2008-08-19,0.0027257052382226865
2008-08-20,0.01204318546854678
2008-08-21,-0.01125229737948305
2008-08-22,-0.009306418564815434
2008-08-25,-0.01118561310034591
2008-08-26,0.01609972162798641
2008-08-27,-0.0028029656965021348
2008-08-28,0.01807752410493094
2008-08-29,0.004071171548084927
2008-09-01,0.0004303603973819653
2008-09-02,-0.006752987095728545
2008-09-03,0.007578702841481374
2008-09-04,0.010517359899722866
2008-09-05,0.006313825619458556
2008-09-08,0.0019147629951589522
2008-09-09,0.005649549113892687
2008-09-10,-0.008480070201412643
2008-09-11,0.0032657026216168783
2008-09-12,-0.0020429810418247513
2008-09-15,0.0025260595267417377
2008-09-16,-0.006767335056131467
2008-09-17,-0.014578263538443104
2008-09-18,0.004805437991979519
2008-09-19,0.008992511221582022
2008-09-22,-0.017297547535528826
2008-09-23,-0.011975453855904122
2008-09-24,0.0010426678233201349
2008-09-25,-0.005038783531252207
2008-09-26,-0.003542234244006591
2008-09-29,0.014985399233933713
2008-09-30,-0.011380252567758632
2008-10-01,0.01694511582969353
2008-10-02,0.016981994749309594
2008-10-03,0.005304754032156488
2008-10-06,-0.017193509500840372
2008-10-07,-0.009548843451041372
2008-10-08,0.009173146248096144
2008-10-09,-0.0002909143342884092
2008-10-10,-1.6008179928257704e-05
2008-10-13,-0.0023153025646194744
2008-10-14,0.00022551248088743814
2008-10-15,0.017669398637598945
2008-10-16,0.013499034516439625
2008-10-17,-0.0009260509445059052
2008-10-20,0.012948326090412052
2008-10-21,-0.011450291742704538
2008-10-22,-0.028758517097977214
2008-10-23,-0.02573763223518427
2008-10-24,0.001505548473681572
2008-10-27,-0.005595731727047089
2008-10-28,0.0003912154311211877
2008-10-29,-0.00542437801916229
2008-10-30,-0.001458287990187438
2008-10-31,0.01482835767935356
2008-11-03,0.009380120084152052
2008-11-04,0.012692331210958982
2008-11-05,0.00570756627526417
2008-11-06,0.00106011964502703
2008-11-07,0.0044331909890138466
2008-11-10,-0.0028879630315598766
2008-11-11,-0.010119493394492397
2008-11-12,0.004017448690059246
2008-11-13,-0.02099524555774758
2008-11-14,0.0023206368003988453
2008-11-17,0.0030371699213122827
2008-11-18,0.006285795753738159
2008-11-19,-0.01822035554312132
2008-11-20,-0.004554516003182629
2008-11-21,0.009272559452879615
2008-11-24,-0.0007813496589352542
2008-11-25,0.011100651818625483
2008-11-26,-0.0167437493768363
2008-11-27,0.008940718026733852
2008-11-28,-0.01336853063636411
2008-12-01,0.013211191913058556
2008-12-02,0.012962842104103983
2008-12-03,0.0208230917911575
2008-12-04,-0.007425378730191175
2008-12-05,-0.00428995138114455
2008-12-08,-0.0068185201882647525
2008-12-09,0.016145761285999802
2008-12-10,-0.0016644538286748958
2008-12-11,0.011204487357802625
2008-12-12,-0.006715907849086614
2008-12-15,0.01628498417815849
2008-12-16,-0.001141132856533198
2008-12-17,0.0012073809994767315
2008-12-18,0.002094348175270263
2008-12-19,-0.0006278572492024806
2008-12-22,-0.014628015804801824
2008-12-23,0.005581012592543216
2008-12-24,0.005008966177543643
2008-12-25,0.010282337071854539
2008-12-26,-0.009310563416896539
2008-12-29,0.01070609258584957
2008-12-30,0.012640292502054767
2008-12-31,0.008378606121314428
2009-01-01,0.005962355321557984
2009-01-02,-0.01639948701968546
2009-01-05,0.012704385947804146
2009-01-06,0.006515950685231853
2009-01-07,0.018041848133739293
2009-01-08,0.0033399660118490562
2009-01-09,-0.027335310345236584
2009-01-12,-0.003787196156009247
2009-01-13,0.016644528482065414
2009-01-14,0.0047278455064259164
2009-01-15,0.014669075602604095
2009-01-16,-0.0034831178846870432
2009-01-19,0.00882367640720473
2009-01-20,-0.004336519897755495
2009-01-21,-0.001147750509157379
2009-01-22,0.008506450072840236
2009-01-23,-0.007240350515335031
2009-01-26,-0.015228198599632772
2009-01-27,-0.019888678003042726
2009-01-28,0.014307520489080353
2009-01-29,0.0018332529401359626
2009-01-30,0.01060898068216234
2009-02-02,-0.005568828796219706
2009-02-03,-0.019177646396276525
2009-02-04,0.011915266590006293
2009-02-05,-0.017976346785124893
2009-02-06,0.008395917961508102
2009-02-09,-0.0023708229789860674
2009-02-10,-0.011573029107627024
2009-02-11,0.004467886999610017
2009-02-12,-0.007515862482253617
2009-02-13,0.012371998601112344
2009-02-16,0.015088651755716893
2009-02-17,0.008282031255886738
2009-02-18,0.013834063938628804
2009-02-19,0.017577049974574984
2009-02-20,0.020411575364973338
2009-02-23,0.0027431226349652962
2009-02-24,0.0050454203082835394
2009-02-25,0.00982678066482625
2009-02-26,0.010840552063784068
2009-02-27,0.017523800485907085
2009-03-02,-0.007436141715042921
2009-03-03,0.012247083263238366
2009-03-04,-0.008526985499701344
2009-03-05,-0.013596492957484975
2009-03-06,0.007157213404558653
2009-03-09,0.0012170087377186417
2009-03-10,-0.01675070835017558
2009-03-11,0.009910402709689393
2009-03-12,-0.006816513922011887
2009-03-13,0.0043396899487968404
2009-03-16,0.013961074710284575
2009-03-17,-0.010238733267739282
2009-03-18,0.01875155521916601
2009-03-19,0.002689660846168569
2009-03-20,0.02046044357247868
2009-03-23,-0.018622473647820964
2009-03-24,-0.002120082041953124
2009-03-25,-0.015484058237979721
2009-03-26,-0.012199878066987982
2009-03-27,0.008687361712718191
2009-03-30,0.012332916841146076
2009-03-31,-0.012786255483492034
2009-04-01,0.01632181528113369
2009-04-02,0.007222924187137464
2009-04-03,0.014601589996595332
2009-04-06,-0.013977198111014576
2009-04-07,0.0043118951504006915
2009-04-08,-0.004155641913627144
2009-04-09,0.013289461032970422
2009-04-10,0.007352125353053674
2009-04-13,0.0038538760428498686
2009-04-14,0.011676076026308617
2009-04-15,0.002328080534052788
2009-04-16,0.007629648310662186
2009-04-17,0.011909596618787157
2009-04-20,0.012538906766440608
2009-04-21,-0.012678268432721143
2009-04-22,-0.011207599512121219
2009-04-23,-0.03363036817725452
2009-04-24,0.001429600177929688
2009-04-27,-0.008583789588777278
2009-04-28,0.008586287586124647
2009-04-29,-0.004066613411327257
2009-04-30,0.012442300967787265
2009-05-01,0.00435484061303338
2009-05-04,-0.02210069552895829
2009-05-05,0.009744367701924883
2009-05-06,-0.008601507909445798
2009-05-07,-0.007268010506597228
2009-05-08,0.00558897060609
2009-05-11,0.003643452915881598
2009-05-12,0.0062872284273436
2009-05-13,-0.01309800591212587
2009-05-14,0.019361628743400146
2009-05-15,0.010751043585727243
2009-05-18,-0.0076521345515509695
2009-05-19,-0.027235923777516484
2009-05-20,-0.009459680350549213
2009-05-21,0.006669340834648388
2009-05-22,-0.0073509408645234045
2009-05-25,0.009303037466049331
2009-05-26,0.011232898150900037
2009-05-27,0.0023913242981007526
2009-05-28,-0.008352021639536036
2009-05-29,0.014569134990166651
2009-06-01,0.014124457996590633
2009-06-02,0.00039721301328944636
2009-06-03,-0.04443284136231026
2009-06-04,-0.0062706898420945775
2009-06-05,-0.01647601158399766
2009-06-08,0.011909130526367745
2009-06-09,0.010435744176195803
2009-06-10,0.004811098152908266
2009-06-11,0.004088618102662131
2009-06-12,0.014651029022063061
2009-06-15,0.003260582591367165
2009-06-16,0.0011904441287253417
2009-06-17,0.011670657416348689
2009-06-18,0.010579809391421823
2009-06-19,-0.01289380999040967
2009-06-22,0.016624964465511653
2009-06-23,0.0007465818151417905
2009-06-24,0.016953219890758785
2009-06-25,-0.04158873384649985
2009-06-26,0.011896339957241363
2009-06-29,-0.00022239604026895107
2009-06-30,-0.008775431402052114
2009-07-01,0.013260844696194107
2009-07-02,-0.0037876361505812355
2009-07-03,0.011517050145945206
2009-07-06,-0.023506033631024825
2009-07-07,0.016557338946791164
2009-07-08,0.009986804691209047
2009-07-09,0.004562988092589523
2009-07-10,-0.022990320662813063
2009-07-13,0.009235552841663757
2009-07-14,0.007331675407586873
2009-07-15,0.0013182614359081059
2009-07-16,0.005731966999037191
2009-07-17,-0.00010783133890656174
2009-07-20,-0.010510891143150375
2009-07-21,0.014350966834587675
2009-07-22,-0.015154619070235492
2009-07-23,0.0016563840492880705
2009-07-24,-0.0076081099483569364
2009-07-27,-0.005367353113947815
2009-07-28,0.019817264519568067
2009-07-29,-0.023510120192086113
2009-07-30,-0.01391839258144581
2009-07-31,0.014109777378407318
